,sequence,guess
0,"['PRON', 'VERB', 'VERB']",zhs_ud
1,"['ADJ', 'NOUN', 'ADP']",zhs_ud
2,"['PROPN', 'PROPN', 'PUNCT']",en_ud
3,"['DET', 'NOUN', 'CCONJ']",en_ud
4,"['VERB', 'DET', 'NOUN']",zhs_ud
5,"['NOUN', 'ADP', 'DET']",zhs_ud
6,"['NOUN', 'PUNCT', 'CCONJ']",zhs_ud
7,"['DET', 'VERB', 'ADJ']",en_ud
8,"['ADP', 'DET', 'NOUN']",en_ud
9,"['ADJ', 'NOUN', 'ADP']",zhs_ud
10,"['CCONJ', 'ADV', 'VERB']",en_ud
11,"['NOUN', 'PUNCT', '_']",zhs_ud
12,"['NOUN', 'CCONJ', 'ADV']",zhs_ud
13,"['ADJ', 'NOUN', 'CCONJ']",zhs_ud
14,"['PRON', 'PRON', 'VERB']",en_ud
15,"['VERB', 'PRON', 'PRON']",zhs_ud
16,"['NOUN', 'PUNCT', 'PRON']",zhs_ud
17,"['ADV', 'ADJ', 'PUNCT']",zhs_ud
18,"['PROPN', 'PROPN', 'PUNCT']",en_ud
19,"['NOUN', 'ADP', 'DET']",zhs_ud
20,"['ADJ', 'NOUN', 'NOUN']",zhs_ud
21,"['ADP', 'DET', 'NOUN']",en_ud
22,"['NOUN', 'VERB', 'ADV']",zhs_ud
23,"['NOUN', 'ADP', 'DET']",zhs_ud
24,"['ADJ', 'NOUN', 'PUNCT']",zhs_ud
25,"['VERB', 'DET', 'PROPN']",zhs_ud
26,"['ADV', 'PUNCT', 'NOUN']",zhs_ud
27,"['VERB', 'ADP', 'VERB']",zhs_ud
28,"['DET', 'DET', 'NOUN']",en_ud
29,"['ADP', 'DET', 'ADJ']",en_ud
30,"['ADJ', 'NOUN', 'PUNCT']",zhs_ud
31,"['_', '_', '_']",zhs_ud
32,"['VERB', 'NOUN', 'ADV']",zhs_ud
33,"['VERB', 'DET', 'NOUN']",zhs_ud
34,"['ADV', 'PUNCT', 'ADP']",zhs_ud
35,"['ADP', 'DET', 'NOUN']",en_ud
36,"['PROPN', 'PUNCT', 'PRON']",en_ud
37,"['VERB', 'ADP', 'NUM']",zhs_ud
38,"['VERB', 'PRON', 'NOUN']",zhs_ud
39,"['ADJ', 'CCONJ', 'AUX']",en_ud
40,"['DET', 'ADJ', 'PUNCT']",en_ud
41,"['PROPN', 'PROPN', 'CCONJ']",en_ud
42,"['VERB', 'DET', 'NOUN']",zhs_ud
43,"['VERB', 'DET', 'NOUN']",zhs_ud
44,"['NOUN', 'NOUN', 'PRON']",zhs_ud
45,"['DET', 'NOUN', 'NOUN']",en_ud
46,"['NOUN', 'ADP', 'DET']",zhs_ud
47,"['NOUN', 'CCONJ', 'ADP']",zhs_ud
48,"['ADV', 'PUNCT', 'CCONJ']",zhs_ud
49,"['ADJ', 'ADJ', 'ADP']",en_ud
50,"['VERB', 'NOUN', 'PUNCT']",zhs_ud
51,"['VERB', 'PUNCT', 'DET']",zhs_ud
52,"['ADJ', 'NOUN', 'ADP']",zhs_ud
53,"['NOUN', 'ADP', 'PRON']",zhs_ud
54,"['PROPN', 'PROPN', 'PUNCT']",en_ud
55,"['ADP', 'DET', 'PROPN']",en_ud
56,"['PUNCT', 'NOUN', 'NOUN']",zhs_ud
57,"['VERB', 'DET', 'NOUN']",zhs_ud
58,"['NOUN', 'VERB', 'ADJ']",zhs_ud
59,"['NOUN', 'NOUN', 'VERB']",zhs_ud
60,"['PROPN', 'PROPN', 'PUNCT']",en_ud
61,"['ADP', 'ADJ', 'NOUN']",en_ud
62,"['ADJ', 'ADP', 'NUM']",en_ud
63,"['NOUN', 'VERB', 'DET']",zhs_ud
64,"['NOUN', 'CCONJ', 'NOUN']",zhs_ud
65,"['VERB', 'ADP', 'PRON']",zhs_ud
66,"['VERB', 'DET', 'NOUN']",zhs_ud
67,"['DET', 'ADJ', 'ADJ']",en_ud
68,"['NOUN', 'PUNCT', 'ADP']",zhs_ud
69,"['ADP', 'NOUN', 'ADP']",en_ud
70,"['NUM', 'ADP', 'DET']",zhs_ud
71,"['ADJ', 'NOUN', 'PUNCT']",zhs_ud
72,"['VERB', 'VERB', 'ADP']",zhs_ud
73,"['NOUN', 'CCONJ', 'PRON']",zhs_ud
74,"['DET', 'NOUN', 'PART']",en_ud
75,"['VERB', 'NOUN', 'ADP']",zhs_ud
76,"['PRON', 'VERB', 'ADJ']",zhs_ud
77,"['VERB', 'PART', 'VERB']",zhs_ud
78,"['VERB', 'NOUN', 'PUNCT']",zhs_ud
79,"['NOUN', 'PUNCT', 'ADV']",zhs_ud
80,"['ADJ', 'ADP', 'NOUN']",en_ud
81,"['ADV', 'VERB', 'ADP']",zhs_ud
82,"['ADJ', 'ADJ', 'NOUN']",en_ud
83,"['NOUN', 'PUNCT', 'CCONJ']",zhs_ud
84,"['VERB', 'PART', 'VERB']",zhs_ud
85,"['VERB', 'VERB', 'ADV']",zhs_ud
86,"['PROPN', 'PROPN', 'PUNCT']",en_ud
87,"['ADP', 'PRON', 'VERB']",en_ud
88,"['ADJ', 'NOUN', 'ADP']",zhs_ud
89,"['VERB', 'PUNCT', 'PROPN']",zhs_ud
90,"['PRON', 'NOUN', 'ADP']",zhs_ud
91,"['VERB', 'VERB', 'ADP']",zhs_ud
92,"['ADV', 'PRON', 'VERB']",zhs_ud
93,"['VERB', 'ADP', 'DET']",zhs_ud
94,"['NOUN', 'PRON', 'VERB']",zhs_ud
95,"['ADJ', 'NOUN', 'PRON']",zhs_ud
96,"['NOUN', 'VERB', 'VERB']",zhs_ud
97,"['PRON', 'ADV', 'VERB']",zhs_ud
98,"['NOUN', 'ADP', 'DET']",zhs_ud
99,"['NOUN', 'ADP', 'PRON']",zhs_ud
100,"['VERB', 'ADV', 'PRON']",zhs_ud
101,"['VERB', 'ADV', 'ADP']",zhs_ud
102,"['DET', 'NOUN', 'ADV']",en_ud
103,"['ADV', 'ADJ', 'NOUN']",zhs_ud
104,"['NOUN', 'PUNCT', '_']",zhs_ud
105,"['NOUN', 'PART', 'VERB']",zhs_ud
106,"['VERB', 'PART', 'VERB']",zhs_ud
107,"['VERB', 'VERB', 'ADP']",zhs_ud
108,"['NOUN', 'VERB', 'NUM']",zhs_ud
109,"['VERB', 'ADP', 'DET']",zhs_ud
110,"['ADP', 'DET', 'PROPN']",en_ud
111,"['VERB', 'DET', 'NOUN']",zhs_ud
112,"['PROPN', 'NOUN', 'PUNCT']",zhs_ud
113,"['PRON', 'ADP', 'PRON']",en_ud
114,"['PROPN', 'PROPN', 'PUNCT']",en_ud
115,"['NOUN', 'PUNCT', 'ADV']",zhs_ud
116,"['NOUN', 'PUNCT', 'PRON']",zhs_ud
117,"['DET', 'PROPN', 'PUNCT']",en_ud
118,"['VERB', 'DET', 'NOUN']",zhs_ud
119,"['VERB', 'ADP', 'DET']",zhs_ud
120,"['NOUN', 'ADP', 'DET']",zhs_ud
121,"['PUNCT', 'PRON', 'VERB']",en_ud
122,"['DET', 'VERB', 'ADV']",en_ud
123,"['VERB', 'PART', 'VERB']",zhs_ud
124,"['VERB', 'VERB', 'NOUN']",zhs_ud
125,"['ADP', 'DET', 'NOUN']",en_ud
126,"['VERB', 'ADV', 'VERB']",zhs_ud
127,"['VERB', 'PUNCT', 'PROPN']",zhs_ud
128,"['VERB', 'PART', 'VERB']",zhs_ud
129,"['ADJ', 'NOUN', 'PUNCT']",zhs_ud
130,"['VERB', 'DET', 'NOUN']",zhs_ud
131,"['NOUN', 'ADP', 'ADV']",zhs_ud
132,"['VERB', 'DET', 'ADJ']",zhs_ud
133,"['VERB', 'NOUN', 'PUNCT']",zhs_ud
134,"['VERB', 'NOUN', 'ADP']",zhs_ud
135,"['ADV', 'ADJ', 'ADP']",zhs_ud
136,"['VERB', 'DET', 'NOUN']",zhs_ud
137,"['ADV', 'ADJ', 'NOUN']",zhs_ud
138,"['ADJ', 'NOUN', 'CCONJ']",zhs_ud
139,"['VERB', 'ADV', 'ADJ']",zhs_ud
140,"['NOUN', 'ADJ', 'NOUN']",zhs_ud
141,"['ADP', 'VERB', 'DET']",en_ud
142,"['NOUN', 'PART', 'VERB']",zhs_ud
143,"['NOUN', 'ADP', 'ADJ']",zhs_ud
144,"['NUM', 'NOUN', 'PUNCT']",zhs_ud
145,"['VERB', 'PART', 'ADP']",zhs_ud
146,"['PART', 'VERB', 'ADP']",zhs_ud
147,"['NOUN', 'ADP', 'DET']",zhs_ud
148,"['VERB', 'VERB', 'VERB']",zhs_ud
149,"['ADP', 'DET', 'NOUN']",en_ud
150,"['PART', 'VERB', 'PUNCT']",zhs_ud
151,"['PART', 'PUNCT', 'PRON']",zhs_ud
152,"['ADV', 'PRON', 'VERB']",zhs_ud
153,"['VERB', 'ADJ', 'PUNCT']",zhs_ud
154,"['VERB', 'ADP', 'PRON']",zhs_ud
155,"['NOUN', 'VERB', 'ADV']",zhs_ud
156,"['NOUN', 'PART', 'VERB']",zhs_ud
157,"['ADJ', 'NOUN', 'PUNCT']",zhs_ud
158,"['ADP', 'DET', 'NOUN']",en_ud
159,"['PROPN', 'PUNCT', 'PRON']",en_ud
160,"['ADJ', 'NOUN', 'ADV']",zhs_ud
161,"['ADV', 'ADJ', 'PUNCT']",zhs_ud
162,"['NOUN', 'VERB', 'PUNCT']",zhs_ud
163,"['NOUN', 'NOUN', 'PUNCT']",zhs_ud
164,"['NOUN', 'ADV', 'ADP']",zhs_ud
165,"['ADV', 'VERB', 'DET']",zhs_ud
166,"['NOUN', 'DET', 'VERB']",zhs_ud
167,"['DET', 'NOUN', 'ADV']",en_ud
168,"['DET', 'ADJ', 'ADP']",en_ud
169,"['PART', 'VERB', 'NOUN']",zhs_ud
170,"['VERB', 'ADV', 'ADJ']",zhs_ud
171,"['DET', 'NOUN', 'PUNCT']",en_ud
172,"['VERB', 'PART', 'VERB']",zhs_ud
173,"['PRON', 'VERB', 'VERB']",zhs_ud
174,"['NOUN', 'PUNCT', 'PROPN']",zhs_ud
175,"['PUNCT', 'CCONJ', 'DET']",en_ud
176,"['DET', 'NOUN', 'PUNCT']",en_ud
177,"['ADP', 'DET', 'NOUN']",en_ud
178,"['NOUN', 'PUNCT', 'PRON']",zhs_ud
179,"['NOUN', 'VERB', 'PRON']",zhs_ud
180,"['VERB', 'VERB', 'ADP']",zhs_ud
181,"['ADV', 'ADJ', 'ADP']",zhs_ud
182,"['VERB', 'ADJ', 'PUNCT']",zhs_ud
183,"['VERB', 'VERB', 'ADJ']",zhs_ud
184,"['VERB', 'VERB', 'ADV']",zhs_ud
185,"['NOUN', 'PUNCT', 'PRON']",zhs_ud
186,"['PRON', 'VERB', 'DET']",zhs_ud
187,"['NOUN', 'ADP', 'ADV']",zhs_ud
188,"['NOUN', 'NOUN', 'NOUN']",zhs_ud
189,"['ADJ', 'PROPN', 'VERB']",en_ud
190,"['DET', 'NOUN', 'ADV']",en_ud
191,"['ADV', 'VERB', 'CCONJ']",zhs_ud
192,"['DET', 'NOUN', 'PUNCT']",en_ud
193,"['ADV', 'VERB', 'NOUN']",zhs_ud
194,"['VERB', 'VERB', 'DET']",zhs_ud
195,"['ADV', 'PUNCT', 'PRON']",zhs_ud
196,"['VERB', 'VERB', 'ADJ']",zhs_ud
197,"['DET', 'VERB', 'VERB']",en_ud
198,"['DET', 'VERB', 'ADV']",en_ud
199,"['VERB', 'VERB', 'PUNCT']",zhs_ud
200,"['NOUN', 'CCONJ', 'VERB']",zhs_ud
201,"['DET', 'DET', 'ADJ']",en_ud
202,"['NOUN', 'PUNCT', 'PRON']",zhs_ud
203,"['NOUN', 'PUNCT', 'PRON']",zhs_ud
204,"['NOUN', 'PART', 'ADV']",zhs_ud
205,"['VERB', 'DET', 'NOUN']",zhs_ud
206,"['VERB', 'NOUN', 'VERB']",zhs_ud
207,"['ADP', 'PRON', 'VERB']",en_ud
208,"['DET', 'ADJ', 'NOUN']",en_ud
209,"['ADP', 'PRON', 'PUNCT']",en_ud
210,"['PRON', 'VERB', 'ADV']",zhs_ud
211,"['NOUN', 'ADP', 'NOUN']",zhs_ud
212,"['ADP', 'DET', 'ADJ']",en_ud
213,"['ADV', 'VERB', 'DET']",zhs_ud
214,"['VERB', 'VERB', 'CCONJ']",zhs_ud
215,"['ADV', 'ADJ', 'PUNCT']",zhs_ud
216,"['VERB', 'ADP', 'NOUN']",zhs_ud
217,"['PRON', 'VERB', 'VERB']",zhs_ud
218,"['ADP', 'NOUN', 'DET']",en_ud
219,"['NOUN', 'PUNCT', 'INTJ']",zhs_ud
220,"['VERB', 'VERB', 'DET']",zhs_ud
221,"['NOUN', 'PART', 'VERB']",zhs_ud
222,"['VERB', 'PART', 'VERB']",zhs_ud
223,"['VERB', 'DET', 'NOUN']",zhs_ud
224,"['VERB', 'NOUN', 'ADP']",zhs_ud
225,"['NOUN', 'NOUN', 'ADP']",zhs_ud
226,"['PROPN', 'PROPN', 'PUNCT']",en_ud
227,"['VERB', 'PRON', 'ADV']",zhs_ud
228,"['NOUN', 'PUNCT', 'PRON']",zhs_ud
229,"['ADJ', 'NOUN', 'PUNCT']",zhs_ud
230,"['ADP', 'DET', 'NOUN']",en_ud
231,"['NOUN', 'PUNCT', 'ADP']",zhs_ud
232,"['VERB', 'ADP', 'PRON']",zhs_ud
233,"['PROPN', 'PROPN', 'PUNCT']",en_ud
234,"['NOUN', 'PUNCT', 'NOUN']",zhs_ud
235,"['ADP', 'ADV', 'PUNCT']",en_ud
236,"['NOUN', 'VERB', 'VERB']",zhs_ud
237,"['NOUN', 'PUNCT', 'PRON']",zhs_ud
238,"['NOUN', 'PUNCT', 'PRON']",zhs_ud
239,"['VERB', 'ADP', 'DET']",zhs_ud
240,"['ADP', 'ADJ', 'PUNCT']",en_ud
241,"['VERB', 'ADJ', 'ADJ']",zhs_ud
242,"['NOUN', 'PUNCT', 'NOUN']",zhs_ud
243,"['NOUN', 'DET', 'PRON']",zhs_ud
244,"['PRON', 'VERB', 'ADV']",zhs_ud
245,"['VERB', 'ADV', 'VERB']",zhs_ud
246,"['DET', 'ADJ', 'NOUN']",en_ud
247,"['ADP', 'VERB', 'DET']",en_ud
248,"['NOUN', 'VERB', 'VERB']",zhs_ud
249,"['VERB', 'NOUN', 'CCONJ']",zhs_ud
250,"['NOUN', 'ADV', 'PRON']",zhs_ud
251,"['VERB', 'ADV', 'PUNCT']",zhs_ud
252,"['VERB', 'ADP', 'DET']",zhs_ud
253,"['NOUN', 'ADV', 'ADP']",zhs_ud
254,"['NOUN', 'NOUN', 'ADP']",zhs_ud
255,"['DET', 'VERB', 'NOUN']",en_ud
256,"['DET', 'VERB', 'PROPN']",en_ud
257,"['NOUN', 'ADP', 'NOUN']",zhs_ud
258,"['VERB', 'ADP', 'NUM']",zhs_ud
259,"['VERB', 'PART', 'VERB']",zhs_ud
260,"['ADV', 'ADP', 'NUM']",zhs_ud
261,"['VERB', 'DET', 'ADJ']",zhs_ud
262,"['VERB', 'ADJ', 'PART']",zhs_ud
263,"['NOUN', 'PUNCT', 'DET']",zhs_ud
264,"['VERB', 'VERB', 'PUNCT']",zhs_ud
265,"['VERB', 'VERB', 'ADP']",zhs_ud
266,"['VERB', 'ADP', 'NUM']",zhs_ud
267,"['ADJ', 'PUNCT', 'CCONJ']",en_ud
268,"['ADJ', 'NOUN', 'PART']",zhs_ud
269,"['NOUN', 'PRON', 'VERB']",zhs_ud
270,"['NOUN', 'VERB', 'PRON']",zhs_ud
271,"['NOUN', 'NOUN', 'ADP']",zhs_ud
272,"['DET', 'NOUN', 'VERB']",en_ud
273,"['DET', 'ADV', 'VERB']",en_ud
274,"['ADJ', 'NOUN', 'ADJ']",zhs_ud
275,"['NOUN', 'PUNCT', 'PRON']",zhs_ud
276,"['NOUN', 'VERB', 'NOUN']",zhs_ud
277,"['DET', 'VERB', 'PRON']",en_ud
278,"['ADJ', 'NOUN', 'ADV']",zhs_ud
279,"['ADV', 'PUNCT', 'PRON']",zhs_ud
280,"['VERB', 'ADP', 'NUM']",zhs_ud
281,"['VERB', 'DET', 'NOUN']",zhs_ud
282,"['ADP', 'NOUN', 'CCONJ']",en_ud
283,"['NOUN', 'CCONJ', 'DET']",zhs_ud
284,"['VERB', 'ADP', 'DET']",zhs_ud
285,"['ADJ', 'ADJ', 'NOUN']",en_ud
286,"['ADP', 'DET', 'NOUN']",en_ud
287,"['NOUN', 'X', 'PUNCT']",zhs_ud
288,"['PUNCT', '_', '_']",en_ud
289,"['NOUN', 'ADP', 'NUM']",zhs_ud
290,"['NOUN', 'PUNCT', 'VERB']",zhs_ud
291,"['ADP', 'DET', 'NOUN']",en_ud
292,"['ADP', 'DET', 'NOUN']",en_ud
293,"['ADJ', 'NOUN', 'VERB']",zhs_ud
294,"['NOUN', 'ADP', 'DET']",zhs_ud
295,"['VERB', 'VERB', 'ADJ']",zhs_ud
296,"['NOUN', 'CCONJ', 'ADV']",zhs_ud
297,"['DET', 'NOUN', 'PUNCT']",en_ud
298,"['VERB', 'CCONJ', 'DET']",zhs_ud
299,"['DET', 'ADJ', 'NOUN']",en_ud
300,"['ADP', 'VERB', 'DET']",en_ud
301,"['NOUN', 'PRON', 'VERB']",zhs_ud
302,"['VERB', 'VERB', 'ADP']",zhs_ud
303,"['NOUN', 'CCONJ', 'NOUN']",zhs_ud
304,"['VERB', 'ADV', 'CCONJ']",zhs_ud
305,"['NOUN', 'PUNCT', '_']",zhs_ud
306,"['ADJ', 'PART', 'VERB']",zhs_ud
307,"['ADJ', 'PUNCT', 'ADP']",en_ud
308,"['NOUN', 'PUNCT', 'PRON']",zhs_ud
309,"['_', '_', '_']",zhs_ud
310,"['NOUN', 'PRON', 'VERB']",zhs_ud
311,"['VERB', 'ADV', 'ADP']",zhs_ud
312,"['ADP', 'PROPN', 'ADP']",en_ud
313,"['VERB', 'ADV', 'VERB']",zhs_ud
314,"['VERB', 'PART', 'CCONJ']",zhs_ud
315,"['DET', 'NOUN', 'VERB']",en_ud
316,"['VERB', 'PROPN', 'ADP']",zhs_ud
317,"['NOUN', 'PUNCT', 'ADP']",zhs_ud
318,"['VERB', 'DET', 'NOUN']",zhs_ud
319,"['VERB', 'DET', 'ADJ']",zhs_ud
320,"['VERB', 'PRON', 'ADP']",zhs_ud
321,"['PROPN', 'NOUN', 'ADP']",zhs_ud
322,"['ADP', 'PRON', 'CCONJ']",en_ud
323,"['VERB', 'PRON', 'ADP']",zhs_ud
324,"['VERB', 'ADP', 'NOUN']",zhs_ud
325,"['NOUN', 'PUNCT', 'PRON']",zhs_ud
326,"['NOUN', 'PUNCT', 'ADV']",zhs_ud
327,"['NOUN', 'CCONJ', 'VERB']",zhs_ud
328,"['DET', 'VERB', 'ADV']",en_ud
329,"['VERB', 'ADJ', 'PUNCT']",zhs_ud
330,"['VERB', 'ADP', 'NOUN']",zhs_ud
331,"['ADV', 'DET', 'NOUN']",zhs_ud
332,"['VERB', 'CCONJ', 'PRON']",zhs_ud
333,"['DET', 'NOUN', 'ADV']",en_ud
334,"['ADJ', 'PUNCT', 'ADP']",en_ud
335,"['ADP', 'PUNCT', '_']",en_ud
336,"['VERB', 'DET', 'ADJ']",zhs_ud
337,"['DET', 'NOUN', 'CCONJ']",en_ud
338,"['ADP', 'DET', 'ADJ']",en_ud
339,"['ADJ', 'PART', 'VERB']",zhs_ud
340,"['ADV', 'ADV', 'PUNCT']",zhs_ud
341,"['VERB', 'PRON', 'NOUN']",zhs_ud
342,"['NOUN', 'ADJ', 'ADP']",zhs_ud
343,"['DET', 'VERB', 'ADV']",en_ud
344,"['VERB', 'PRON', 'NUM']",zhs_ud
345,"['NOUN', 'PART', 'NOUN']",zhs_ud
346,"['DET', 'VERB', 'ADP']",en_ud
347,"['ADV', 'VERB', 'ADP']",zhs_ud
348,"['NOUN', 'PART', 'NOUN']",zhs_ud
349,"['VERB', 'ADP', 'NUM']",zhs_ud
350,"['NOUN', 'ADV', 'ADP']",zhs_ud
351,"['NOUN', 'ADP', 'DET']",zhs_ud
352,"['VERB', 'ADP', 'ADP']",zhs_ud
353,"['NOUN', 'PUNCT', 'PRON']",zhs_ud
354,"['NOUN', 'PART', 'NOUN']",zhs_ud
355,"['PROPN', 'PROPN', 'PROPN']",en_ud
356,"['NOUN', 'PART', 'VERB']",zhs_ud
357,"['NOUN', 'PUNCT', 'CCONJ']",zhs_ud
358,"['NOUN', 'PUNCT', 'NOUN']",zhs_ud
359,"['ADP', 'DET', 'NOUN']",en_ud
360,"['PUNCT', 'ADV', 'PUNCT']",zhs_ud
361,"['VERB', 'PRON', 'VERB']",zhs_ud
362,"['ADP', 'VERB', 'DET']",en_ud
363,"['ADV', 'ADP', 'NUM']",zhs_ud
364,"['ADV', 'PUNCT', 'PRON']",zhs_ud
365,"['VERB', 'ADP', 'DET']",zhs_ud
366,"['VERB', 'NOUN', 'ADV']",zhs_ud
367,"['VERB', 'ADV', 'PUNCT']",zhs_ud
368,"['ADP', 'PROPN', 'PROPN']",en_ud
369,"['VERB', 'DET', 'ADJ']",zhs_ud
370,"['NOUN', 'ADP', 'PRON']",zhs_ud
371,"['VERB', 'PRON', 'ADP']",zhs_ud
372,"['ADJ', 'ADP', 'VERB']",en_ud
373,"['ADV', 'ADJ', 'PUNCT']",zhs_ud
374,"['VERB', 'DET', 'NOUN']",zhs_ud
375,"['VERB', 'DET', 'NOUN']",zhs_ud
376,"['VERB', 'ADV', 'VERB']",zhs_ud
377,"['SYM', 'NUM', 'DET']",zhs_ud
378,"['ADV', 'ADJ', 'NOUN']",zhs_ud
379,"['NOUN', 'CCONJ', 'PRON']",zhs_ud
380,"['NOUN', 'PART', 'VERB']",zhs_ud
381,"['DET', 'NOUN', 'ADP']",en_ud
382,"['NOUN', 'CCONJ', 'NOUN']",zhs_ud
383,"['NOUN', 'VERB', 'VERB']",zhs_ud
384,"['NOUN', 'CCONJ', 'NOUN']",zhs_ud
385,"['ADP', 'DET', 'NOUN']",en_ud
386,"['VERB', 'ADJ', 'NOUN']",zhs_ud
387,"['VERB', 'ADP', 'NOUN']",zhs_ud
388,"['_', '_', '_']",zhs_ud
389,"['NOUN', 'PUNCT', 'CCONJ']",zhs_ud
390,"['VERB', 'VERB', 'NOUN']",zhs_ud
391,"['VERB', 'ADJ', 'NOUN']",zhs_ud
392,"['NOUN', 'NOUN', 'VERB']",zhs_ud
393,"['VERB', 'DET', 'NOUN']",zhs_ud
394,"['ADP', 'PRON', 'ADP']",en_ud
395,"['ADP', 'PRON', 'VERB']",en_ud
396,"['NOUN', 'PUNCT', 'ADP']",zhs_ud
397,"['VERB', 'PART', 'VERB']",zhs_ud
398,"['NOUN', 'PUNCT', 'ADP']",zhs_ud
399,"['ADP', 'DET', 'DET']",en_ud
400,"['ADP', 'DET', 'PROPN']",en_ud
401,"['VERB', 'DET', 'NOUN']",zhs_ud
402,"['NOUN', 'PART', 'VERB']",zhs_ud
403,"['VERB', 'VERB', 'PART']",zhs_ud
404,"['NOUN', 'ADP', 'DET']",zhs_ud
405,"['VERB', 'ADJ', 'VERB']",zhs_ud
406,"['ADP', 'PRON', 'PUNCT']",en_ud
407,"['NOUN', 'PRON', 'VERB']",zhs_ud
408,"['NOUN', 'PUNCT', 'PRON']",zhs_ud
409,"['VERB', 'ADV', 'VERB']",zhs_ud
410,"['ADP', 'DET', 'ADJ']",en_ud
411,"['ADP', 'NOUN', 'ADP']",en_ud
412,"['VERB', 'NOUN', 'ADP']",zhs_ud
413,"['ADJ', 'NOUN', 'VERB']",zhs_ud
414,"['ADP', 'ADJ', 'NOUN']",en_ud
415,"['VERB', 'ADP', 'DET']",zhs_ud
416,"['NOUN', 'ADP', 'PROPN']",zhs_ud
417,"['VERB', 'NOUN', 'ADP']",zhs_ud
418,"['ADJ', 'NOUN', 'ADP']",zhs_ud
419,"['NOUN', 'NOUN', 'ADP']",zhs_ud
420,"['NOUN', 'ADP', 'DET']",zhs_ud
421,"['NOUN', 'PUNCT', 'PROPN']",zhs_ud
422,"['DET', 'VERB', 'VERB']",en_ud
423,"['NOUN', 'VERB', 'NOUN']",zhs_ud
424,"['NOUN', 'NOUN', 'PUNCT']",zhs_ud
425,"['VERB', 'VERB', 'PUNCT']",zhs_ud
426,"['ADP', 'PUNCT', 'PRON']",en_ud
427,"['NOUN', 'ADP', 'DET']",zhs_ud
428,"['PRON', 'VERB', 'ADV']",zhs_ud
429,"['ADP', 'NOUN', 'PRON']",en_ud
430,"['DET', 'PUNCT', 'PRON']",en_ud
431,"['VERB', 'DET', 'NOUN']",zhs_ud
432,"['VERB', 'PUNCT', 'ADV']",zhs_ud
433,"['PRON', 'CCONJ', 'DET']",en_ud
434,"['NOUN', 'VERB', 'VERB']",zhs_ud
435,"['VERB', 'PRON', 'VERB']",zhs_ud
436,"['VERB', 'PART', 'CCONJ']",zhs_ud
437,"['ADP', 'NOUN', 'ADP']",en_ud
438,"['DET', 'ADP', 'PROPN']",en_ud
439,"['ADV', 'ADJ', 'ADP']",zhs_ud
440,"['VERB', 'ADV', 'VERB']",zhs_ud
441,"['ADJ', 'NOUN', 'PUNCT']",zhs_ud
442,"['NOUN', 'PUNCT', 'CCONJ']",zhs_ud
443,"['ADJ', 'NOUN', 'VERB']",zhs_ud
444,"['ADV', 'DET', 'NOUN']",zhs_ud
445,"['VERB', 'ADP', 'PRON']",zhs_ud
446,"['ADP', 'NOUN', 'PUNCT']",zhs_ud
447,"['VERB', 'PRON', 'VERB']",zhs_ud
448,"['NOUN', 'ADP', 'PROPN']",zhs_ud
449,"['NOUN', 'PUNCT', 'ADP']",zhs_ud
450,"['VERB', 'ADV', 'DET']",zhs_ud
451,"['ADP', 'DET', 'NOUN']",en_ud
452,"['ADV', 'VERB', 'ADV']",zhs_ud
453,"['ADJ', 'VERB', 'NOUN']",zhs_ud
454,"['ADP', 'NOUN', 'CCONJ']",en_ud
455,"['VERB', 'PUNCT', 'ADP']",zhs_ud
456,"['VERB', 'VERB', 'VERB']",zhs_ud
457,"['ADV', 'ADV', 'PART']",zhs_ud
458,"['NOUN', 'NOUN', 'ADV']",zhs_ud
459,"['NOUN', 'CCONJ', 'NOUN']",zhs_ud
460,"['VERB', 'ADP', 'ADV']",zhs_ud
461,"['NOUN', 'PUNCT', 'NOUN']",zhs_ud
462,"['PRON', 'VERB', 'DET']",zhs_ud
463,"['VERB', 'DET', 'ADJ']",zhs_ud
464,"['VERB', 'PUNCT', 'PRON']",zhs_ud
465,"['NOUN', 'PART', 'VERB']",zhs_ud
466,"['ADP', 'DET', 'NOUN']",en_ud
467,"['VERB', 'ADJ', 'NOUN']",zhs_ud
468,"['NOUN', 'PUNCT', 'NOUN']",zhs_ud
469,"['ADP', 'DET', 'NOUN']",en_ud
470,"['VERB', 'VERB', 'ADP']",zhs_ud
471,"['VERB', 'PRON', 'ADJ']",zhs_ud
472,"['VERB', 'PUNCT', '_']",zhs_ud
473,"['NOUN', 'NOUN', 'PUNCT']",zhs_ud
474,"['NOUN', 'NOUN', 'PUNCT']",zhs_ud
475,"['PROPN', 'PROPN', 'CCONJ']",en_ud
476,"['NOUN', 'ADP', 'DET']",zhs_ud
477,"['VERB', 'ADP', 'DET']",zhs_ud
478,"['ADP', 'DET', 'ADJ']",en_ud
479,"['ADP', 'DET', 'NOUN']",en_ud
480,"['PROPN', 'PROPN', 'PROPN']",en_ud
481,"['VERB', 'VERB', 'PRON']",zhs_ud
482,"['VERB', 'ADP', 'PRON']",zhs_ud
483,"['DET', 'ADJ', 'NOUN']",en_ud
484,"['ADP', 'PART', 'VERB']",zhs_ud
485,"['ADJ', 'CCONJ', 'ADV']",en_ud
486,"['ADJ', 'ADV', 'PART']",en_ud
487,"['VERB', 'PUNCT', 'PRON']",zhs_ud
488,"['ADJ', 'NOUN', '_']",zhs_ud
489,"['VERB', 'PUNCT', '_']",zhs_ud
490,"['PRON', 'PUNCT', 'ADV']",en_ud
491,"['VERB', 'VERB', 'PUNCT']",zhs_ud
492,"['DET', 'NOUN', 'PUNCT']",en_ud
493,"['ADV', 'PUNCT', 'CCONJ']",zhs_ud
494,"['ADV', 'CCONJ', 'NOUN']",zhs_ud
495,"['VERB', 'ADP', 'DET']",zhs_ud
496,"['VERB', 'PRON', 'VERB']",zhs_ud
497,"['ADP', 'NOUN', 'PUNCT']",zhs_ud
498,"['VERB', 'DET', 'NOUN']",zhs_ud
499,"['ADP', 'DET', 'NOUN']",en_ud
500,"['ADP', 'DET', 'PROPN']",en_ud
501,"['VERB', 'PUNCT', '_']",zhs_ud
502,"['ADJ', 'NOUN', 'PUNCT']",zhs_ud
503,"['ADV', 'ADJ', 'PUNCT']",zhs_ud
504,"['ADP', 'DET', 'NOUN']",en_ud
505,"['NOUN', 'PART', 'NOUN']",zhs_ud
506,"['VERB', 'CCONJ', 'NOUN']",zhs_ud
507,"['DET', 'NOUN', 'ADV']",en_ud
508,"['VERB', 'ADV', 'VERB']",zhs_ud
509,"['VERB', 'ADJ', 'ADP']",zhs_ud
510,"['NOUN', 'PUNCT', 'PUNCT']",zhs_ud
511,"['ADP', 'PROPN', 'PUNCT']",en_ud
512,"['PUNCT', 'NOUN', 'PUNCT']",zhs_ud
513,"['ADJ', 'CCONJ', 'ADJ']",en_ud
514,"['NOUN', 'ADP', 'NUM']",zhs_ud
515,"['DET', 'NOUN', 'PRON']",en_ud
516,"['VERB', 'ADV', 'PRON']",zhs_ud
517,"['ADJ', 'PART', 'VERB']",zhs_ud
518,"['ADP', 'DET', 'ADJ']",en_ud
519,"['NOUN', 'PUNCT', 'CCONJ']",zhs_ud
520,"['ADP', 'ADJ', 'NOUN']",en_ud
521,"['VERB', 'PRON', 'PART']",zhs_ud
522,"['VERB', 'PART', 'VERB']",zhs_ud
523,"['ADP', 'NOUN', 'DET']",en_ud
524,"['NOUN', 'VERB', 'VERB']",zhs_ud
525,"['NOUN', 'PUNCT', 'PRON']",zhs_ud
526,"['VERB', 'VERB', 'ADP']",zhs_ud
527,"['ADJ', 'ADP', 'NOUN']",en_ud
528,"['VERB', 'PART', 'VERB']",zhs_ud
529,"['VERB', 'ADP', 'PROPN']",zhs_ud
530,"['VERB', 'ADJ', 'PUNCT']",zhs_ud
531,"['ADV', 'VERB', 'VERB']",zhs_ud
532,"['ADV', 'PRON', 'VERB']",zhs_ud
533,"['NOUN', 'ADP', 'DET']",zhs_ud
534,"['ADJ', 'NOUN', 'PRON']",zhs_ud
535,"['VERB', 'DET', 'NOUN']",zhs_ud
536,"['VERB', 'VERB', 'DET']",zhs_ud
537,"['DET', 'ADJ', 'NOUN']",en_ud
538,"['VERB', 'PUNCT', 'VERB']",zhs_ud
539,"['VERB', 'DET', 'ADJ']",zhs_ud
540,"['ADP', 'ADJ', 'NOUN']",en_ud
541,"['NOUN', 'ADP', 'PROPN']",zhs_ud
542,"['VERB', 'ADP', 'DET']",zhs_ud
543,"['ADJ', 'ADP', 'DET']",en_ud
544,"['NOUN', 'PUNCT', 'ADJ']",zhs_ud
545,"['NOUN', 'PUNCT', 'PRON']",zhs_ud
546,"['NOUN', 'ADP', 'PRON']",zhs_ud
547,"['VERB', 'VERB', 'DET']",zhs_ud
548,"['NOUN', 'CCONJ', 'NOUN']",zhs_ud
549,"['VERB', 'VERB', 'ADP']",zhs_ud
550,"['VERB', 'VERB', 'ADP']",zhs_ud
551,"['NOUN', 'ADP', 'DET']",zhs_ud
552,"['PRON', 'VERB', 'VERB']",zhs_ud
553,"['DET', 'DET', 'NOUN']",en_ud
554,"['NOUN', 'PUNCT', 'PRON']",zhs_ud
555,"['NOUN', 'PRON', 'VERB']",zhs_ud
556,"['ADP', 'DET', 'ADJ']",en_ud
557,"['DET', 'VERB', 'DET']",en_ud
558,"['ADJ', 'PUNCT', 'CCONJ']",en_ud
559,"['NOUN', 'PUNCT', 'ADV']",zhs_ud
560,"['VERB', 'NOUN', 'CCONJ']",zhs_ud
561,"['VERB', 'ADV', 'ADV']",zhs_ud
562,"['NOUN', 'VERB', 'DET']",zhs_ud
563,"['VERB', 'ADP', 'DET']",zhs_ud
564,"['VERB', 'VERB', 'ADP']",zhs_ud
565,"['PROPN', 'PROPN', 'PUNCT']",en_ud
566,"['NOUN', 'ADV', 'ADP']",zhs_ud
567,"['ADJ', 'ADP', 'PRON']",en_ud
568,"['PRON', 'PUNCT', '_']",en_ud
569,"['DET', 'NOUN', 'PRON']",en_ud
570,"['ADJ', 'NOUN', 'PUNCT']",zhs_ud
571,"['NOUN', 'PUNCT', 'ADV']",zhs_ud
572,"['NOUN', 'PUNCT', 'ADV']",zhs_ud
573,"['ADV', 'PUNCT', '_']",zhs_ud
574,"['ADV', 'ADJ', 'ADV']",zhs_ud
575,"['ADP', 'DET', 'NOUN']",en_ud
576,"['ADV', 'PRON', 'VERB']",zhs_ud
577,"['VERB', 'ADP', 'NOUN']",zhs_ud
578,"['VERB', 'ADP', 'DET']",zhs_ud
579,"['PRON', 'VERB', 'DET']",zhs_ud
580,"['NOUN', 'CCONJ', 'ADP']",zhs_ud
581,"['NOUN', 'CCONJ', 'NOUN']",zhs_ud
582,"['ADV', 'VERB', 'DET']",zhs_ud
583,"['VERB', 'ADP', 'PROPN']",zhs_ud
584,"['VERB', 'DET', 'VERB']",zhs_ud
585,"['NOUN', 'ADP', 'DET']",zhs_ud
586,"['ADV', 'PUNCT', 'ADV']",zhs_ud
587,"['VERB', 'PUNCT', 'VERB']",zhs_ud
588,"['VERB', 'ADP', 'DET']",zhs_ud
589,"['VERB', 'ADV', 'NUM']",zhs_ud
590,"['PROPN', 'PROPN', 'PUNCT']",en_ud
591,"['ADV', 'PUNCT', 'ADP']",zhs_ud
592,"['DET', 'VERB', 'VERB']",en_ud
593,"['VERB', 'VERB', 'ADP']",zhs_ud
594,"['VERB', 'ADP', 'NUM']",zhs_ud
595,"['NOUN', 'VERB', 'PART']",zhs_ud
596,"['NOUN', 'PUNCT', 'ADJ']",zhs_ud
597,"['ADJ', 'NOUN', 'CCONJ']",zhs_ud
598,"['ADP', 'DET', 'NOUN']",en_ud
599,"['DET', 'NOUN', 'ADP']",en_ud
600,"['VERB', 'NOUN', 'ADP']",zhs_ud
601,"['NOUN', 'PUNCT', 'PRON']",zhs_ud
602,"['PROPN', 'PART', 'PUNCT']",zhs_ud
603,"['ADJ', 'NOUN', 'PUNCT']",zhs_ud
604,"['NOUN', 'ADP', 'PROPN']",zhs_ud
605,"['VERB', 'DET', 'NOUN']",zhs_ud
606,"['NOUN', 'VERB', 'PRON']",zhs_ud
607,"['INTJ', 'PUNCT', 'ADP']",en_ud
608,"['ADJ', 'PART', 'VERB']",zhs_ud
609,"['VERB', 'VERB', 'DET']",zhs_ud
610,"['VERB', 'NOUN', 'PUNCT']",zhs_ud
611,"['DET', 'ADJ', 'NOUN']",en_ud
612,"['ADP', 'DET', 'NOUN']",en_ud
613,"['NOUN', 'VERB', 'VERB']",zhs_ud
614,"['VERB', 'PRON', 'ADP']",zhs_ud
615,"['ADJ', 'PUNCT', 'ADP']",en_ud
616,"['VERB', 'PART', 'VERB']",zhs_ud
617,"['ADP', 'ADJ', 'NOUN']",en_ud
618,"['VERB', 'ADV', 'ADJ']",zhs_ud
619,"['NOUN', 'PUNCT', 'ADV']",zhs_ud
620,"['VERB', 'VERB', 'DET']",zhs_ud
621,"['ADP', 'DET', 'NOUN']",en_ud
622,"['PROPN', 'PROPN', 'NOUN']",en_ud
623,"['NOUN', 'NOUN', 'CCONJ']",zhs_ud
624,"['VERB', 'NOUN', 'ADJ']",zhs_ud
625,"['VERB', 'DET', 'NOUN']",zhs_ud
626,"['PRON', 'ADP', 'DET']",en_ud
627,"['NOUN', 'NOUN', 'PUNCT']",zhs_ud
628,"['NOUN', 'PUNCT', 'ADV']",zhs_ud
629,"['ADP', 'DET', 'NOUN']",en_ud
630,"['NOUN', 'ADP', 'DET']",zhs_ud
631,"['ADJ', 'NOUN', 'ADV']",zhs_ud
632,"['NOUN', 'VERB', 'DET']",zhs_ud
633,"['VERB', 'ADV', 'PRON']",zhs_ud
634,"['NOUN', 'PRON', 'AUX']",zhs_ud
635,"['NOUN', 'ADP', 'PRON']",zhs_ud
636,"['ADP', 'NOUN', 'PUNCT']",zhs_ud
637,"['PROPN', 'PROPN', 'PUNCT']",en_ud
638,"['VERB', 'VERB', 'DET']",zhs_ud
639,"['VERB', 'ADP', 'DET']",zhs_ud
640,"['ADP', 'DET', 'NOUN']",en_ud
641,"['NOUN', 'NOUN', 'VERB']",zhs_ud
642,"['NOUN', 'NOUN', 'ADP']",zhs_ud
643,"['PRON', 'VERB', 'VERB']",zhs_ud
644,"['NOUN', 'PUNCT', 'CCONJ']",zhs_ud
645,"['ADP', 'DET', 'NOUN']",en_ud
646,"['DET', 'NOUN', 'NOUN']",en_ud
647,"['ADJ', 'ADP', 'DET']",en_ud
648,"['ADP', 'VERB', 'CCONJ']",en_ud
649,"['NOUN', 'DET', 'PRON']",zhs_ud
650,"['NOUN', 'PUNCT', 'CCONJ']",zhs_ud
651,"['ADP', 'DET', 'NOUN']",en_ud
652,"['VERB', 'PROPN', 'PROPN']",zhs_ud
653,"['NOUN', 'DET', 'NOUN']",zhs_ud
654,"['VERB', 'ADP', 'ADJ']",zhs_ud
655,"['NOUN', 'VERB', 'ADJ']",zhs_ud
656,"['DET', 'NOUN', 'ADP']",en_ud
657,"['NOUN', 'NOUN', 'PUNCT']",zhs_ud
658,"['PROPN', 'VERB', 'DET']",zhs_ud
659,"['VERB', 'VERB', 'ADP']",zhs_ud
660,"['ADP', 'DET', 'ADJ']",en_ud
661,"['ADV', 'CCONJ', 'VERB']",zhs_ud
662,"['NOUN', 'ADP', 'DET']",zhs_ud
663,"['NOUN', 'PUNCT', 'PROPN']",zhs_ud
664,"['VERB', 'ADJ', 'VERB']",zhs_ud
665,"['NOUN', 'NOUN', 'ADP']",zhs_ud
666,"['DET', 'DET', 'NOUN']",en_ud
667,"['PROPN', 'PROPN', 'NOUN']",en_ud
668,"['ADV', 'PUNCT', 'ADP']",zhs_ud
669,"['VERB', 'PRON', 'ADJ']",zhs_ud
670,"['ADJ', 'ADP', 'PRON']",en_ud
671,"['DET', 'VERB', 'VERB']",en_ud
672,"['NOUN', 'CCONJ', 'DET']",zhs_ud
673,"['NOUN', 'PART', 'VERB']",zhs_ud
674,"['ADJ', 'ADP', 'PRON']",en_ud
675,"['VERB', 'ADV', 'NUM']",zhs_ud
676,"['PROPN', 'PROPN', 'PROPN']",en_ud
677,"['ADJ', 'PUNCT', '_']",en_ud
678,"['NOUN', 'CCONJ', 'ADJ']",zhs_ud
679,"['NOUN', 'PROPN', 'PUNCT']",zhs_ud
680,"['VERB', 'DET', 'NOUN']",zhs_ud
681,"['NOUN', 'NOUN', 'PRON']",zhs_ud
682,"['NOUN', 'PUNCT', 'PRON']",zhs_ud
683,"['VERB', 'DET', 'PUNCT']",zhs_ud
684,"['ADP', 'DET', 'NOUN']",en_ud
685,"['INTJ', 'VERB', 'DET']",zhs_ud
686,"['NOUN', 'ADP', 'DET']",zhs_ud
687,"['ADP', 'DET', 'NOUN']",en_ud
688,"['DET', 'NOUN', 'DET']",en_ud
689,"['ADP', 'PRON', 'VERB']",en_ud
690,"['DET', 'NOUN', 'PRON']",en_ud
691,"['ADP', 'DET', 'NOUN']",en_ud
692,"['NOUN', 'NOUN', 'PUNCT']",zhs_ud
693,"['NOUN', 'CCONJ', 'PRON']",zhs_ud
694,"['NOUN', 'VERB', 'PUNCT']",zhs_ud
695,"['NOUN', 'PUNCT', 'DET']",zhs_ud
696,"['PRON', 'CCONJ', 'DET']",en_ud
697,"['CCONJ', 'NOUN', 'ADV']",zhs_ud
698,"['ADJ', 'NOUN', 'VERB']",zhs_ud
699,"['DET', 'ADJ', 'PUNCT']",en_ud
700,"['ADP', 'ADJ', 'NOUN']",en_ud
701,"['ADV', 'PUNCT', 'PRON']",zhs_ud
702,"['NOUN', 'PUNCT', 'VERB']",zhs_ud
703,"['ADV', 'VERB', 'ADJ']",zhs_ud
704,"['NOUN', 'PART', 'ADJ']",zhs_ud
705,"['DET', 'VERB', 'NUM']",en_ud
706,"['AUX', 'ADV', 'VERB']",en_ud
707,"['PROPN', 'PROPN', 'PROPN']",en_ud
708,"['NOUN', 'PUNCT', 'PRON']",zhs_ud
709,"['ADJ', 'NOUN', 'PUNCT']",zhs_ud
710,"['NOUN', 'ADP', 'DET']",zhs_ud
711,"['ADP', 'PRON', 'PRON']",en_ud
712,"['VERB', 'DET', 'ADJ']",zhs_ud
713,"['NOUN', 'NOUN', 'PUNCT']",zhs_ud
714,"['VERB', 'ADP', 'ADV']",zhs_ud
715,"['VERB', 'ADV', 'ADJ']",zhs_ud
716,"['PROPN', 'VERB', 'DET']",zhs_ud
717,"['DET', 'PROPN', 'PROPN']",en_ud
718,"['ADJ', 'NOUN', 'PUNCT']",zhs_ud
719,"['ADV', 'VERB', 'NOUN']",zhs_ud
720,"['ADP', 'NOUN', 'ADP']",en_ud
721,"['ADP', 'DET', 'ADJ']",en_ud
722,"['ADJ', 'NOUN', 'ADV']",zhs_ud
723,"['DET', 'NOUN', 'PRON']",en_ud
724,"['VERB', 'ADV', 'VERB']",zhs_ud
725,"['VERB', 'ADJ', 'NOUN']",zhs_ud
726,"['DET', 'ADJ', 'NOUN']",en_ud
727,"['DET', 'NOUN', 'VERB']",en_ud
728,"['ADV', 'ADJ', 'PUNCT']",zhs_ud
729,"['ADP', 'ADP', 'DET']",en_ud
730,"['ADJ', 'PUNCT', 'PROPN']",en_ud
731,"['NOUN', 'VERB', 'DET']",zhs_ud
732,"['VERB', 'CCONJ', 'VERB']",zhs_ud
733,"['ADJ', 'PUNCT', 'PRON']",en_ud
734,"['NOUN', 'ADP', 'PROPN']",zhs_ud
735,"['VERB', 'ADV', 'VERB']",zhs_ud
736,"['VERB', 'VERB', 'ADJ']",zhs_ud
737,"['NOUN', 'PUNCT', '_']",zhs_ud
738,"['VERB', 'ADV', 'DET']",zhs_ud
739,"['ADJ', 'PUNCT', 'PUNCT']",en_ud
740,"['VERB', 'PART', 'ADP']",zhs_ud
741,"['NOUN', 'PUNCT', 'ADP']",zhs_ud
742,"['ADP', 'DET', 'NOUN']",en_ud
743,"['PROPN', 'NOUN', 'ADP']",zhs_ud
744,"['ADV', 'NOUN', 'CCONJ']",zhs_ud
745,"['PART', 'VERB', 'DET']",zhs_ud
746,"['ADV', 'ADP', 'NOUN']",zhs_ud
747,"['ADP', 'DET', 'NOUN']",en_ud
748,"['ADV', 'ADP', 'NUM']",zhs_ud
749,"['VERB', 'PRON', 'PRON']",zhs_ud
750,"['VERB', 'DET', 'NOUN']",zhs_ud
751,"['VERB', 'ADP', 'NUM']",zhs_ud
752,"['ADJ', 'ADP', 'PRON']",en_ud
753,"['NOUN', 'NOUN', 'PUNCT']",zhs_ud
754,"['PART', 'VERB', 'PRON']",zhs_ud
755,"['NOUN', 'PRON', 'VERB']",zhs_ud
756,"['ADP', 'DET', 'NOUN']",en_ud
757,"['ADV', 'ADJ', 'ADP']",zhs_ud
758,"['ADJ', 'ADP', 'PRON']",en_ud
759,"['VERB', 'ADV', 'VERB']",zhs_ud
760,"['NOUN', 'VERB', 'ADV']",zhs_ud
761,"['VERB', 'PART', 'PART']",zhs_ud
762,"['NOUN', 'PUNCT', 'ADV']",zhs_ud
763,"['VERB', 'VERB', 'VERB']",zhs_ud
764,"['NOUN', 'PART', 'VERB']",zhs_ud
765,"['NOUN', 'NOUN', 'PUNCT']",zhs_ud
766,"['PRON', 'PUNCT', '_']",en_ud
767,"['VERB', 'VERB', 'PART']",zhs_ud
768,"['NOUN', 'PUNCT', '_']",zhs_ud
769,"['NOUN', 'NOUN', 'PUNCT']",zhs_ud
770,"['ADV', 'ADJ', 'ADP']",zhs_ud
771,"['ADP', 'PRON', 'VERB']",en_ud
772,"['VERB', 'ADP', 'DET']",zhs_ud
773,"['NOUN', 'DET', 'VERB']",zhs_ud
774,"['VERB', 'VERB', 'ADJ']",zhs_ud
775,"['VERB', 'PUNCT', '_']",zhs_ud
776,"['ADP', 'DET', 'ADJ']",en_ud
777,"['NOUN', 'VERB', 'ADV']",zhs_ud
778,"['VERB', 'VERB', 'ADP']",zhs_ud
779,"['VERB', 'VERB', 'ADP']",zhs_ud
780,"['NOUN', 'PUNCT', 'X']",zhs_ud
781,"['ADJ', 'PUNCT', 'ADP']",en_ud
782,"['ADJ', 'NOUN', 'PUNCT']",zhs_ud
783,"['NOUN', 'PUNCT', 'ADJ']",zhs_ud
784,"['SYM', 'NUM', 'NOUN']",zhs_ud
785,"['ADJ', 'NOUN', 'ADP']",zhs_ud
786,"['VERB', 'PART', 'DET']",zhs_ud
787,"['ADP', 'DET', 'NOUN']",en_ud
788,"['ADJ', 'NOUN', 'PART']",zhs_ud
789,"['VERB', 'PRON', 'ADP']",zhs_ud
790,"['ADP', 'ADJ', 'PUNCT']",en_ud
791,"['VERB', 'VERB', 'ADV']",zhs_ud
792,"['DET', 'NOUN', 'ADP']",en_ud
793,"['ADV', 'VERB', 'NOUN']",zhs_ud
794,"['NOUN', 'PUNCT', 'VERB']",zhs_ud
795,"['NOUN', 'ADP', 'DET']",zhs_ud
796,"['ADV', 'VERB', 'VERB']",zhs_ud
797,"['NOUN', 'VERB', 'NOUN']",zhs_ud
798,"['ADP', 'DET', 'NOUN']",en_ud
799,"['VERB', 'DET', 'NOUN']",zhs_ud
800,"['INTJ', 'PRON', 'VERB']",en_ud
801,"['ADP', 'NOUN', 'ADP']",en_ud
802,"['NOUN', 'ADJ', 'PUNCT']",zhs_ud
803,"['VERB', 'PART', 'VERB']",zhs_ud
804,"['ADP', 'DET', 'NOUN']",en_ud
805,"['NOUN', 'PUNCT', 'PUNCT']",zhs_ud
806,"['ADJ', 'ADP', 'DET']",en_ud
807,"['PRON', 'VERB', 'PRON']",zhs_ud
808,"['DET', 'NOUN', 'PUNCT']",en_ud
809,"['NOUN', 'PUNCT', 'DET']",zhs_ud
810,"['VERB', 'VERB', 'NOUN']",zhs_ud
811,"['VERB', 'PART', 'VERB']",zhs_ud
812,"['NOUN', 'ADP', 'PROPN']",zhs_ud
813,"['ADP', 'DET', 'ADJ']",en_ud
814,"['ADP', 'ADJ', 'VERB']",en_ud
815,"['NOUN', 'VERB', 'VERB']",zhs_ud
816,"['VERB', 'ADP', 'DET']",zhs_ud
817,"['PRON', 'VERB', 'NOUN']",zhs_ud
818,"['NOUN', 'ADP', 'NOUN']",zhs_ud
819,"['ADJ', 'NOUN', 'ADP']",zhs_ud
820,"['VERB', 'DET', 'ADJ']",zhs_ud
821,"['ADP', 'DET', 'NOUN']",en_ud
822,"['INTJ', 'ADP', 'NOUN']",en_ud
823,"['NOUN', 'NOUN', 'PUNCT']",zhs_ud
824,"['ADJ', 'NOUN', 'PUNCT']",zhs_ud
825,"['VERB', 'DET', 'NOUN']",zhs_ud
826,"['DET', 'ADJ', 'NOUN']",en_ud
827,"['VERB', 'ADV', 'VERB']",zhs_ud
828,"['ADV', 'ADJ', 'PUNCT']",zhs_ud
829,"['VERB', 'PUNCT', 'VERB']",zhs_ud
830,"['NOUN', 'VERB', 'NOUN']",zhs_ud
831,"['VERB', 'PRON', 'PART']",zhs_ud
832,"['ADP', 'DET', 'NOUN']",en_ud
833,"['ADV', 'VERB', 'PUNCT']",zhs_ud
834,"['NOUN', 'CCONJ', 'ADP']",zhs_ud
835,"['ADP', 'DET', 'NOUN']",en_ud
836,"['PRON', 'VERB', 'PRON']",zhs_ud
837,"['DET', 'PRON', 'VERB']",en_ud
838,"['VERB', 'PRON', 'PUNCT']",zhs_ud
839,"['ADJ', 'PUNCT', 'ADP']",en_ud
840,"['ADP', 'DET', 'NOUN']",en_ud
841,"['NOUN', 'ADV', 'PUNCT']",zhs_ud
842,"['VERB', 'VERB', 'ADP']",zhs_ud
843,"['VERB', 'ADP', 'NOUN']",zhs_ud
844,"['NOUN', 'ADV', 'PRON']",zhs_ud
845,"['ADP', 'DET', 'NOUN']",en_ud
846,"['ADP', 'DET', 'NOUN']",en_ud
847,"['NUM', 'NOUN', 'PART']",zhs_ud
848,"['NOUN', 'PUNCT', 'PROPN']",zhs_ud
849,"['VERB', 'ADP', 'DET']",zhs_ud
850,"['ADV', 'ADP', 'NOUN']",zhs_ud
851,"['NOUN', 'NOUN', 'PUNCT']",zhs_ud
852,"['PROPN', 'PUNCT', '_']",en_ud
853,"['NOUN', 'PART', 'ADJ']",zhs_ud
854,"['ADV', 'PRON', 'AUX']",zhs_ud
855,"['DET', 'NOUN', 'VERB']",en_ud
856,"['VERB', 'ADP', 'ADJ']",zhs_ud
857,"['ADJ', 'PART', 'VERB']",zhs_ud
858,"['NOUN', 'PUNCT', 'ADP']",zhs_ud
859,"['ADP', 'DET', 'NOUN']",en_ud
860,"['NOUN', 'DET', 'VERB']",zhs_ud
861,"['NOUN', 'PUNCT', '_']",zhs_ud
862,"['ADJ', 'ADP', 'DET']",en_ud
863,"['VERB', 'ADJ', 'ADP']",zhs_ud
864,"['DET', 'NOUN', 'PRON']",en_ud
865,"['ADP', 'DET', 'NOUN']",en_ud
866,"['ADV', 'VERB', 'CCONJ']",zhs_ud
867,"['VERB', 'NOUN', 'ADJ']",zhs_ud
868,"['NOUN', 'PUNCT', 'PRON']",zhs_ud
869,"['VERB', 'PART', 'CCONJ']",zhs_ud
870,"['VERB', 'PRON', 'VERB']",zhs_ud
871,"['NOUN', 'VERB', 'VERB']",zhs_ud
872,"['NOUN', 'VERB', 'ADV']",zhs_ud
873,"['VERB', 'PUNCT', 'ADV']",zhs_ud
874,"['VERB', 'DET', 'NOUN']",zhs_ud
875,"['VERB', 'NUM', 'NOUN']",zhs_ud
876,"['DET', 'NOUN', 'PRON']",en_ud
877,"['NOUN', 'PUNCT', 'DET']",zhs_ud
878,"['ADV', 'ADJ', 'NOUN']",zhs_ud
879,"['NOUN', 'PUNCT', 'ADP']",zhs_ud
880,"['ADV', 'PUNCT', '_']",zhs_ud
881,"['VERB', 'ADV', 'VERB']",zhs_ud
882,"['PART', 'PART', 'VERB']",zhs_ud
883,"['NOUN', 'PUNCT', 'PRON']",zhs_ud
884,"['CCONJ', 'VERB', 'DET']",zhs_ud
885,"['PART', 'VERB', 'NOUN']",zhs_ud
886,"['DET', 'NOUN', 'PRON']",en_ud
887,"['NOUN', 'PUNCT', '_']",zhs_ud
888,"['VERB', 'DET', 'NOUN']",zhs_ud
889,"['VERB', 'ADV', 'VERB']",zhs_ud
890,"['VERB', 'PART', 'VERB']",zhs_ud
891,"['VERB', 'PART', 'VERB']",zhs_ud
892,"['PUNCT', 'PUNCT', 'ADP']",en_ud
893,"['ADP', 'PRON', 'ADV']",en_ud
894,"['DET', 'VERB', 'VERB']",en_ud
895,"['ADV', 'NOUN', 'PUNCT']",zhs_ud
896,"['NOUN', 'NOUN', 'PUNCT']",zhs_ud
897,"['CCONJ', 'ADP', 'DET']",en_ud
898,"['ADP', 'PRON', 'PUNCT']",en_ud
899,"['VERB', 'DET', 'NOUN']",zhs_ud
900,"['DET', 'VERB', 'ADV']",en_ud
901,"['ADP', 'DET', 'PROPN']",en_ud
902,"['NOUN', 'VERB', 'PRON']",zhs_ud
903,"['DET', 'VERB', 'ADP']",en_ud
904,"['ADP', 'NOUN', 'PUNCT']",zhs_ud
905,"['NOUN', 'ADP', 'DET']",zhs_ud
906,"['VERB', 'NOUN', 'PUNCT']",zhs_ud
907,"['NOUN', 'ADP', 'NOUN']",zhs_ud
908,"['ADV', 'ADP', 'NOUN']",zhs_ud
909,"['NOUN', 'PART', 'VERB']",zhs_ud
910,"['ADV', 'NUM', 'NOUN']",zhs_ud
911,"['ADV', 'VERB', 'ADP']",zhs_ud
912,"['ADV', 'VERB', 'ADP']",zhs_ud
913,"['ADP', 'DET', 'NOUN']",en_ud
914,"['VERB', 'ADP', 'DET']",zhs_ud
915,"['VERB', 'PRON', 'ADP']",zhs_ud
916,"['PUNCT', '_', '_']",en_ud
917,"['NOUN', 'PUNCT', 'DET']",zhs_ud
918,"['ADJ', 'PUNCT', 'CCONJ']",en_ud
919,"['ADJ', 'NOUN', 'NOUN']",zhs_ud
920,"['ADP', 'PUNCT', 'NUM']",en_ud
921,"['NOUN', 'ADV', 'PUNCT']",zhs_ud
922,"['CCONJ', 'ADV', 'ADJ']",en_ud
923,"['PART', 'VERB', 'NOUN']",zhs_ud
924,"['NOUN', 'CCONJ', 'VERB']",zhs_ud
925,"['VERB', 'PUNCT', 'DET']",zhs_ud
926,"['NOUN', 'NOUN', 'CCONJ']",zhs_ud
927,"['NOUN', 'NOUN', 'ADP']",zhs_ud
928,"['ADP', 'NOUN', 'VERB']",en_ud
929,"['VERB', 'DET', 'NOUN']",zhs_ud
930,"['NOUN', 'VERB', 'ADV']",zhs_ud
931,"['NOUN', 'PUNCT', 'ADV']",zhs_ud
932,"['VERB', 'PUNCT', 'CCONJ']",zhs_ud
933,"['DET', 'NOUN', 'PUNCT']",en_ud
934,"['VERB', 'ADV', 'VERB']",zhs_ud
935,"['VERB', 'VERB', 'ADV']",zhs_ud
936,"['ADP', 'ADJ', 'PUNCT']",en_ud
937,"['VERB', 'PART', 'VERB']",zhs_ud
938,"['NOUN', 'PUNCT', 'DET']",zhs_ud
939,"['VERB', 'PART', 'VERB']",zhs_ud
940,"['NOUN', 'PUNCT', 'ADV']",zhs_ud
941,"['ADP', 'PROPN', 'PROPN']",en_ud
942,"['ADJ', 'NOUN', 'PUNCT']",zhs_ud
943,"['NOUN', 'PUNCT', 'PRON']",zhs_ud
944,"['VERB', 'ADP', 'DET']",zhs_ud
945,"['VERB', 'VERB', 'PART']",zhs_ud
946,"['DET', 'ADJ', 'NOUN']",en_ud
947,"['ADV', 'ADP', 'NOUN']",zhs_ud
948,"['VERB', 'DET', 'NOUN']",zhs_ud
949,"['ADJ', 'NOUN', 'PUNCT']",zhs_ud
950,"['ADJ', 'NOUN', 'ADP']",zhs_ud
951,"['VERB', 'ADP', 'DET']",zhs_ud
952,"['PRON', 'VERB', 'VERB']",zhs_ud
953,"['ADJ', 'ADP', 'PRON']",en_ud
954,"['ADV', 'VERB', 'DET']",zhs_ud
955,"['VERB', 'DET', 'VERB']",zhs_ud
956,"['ADP', 'DET', 'DET']",en_ud
957,"['ADV', 'ADJ', 'ADV']",zhs_ud
958,"['PROPN', 'VERB', 'DET']",zhs_ud
959,"['VERB', 'PRON', 'ADV']",zhs_ud
960,"['VERB', 'VERB', 'PRON']",zhs_ud
961,"['VERB', 'ADP', 'DET']",zhs_ud
962,"['NOUN', 'NOUN', 'PUNCT']",zhs_ud
963,"['VERB', 'ADJ', 'PUNCT']",zhs_ud
964,"['ADV', 'VERB', 'ADJ']",zhs_ud
965,"['ADP', 'DET', 'NOUN']",en_ud
966,"['VERB', 'ADV', 'ADV']",zhs_ud
967,"['NOUN', 'DET', 'NOUN']",zhs_ud
968,"['VERB', 'ADP', 'DET']",zhs_ud
969,"['DET', 'VERB', 'VERB']",en_ud
970,"['VERB', 'NOUN', 'PART']",zhs_ud
971,"['VERB', 'VERB', 'ADP']",zhs_ud
972,"['VERB', 'ADV', 'ADP']",zhs_ud
973,"['NOUN', 'PUNCT', 'PRON']",zhs_ud
974,"['ADV', 'PRON', 'VERB']",zhs_ud
975,"['ADP', 'DET', 'ADJ']",en_ud
976,"['ADP', 'ADP', 'NOUN']",en_ud
977,"['ADV', 'ADP', 'ADP']",zhs_ud
978,"['ADP', 'DET', 'NOUN']",en_ud
979,"['NOUN', 'PUNCT', 'PRON']",zhs_ud
980,"['NOUN', 'PUNCT', 'PRON']",zhs_ud
981,"['PRON', 'VERB', 'VERB']",zhs_ud
982,"['PROPN', 'PROPN', 'PUNCT']",en_ud
983,"['NOUN', 'NOUN', 'PUNCT']",zhs_ud
984,"['NOUN', 'PRON', 'PUNCT']",zhs_ud
985,"['PROPN', 'PROPN', 'CCONJ']",en_ud
986,"['VERB', 'PRON', 'VERB']",zhs_ud
987,"['ADP', 'DET', 'NOUN']",en_ud
988,"['NOUN', 'PUNCT', 'PRON']",zhs_ud
989,"['VERB', 'ADJ', 'ADP']",zhs_ud
990,"['VERB', 'VERB', 'ADP']",zhs_ud
991,"['ADP', 'ADP', 'DET']",en_ud
992,"['ADP', 'DET', 'NOUN']",en_ud
993,"['VERB', 'ADP', 'DET']",zhs_ud
994,"['NOUN', 'ADV', 'ADP']",zhs_ud
995,"['PROPN', 'NOUN', 'VERB']",zhs_ud
996,"['VERB', 'PRON', 'VERB']",zhs_ud
997,"['ADJ', 'NOUN', 'ADP']",zhs_ud
998,"['VERB', 'VERB', 'ADJ']",zhs_ud
999,"['ADV', 'ADV', 'ADJ']",zhs_ud
1000,"['NOUN', 'ADP', 'DET']",zhs_ud
1001,"['DET', 'VERB', 'DET']",en_ud
1002,"['ADP', 'DET', 'ADJ']",en_ud
1003,"['PRON', 'VERB', 'VERB']",zhs_ud
1004,"['DET', 'NOUN', 'PUNCT']",en_ud
1005,"['VERB', 'VERB', 'ADJ']",zhs_ud
1006,"['_', '_', '_']",zhs_ud
1007,"['DET', 'VERB', 'ADV']",en_ud
1008,"['NOUN', 'PUNCT', 'VERB']",zhs_ud
1009,"['VERB', 'DET', 'ADV']",zhs_ud
1010,"['NOUN', 'PUNCT', 'ADP']",zhs_ud
1011,"['VERB', 'PRON', 'VERB']",zhs_ud
1012,"['CCONJ', 'DET', 'NOUN']",en_ud
1013,"['NOUN', 'PUNCT', 'PRON']",zhs_ud
1014,"['ADP', 'DET', 'NOUN']",en_ud
1015,"['VERB', 'DET', 'NOUN']",zhs_ud
1016,"['VERB', 'PUNCT', 'PART']",zhs_ud
1017,"['VERB', 'VERB', 'DET']",zhs_ud
1018,"['ADV', 'PUNCT', 'PRON']",zhs_ud
1019,"['DET', 'NOUN', 'DET']",en_ud
1020,"['ADP', 'DET', 'NOUN']",en_ud
1021,"['VERB', 'ADV', 'VERB']",zhs_ud
1022,"['NOUN', 'VERB', 'ADV']",zhs_ud
1023,"['VERB', 'NOUN', 'ADV']",zhs_ud
1024,"['VERB', 'ADP', 'DET']",zhs_ud
1025,"['VERB', 'ADV', 'ADP']",zhs_ud
1026,"['NOUN', 'PRON', 'VERB']",zhs_ud
1027,"['PRON', 'VERB', 'VERB']",zhs_ud
1028,"['VERB', 'VERB', 'DET']",zhs_ud
1029,"['NOUN', 'NOUN', 'PUNCT']",zhs_ud
1030,"['VERB', 'DET', 'ADJ']",zhs_ud
1031,"['DET', 'NOUN', 'ADP']",en_ud
1032,"['ADJ', 'NOUN', 'ADP']",zhs_ud
1033,"['NOUN', 'CCONJ', 'ADP']",zhs_ud
1034,"['ADP', 'DET', 'NOUN']",en_ud
1035,"['NOUN', 'ADJ', 'NOUN']",zhs_ud
1036,"['DET', 'ADJ', 'NOUN']",en_ud
1037,"['DET', 'VERB', 'VERB']",en_ud
1038,"['NOUN', 'VERB', 'VERB']",zhs_ud
1039,"['NOUN', 'PUNCT', '_']",zhs_ud
1040,"['NOUN', 'PUNCT', 'ADP']",zhs_ud
1041,"['NOUN', 'PUNCT', 'PRON']",zhs_ud
1042,"['VERB', 'ADJ', 'ADP']",zhs_ud
1043,"['ADV', 'PUNCT', 'PRON']",zhs_ud
1044,"['NOUN', 'NOUN', 'PUNCT']",zhs_ud
1045,"['VERB', 'ADV', 'PRON']",zhs_ud
1046,"['ADJ', 'NOUN', 'PUNCT']",zhs_ud
1047,"['VERB', 'ADJ', 'PUNCT']",zhs_ud
1048,"['NOUN', 'VERB', 'NOUN']",zhs_ud
1049,"['VERB', 'ADP', 'PRON']",zhs_ud
1050,"['ADP', 'DET', 'NOUN']",en_ud
1051,"['ADV', 'ADP', 'DET']",zhs_ud
1052,"['PRON', 'VERB', 'ADV']",zhs_ud
1053,"['NOUN', 'ADV', 'VERB']",zhs_ud
1054,"['VERB', 'VERB', 'PART']",zhs_ud
1055,"['NOUN', 'PUNCT', 'PRON']",zhs_ud
1056,"['NOUN', 'ADP', 'NOUN']",zhs_ud
1057,"['VERB', 'DET', 'DET']",zhs_ud
1058,"['NOUN', 'PUNCT', 'DET']",zhs_ud
1059,"['VERB', 'PUNCT', 'ADP']",zhs_ud
1060,"['VERB', 'NOUN', 'ADP']",zhs_ud
1061,"['_', '_', '_']",zhs_ud
1062,"['ADP', 'PROPN', 'PROPN']",en_ud
1063,"['DET', 'NOUN', 'ADP']",en_ud
1064,"['VERB', 'NUM', 'CCONJ']",zhs_ud
1065,"['VERB', 'ADJ', 'ADP']",zhs_ud
1066,"['PART', 'VERB', 'ADP']",zhs_ud
1067,"['ADP', 'DET', 'NOUN']",en_ud
1068,"['VERB', 'VERB', 'ADV']",zhs_ud
1069,"['NOUN', 'PUNCT', 'ADP']",zhs_ud
1070,"['ADV', 'PUNCT', 'ADV']",zhs_ud
1071,"['VERB', 'DET', 'NOUN']",zhs_ud
1072,"['PRON', 'VERB', 'DET']",zhs_ud
1073,"['ADV', 'PUNCT', 'CCONJ']",zhs_ud
1074,"['NOUN', 'PART', 'VERB']",zhs_ud
1075,"['NOUN', 'PUNCT', 'CCONJ']",zhs_ud
1076,"['PROPN', 'PROPN', 'PUNCT']",en_ud
1077,"['NOUN', 'PRON', 'VERB']",zhs_ud
1078,"['PROPN', 'ADP', 'DET']",en_ud
1079,"['VERB', 'DET', 'ADJ']",zhs_ud
1080,"['VERB', 'ADP', 'VERB']",zhs_ud
1081,"['DET', 'NOUN', 'VERB']",en_ud
1082,"['NOUN', 'VERB', 'PART']",zhs_ud
1083,"['VERB', 'ADP', 'DET']",zhs_ud
1084,"['PRON', 'VERB', 'DET']",zhs_ud
1085,"['NOUN', 'ADP', 'PROPN']",zhs_ud
1086,"['VERB', 'ADP', 'DET']",zhs_ud
1087,"['VERB', 'DET', 'NOUN']",zhs_ud
1088,"['ADP', 'DET', 'NOUN']",en_ud
1089,"['ADV', 'NOUN', 'VERB']",zhs_ud
1090,"['VERB', 'DET', 'NOUN']",zhs_ud
1091,"['NOUN', 'VERB', 'PRON']",zhs_ud
1092,"['VERB', 'ADJ', 'NOUN']",zhs_ud
1093,"['ADP', 'DET', 'NOUN']",en_ud
1094,"['VERB', 'VERB', 'PART']",zhs_ud
1095,"['VERB', 'DET', 'NOUN']",zhs_ud
1096,"['NOUN', 'PART', 'NOUN']",zhs_ud
1097,"['ADJ', 'NOUN', 'ADP']",zhs_ud
1098,"['NOUN', 'PUNCT', 'PRON']",zhs_ud
1099,"['DET', 'NOUN', 'VERB']",en_ud
1100,"['ADP', 'PROPN', 'PROPN']",en_ud
1101,"['VERB', 'NOUN', 'VERB']",zhs_ud
1102,"['VERB', 'ADP', 'DET']",zhs_ud
1103,"['DET', 'VERB', 'ADV']",en_ud
1104,"['PROPN', 'VERB', 'VERB']",zhs_ud
1105,"['VERB', 'NOUN', 'VERB']",zhs_ud
1106,"['NOUN', 'ADP', 'PRON']",zhs_ud
1107,"['NOUN', 'NOUN', 'PUNCT']",zhs_ud
1108,"['ADJ', 'NOUN', 'VERB']",zhs_ud
1109,"['INTJ', 'ADV', 'PRON']",en_ud
1110,"['ADV', 'ADV', 'PRON']",zhs_ud
1111,"['VERB', 'ADV', 'ADJ']",zhs_ud
1112,"['VERB', 'PART', 'CCONJ']",zhs_ud
1113,"['VERB', 'NOUN', 'PUNCT']",zhs_ud
1114,"['VERB', 'PUNCT', 'ADP']",zhs_ud
1115,"['ADV', 'PUNCT', 'CCONJ']",zhs_ud
1116,"['ADJ', 'NUM', 'NOUN']",en_ud
1117,"['ADJ', 'NOUN', 'PUNCT']",zhs_ud
1118,"['ADP', 'DET', 'ADJ']",en_ud
1119,"['NOUN', 'PART', 'ADJ']",zhs_ud
1120,"['NOUN', 'PUNCT', 'PRON']",zhs_ud
1121,"['NOUN', 'PUNCT', 'ADP']",zhs_ud
1122,"['NOUN', 'PUNCT', 'PRON']",zhs_ud
1123,"['ADP', 'PRON', 'VERB']",en_ud
1124,"['VERB', 'NOUN', 'CCONJ']",zhs_ud
1125,"['NOUN', 'PUNCT', 'PUNCT']",zhs_ud
1126,"['VERB', 'VERB', 'PUNCT']",zhs_ud
1127,"['DET', 'NOUN', 'ADP']",en_ud
1128,"['PROPN', 'PROPN', 'VERB']",en_ud
1129,"['VERB', 'PART', 'PUNCT']",zhs_ud
1130,"['NOUN', 'ADP', 'PRON']",zhs_ud
1131,"['ADJ', 'PUNCT', 'ADP']",en_ud
1132,"['ADV', 'NUM', 'NOUN']",zhs_ud
1133,"['NOUN', 'PUNCT', 'PRON']",zhs_ud
1134,"['VERB', 'ADP', 'DET']",zhs_ud
1135,"['NOUN', 'PUNCT', 'PUNCT']",zhs_ud
1136,"['NOUN', 'PRON', 'VERB']",zhs_ud
1137,"['PROPN', 'VERB', 'PRON']",zhs_ud
1138,"['DET', 'NOUN', 'PUNCT']",en_ud
1139,"['ADV', 'VERB', 'ADV']",zhs_ud
1140,"['PRON', 'VERB', 'VERB']",zhs_ud
1141,"['ADP', 'PROPN', 'NOUN']",en_ud
1142,"['NOUN', 'ADP', 'VERB']",zhs_ud
1143,"['NOUN', 'ADP', 'NUM']",zhs_ud
1144,"['NOUN', 'PUNCT', 'PRON']",zhs_ud
1145,"['VERB', 'PUNCT', '_']",zhs_ud
1146,"['ADP', 'ADJ', 'NOUN']",en_ud
1147,"['ADP', 'ADJ', 'NOUN']",en_ud
1148,"['ADJ', 'PART', 'VERB']",zhs_ud
1149,"['ADV', 'VERB', 'ADP']",zhs_ud
1150,"['ADP', 'PRON', 'VERB']",en_ud
1151,"['ADV', 'PROPN', '_']",zhs_ud
1152,"['PROPN', 'ADP', 'CCONJ']",en_ud
1153,"['NOUN', 'NOUN', 'CCONJ']",zhs_ud
1154,"['NOUN', 'VERB', 'ADV']",zhs_ud
1155,"['VERB', 'DET', 'ADJ']",zhs_ud
1156,"['NOUN', 'NOUN', 'PUNCT']",zhs_ud
1157,"['VERB', 'VERB', 'ADV']",zhs_ud
1158,"['ADJ', 'NOUN', 'PUNCT']",zhs_ud
1159,"['VERB', 'NOUN', 'PART']",zhs_ud
1160,"['DET', 'VERB', 'ADP']",en_ud
1161,"['DET', 'NOUN', 'PUNCT']",en_ud
1162,"['NOUN', 'NOUN', 'PUNCT']",zhs_ud
1163,"['VERB', 'ADP', 'NOUN']",zhs_ud
1164,"['DET', 'NOUN', 'ADP']",en_ud
1165,"['NOUN', 'PUNCT', 'PROPN']",zhs_ud
1166,"['ADP', 'ADJ', 'NOUN']",en_ud
1167,"['VERB', 'VERB', 'ADV']",zhs_ud
1168,"['ADV', 'VERB', 'DET']",zhs_ud
1169,"['NOUN', 'PUNCT', 'NOUN']",zhs_ud
1170,"['ADP', 'DET', 'ADJ']",en_ud
1171,"['PART', 'VERB', 'ADV']",zhs_ud
1172,"['NOUN', 'PUNCT', 'NOUN']",zhs_ud
1173,"['ADP', 'ADJ', 'PUNCT']",en_ud
1174,"['VERB', 'PRON', 'ADV']",zhs_ud
1175,"['VERB', 'ADP', 'DET']",zhs_ud
1176,"['ADV', 'NOUN', 'VERB']",zhs_ud
1177,"['PRON', 'VERB', 'VERB']",zhs_ud
1178,"['ADP', 'ADP', 'NOUN']",en_ud
1179,"['VERB', 'PRON', 'VERB']",zhs_ud
1180,"['ADP', 'DET', 'NOUN']",en_ud
1181,"['NOUN', 'CCONJ', 'NOUN']",zhs_ud
1182,"['ADV', 'ADP', 'NOUN']",zhs_ud
1183,"['ADV', 'ADV', 'CCONJ']",zhs_ud
1184,"['NOUN', 'NOUN', 'ADP']",zhs_ud
1185,"['NUM', 'NOUN', 'PUNCT']",zhs_ud
1186,"['ADP', 'PRON', 'VERB']",en_ud
1187,"['VERB', 'DET', 'NOUN']",zhs_ud
1188,"['NOUN', 'PUNCT', 'ADV']",zhs_ud
1189,"['NOUN', 'ADP', 'NOUN']",zhs_ud
1190,"['PROPN', 'PROPN', 'PUNCT']",en_ud
1191,"['ADP', 'ADJ', 'ADV']",en_ud
1192,"['ADJ', 'PUNCT', 'PRON']",en_ud
1193,"['ADP', 'DET', 'NOUN']",en_ud
1194,"['VERB', 'PRON', 'VERB']",zhs_ud
1195,"['NOUN', 'PART', 'VERB']",zhs_ud
1196,"['PUNCT', '_', '_']",en_ud
1197,"['ADP', 'DET', 'ADJ']",en_ud
1198,"['ADP', 'PRON', 'VERB']",en_ud
1199,"['ADP', 'DET', 'NOUN']",en_ud
1200,"['NOUN', 'PUNCT', 'ADP']",zhs_ud
1201,"['VERB', 'ADP', 'PRON']",zhs_ud
1202,"['VERB', 'VERB', 'DET']",zhs_ud
1203,"['NOUN', 'ADP', 'NOUN']",zhs_ud
1204,"['VERB', 'ADP', 'NOUN']",zhs_ud
1205,"['VERB', 'NOUN', 'PUNCT']",zhs_ud
1206,"['VERB', 'DET', 'NOUN']",zhs_ud
1207,"['NOUN', 'VERB', 'ADP']",zhs_ud
1208,"['ADP', 'PRON', 'PUNCT']",en_ud
1209,"['NOUN', 'PART', 'ADJ']",zhs_ud
1210,"['VERB', 'PRON', 'ADV']",zhs_ud
1211,"['NOUN', 'CCONJ', 'ADP']",zhs_ud
1212,"['ADJ', 'PUNCT', 'DET']",en_ud
1213,"['NOUN', 'PUNCT', 'PUNCT']",zhs_ud
1214,"['VERB', 'DET', 'ADJ']",zhs_ud
1215,"['VERB', 'VERB', 'ADJ']",zhs_ud
1216,"['NOUN', 'PUNCT', 'PROPN']",zhs_ud
1217,"['NOUN', 'ADP', 'NOUN']",zhs_ud
1218,"['DET', 'NOUN', 'PUNCT']",en_ud
1219,"['INTJ', 'VERB', 'PRON']",zhs_ud
1220,"['ADV', 'ADV', 'PUNCT']",zhs_ud
1221,"['ADV', 'NOUN', 'VERB']",zhs_ud
1222,"['VERB', 'PUNCT', 'PROPN']",zhs_ud
1223,"['VERB', 'ADV', 'ADJ']",zhs_ud
1224,"['PUNCT', 'CCONJ', 'ADV']",en_ud
1225,"['PRON', 'VERB', 'ADV']",zhs_ud
1226,"['NOUN', 'ADP', 'DET']",zhs_ud
1227,"['ADV', 'PART', 'VERB']",zhs_ud
1228,"['NOUN', 'NOUN', 'PART']",zhs_ud
1229,"['VERB', 'CCONJ', 'DET']",zhs_ud
1230,"['PRON', 'AUX', 'VERB']",en_ud
1231,"['DET', 'DET', 'NOUN']",en_ud
1232,"['CCONJ', 'VERB', 'ADP']",zhs_ud
1233,"['ADV', 'VERB', 'VERB']",zhs_ud
1234,"['VERB', 'DET', 'VERB']",zhs_ud
1235,"['ADJ', 'NOUN', 'ADP']",zhs_ud
1236,"['VERB', 'VERB', 'ADV']",zhs_ud
1237,"['ADJ', 'NOUN', 'VERB']",zhs_ud
1238,"['DET', 'VERB', 'ADV']",en_ud
1239,"['VERB', 'ADP', 'PRON']",zhs_ud
1240,"['VERB', 'PRON', 'VERB']",zhs_ud
1241,"['DET', 'NOUN', 'ADP']",en_ud
1242,"['NOUN', 'CCONJ', 'ADV']",zhs_ud
1243,"['NOUN', 'CCONJ', 'DET']",zhs_ud
1244,"['VERB', 'VERB', 'DET']",zhs_ud
1245,"['VERB', 'DET', 'ADJ']",zhs_ud
1246,"['NOUN', 'ADV', 'VERB']",zhs_ud
1247,"['NOUN', 'ADP', 'PROPN']",zhs_ud
1248,"['VERB', 'ADP', 'ADJ']",zhs_ud
1249,"['NOUN', 'PUNCT', 'ADP']",zhs_ud
1250,"['ADP', 'ADP', 'PRON']",en_ud
1251,"['VERB', 'PRON', 'VERB']",zhs_ud
1252,"['VERB', 'PART', 'PUNCT']",zhs_ud
1253,"['PUNCT', 'PRON', 'VERB']",en_ud
1254,"['VERB', 'VERB', 'VERB']",zhs_ud
1255,"['ADV', 'VERB', 'PART']",zhs_ud
1256,"['PROPN', 'PROPN', 'PROPN']",en_ud
1257,"['PART', 'PART', 'VERB']",zhs_ud
1258,"['PROPN', 'PROPN', 'PUNCT']",en_ud
1259,"['ADP', 'DET', 'ADJ']",en_ud
1260,"['VERB', 'PART', 'VERB']",zhs_ud
1261,"['ADV', 'VERB', 'DET']",zhs_ud
1262,"['ADJ', 'NOUN', 'PART']",zhs_ud
1263,"['ADV', 'ADV', 'PUNCT']",zhs_ud
1264,"['PUNCT', 'ADV', 'VERB']",zhs_ud
1265,"['VERB', 'VERB', 'DET']",zhs_ud
1266,"['VERB', 'PART', 'CCONJ']",zhs_ud
1267,"['PROPN', 'ADJ', 'NOUN']",en_ud
1268,"['VERB', 'ADP', 'NOUN']",zhs_ud
1269,"['PUNCT', '_', '_']",en_ud
1270,"['ADJ', 'NOUN', 'PUNCT']",zhs_ud
1271,"['NOUN', 'PRON', 'VERB']",zhs_ud
1272,"['DET', 'NOUN', 'ADV']",en_ud
1273,"['VERB', 'ADP', 'PRON']",zhs_ud
1274,"['NOUN', 'NOUN', 'PUNCT']",zhs_ud
1275,"['VERB', 'ADV', 'VERB']",zhs_ud
1276,"['ADV', 'ADJ', 'NOUN']",zhs_ud
1277,"['VERB', 'ADP', 'NOUN']",zhs_ud
1278,"['NOUN', 'PUNCT', 'PRON']",zhs_ud
1279,"['VERB', 'VERB', 'VERB']",zhs_ud
1280,"['VERB', 'ADJ', 'NOUN']",zhs_ud
1281,"['ADJ', 'NOUN', 'VERB']",zhs_ud
1282,"['ADP', 'ADJ', 'NOUN']",en_ud
1283,"['VERB', 'DET', 'NOUN']",zhs_ud
1284,"['ADJ', 'NOUN', 'PART']",zhs_ud
1285,"['VERB', 'PUNCT', 'PRON']",zhs_ud
1286,"['VERB', 'PART', 'VERB']",zhs_ud
1287,"['VERB', 'ADV', 'PUNCT']",zhs_ud
1288,"['ADV', 'VERB', 'DET']",zhs_ud
1289,"['VERB', 'DET', 'NOUN']",zhs_ud
1290,"['VERB', 'VERB', 'PRON']",zhs_ud
1291,"['DET', 'ADJ', 'NOUN']",en_ud
1292,"['ADJ', 'NOUN', 'ADP']",zhs_ud
1293,"['VERB', 'DET', 'NOUN']",zhs_ud
1294,"['DET', 'PRON', 'VERB']",en_ud
1295,"['ADJ', 'NOUN', 'PUNCT']",zhs_ud
1296,"['NOUN', 'PUNCT', 'PRON']",zhs_ud
1297,"['PUNCT', 'NOUN', 'NOUN']",zhs_ud
1298,"['ADP', 'NOUN', 'PUNCT']",zhs_ud
1299,"['VERB', 'VERB', 'DET']",zhs_ud
1300,"['VERB', 'DET', 'ADJ']",zhs_ud
1301,"['ADV', 'ADJ', 'PUNCT']",zhs_ud
1302,"['ADJ', 'ADP', 'DET']",en_ud
1303,"['ADP', 'NUM', 'PUNCT']",en_ud
1304,"['VERB', 'PART', 'VERB']",zhs_ud
1305,"['NOUN', 'PUNCT', 'ADV']",zhs_ud
1306,"['VERB', 'VERB', 'PUNCT']",zhs_ud
1307,"['ADP', 'DET', 'NOUN']",en_ud
1308,"['NOUN', 'PUNCT', 'DET']",zhs_ud
1309,"['VERB', 'PUNCT', 'DET']",zhs_ud
1310,"['VERB', 'PRON', 'PUNCT']",zhs_ud
1311,"['AUX', 'ADV', 'VERB']",en_ud
1312,"['NOUN', 'PUNCT', 'CCONJ']",zhs_ud
1313,"['NOUN', 'ADV', 'ADP']",zhs_ud
1314,"['VERB', 'DET', 'ADJ']",zhs_ud
1315,"['VERB', 'NOUN', 'CCONJ']",zhs_ud
1316,"['ADJ', 'NOUN', 'PUNCT']",zhs_ud
1317,"['VERB', 'PRON', 'DET']",zhs_ud
1318,"['ADP', 'DET', 'ADJ']",en_ud
1319,"['VERB', 'ADP', 'PRON']",zhs_ud
1320,"['ADV', 'VERB', 'DET']",zhs_ud
1321,"['VERB', 'VERB', 'NOUN']",zhs_ud
1322,"['NOUN', 'NOUN', 'NOUN']",zhs_ud
1323,"['DET', 'ADJ', 'NOUN']",en_ud
1324,"['ADV', 'ADP', 'PRON']",zhs_ud
1325,"['ADP', 'PROPN', 'PROPN']",en_ud
1326,"['NOUN', 'DET', 'VERB']",zhs_ud
1327,"['VERB', 'PART', 'CCONJ']",zhs_ud
1328,"['NOUN', 'PART', 'NOUN']",zhs_ud
1329,"['INTJ', 'ADP', 'NOUN']",en_ud
1330,"['ADP', 'PRON', 'CCONJ']",en_ud
1331,"['NOUN', 'PART', 'PUNCT']",zhs_ud
1332,"['ADP', 'DET', 'NOUN']",en_ud
1333,"['NOUN', 'ADP', 'PROPN']",zhs_ud
1334,"['PUNCT', 'ADP', 'NUM']",en_ud
1335,"['PART', 'VERB', 'DET']",zhs_ud
1336,"['ADP', 'DET', 'ADJ']",en_ud
1337,"['PROPN', 'VERB', 'NOUN']",zhs_ud
1338,"['PROPN', 'PROPN', 'CCONJ']",en_ud
1339,"['VERB', 'DET', 'NOUN']",zhs_ud
1340,"['VERB', 'CCONJ', 'DET']",zhs_ud
1341,"['ADJ', 'NOUN', 'VERB']",zhs_ud
1342,"['ADJ', 'PUNCT', 'PUNCT']",en_ud
1343,"['VERB', 'NOUN', 'PUNCT']",zhs_ud
1344,"['VERB', 'PART', 'ADV']",zhs_ud
1345,"['VERB', 'ADP', 'NOUN']",zhs_ud
1346,"['NOUN', 'VERB', 'ADV']",zhs_ud
1347,"['VERB', 'ADP', 'NOUN']",zhs_ud
1348,"['ADP', 'NOUN', 'PUNCT']",zhs_ud
1349,"['ADP', 'NOUN', 'PUNCT']",zhs_ud
1350,"['ADP', 'DET', 'NOUN']",en_ud
1351,"['ADP', 'DET', 'NOUN']",en_ud
1352,"['PRON', 'VERB', 'PART']",zhs_ud
1353,"['NOUN', 'PART', 'VERB']",zhs_ud
1354,"['PROPN', 'PROPN', 'PUNCT']",en_ud
1355,"['VERB', 'VERB', 'CCONJ']",zhs_ud
1356,"['PRON', 'VERB', 'VERB']",zhs_ud
1357,"['VERB', 'PRON', 'DET']",zhs_ud
1358,"['VERB', 'ADV', 'VERB']",zhs_ud
1359,"['NOUN', 'PUNCT', 'ADV']",zhs_ud
1360,"['VERB', 'DET', 'ADJ']",zhs_ud
1361,"['NOUN', 'PART', 'NOUN']",zhs_ud
1362,"['NOUN', 'PUNCT', 'ADV']",zhs_ud
1363,"['DET', 'NOUN', 'DET']",en_ud
1364,"['NOUN', 'ADP', 'DET']",zhs_ud
1365,"['VERB', 'ADP', 'DET']",zhs_ud
1366,"['ADJ', 'NOUN', '_']",zhs_ud
1367,"['VERB', 'ADP', 'ADV']",zhs_ud
1368,"['ADP', 'DET', 'NOUN']",en_ud
1369,"['VERB', 'ADV', 'CCONJ']",zhs_ud
1370,"['DET', 'ADJ', 'NOUN']",en_ud
1371,"['ADJ', 'PUNCT', 'ADV']",en_ud
1372,"['VERB', 'PART', 'VERB']",zhs_ud
1373,"['DET', 'NOUN', 'PUNCT']",en_ud
1374,"['VERB', 'PROPN', 'VERB']",zhs_ud
1375,"['VERB', 'ADV', 'VERB']",zhs_ud
1376,"['NOUN', 'VERB', 'ADV']",zhs_ud
1377,"['NOUN', 'NOUN', 'VERB']",zhs_ud
1378,"['ADP', 'PRON', 'PUNCT']",en_ud
1379,"['NOUN', 'VERB', 'ADJ']",zhs_ud
1380,"['ADP', 'DET', 'NOUN']",en_ud
1381,"['ADJ', 'NOUN', 'ADP']",zhs_ud
1382,"['NOUN', 'NOUN', 'ADP']",zhs_ud
1383,"['VERB', 'DET', 'NOUN']",zhs_ud
1384,"['NOUN', 'VERB', 'ADV']",zhs_ud
1385,"['VERB', 'ADP', 'DET']",zhs_ud
1386,"['ADP', 'PUNCT', 'NOUN']",en_ud
1387,"['ADP', 'PROPN', 'NOUN']",en_ud
1388,"['PROPN', 'PROPN', 'PUNCT']",en_ud
1389,"['VERB', 'ADV', 'VERB']",zhs_ud
1390,"['VERB', 'DET', 'NOUN']",zhs_ud
1391,"['ADP', 'VERB', 'DET']",en_ud
1392,"['DET', 'ADJ', 'NOUN']",en_ud
1393,"['NOUN', 'PUNCT', 'PRON']",zhs_ud
1394,"['NOUN', 'ADP', 'DET']",zhs_ud
1395,"['ADJ', 'PUNCT', 'PRON']",en_ud
1396,"['NOUN', 'PRON', 'VERB']",zhs_ud
1397,"['VERB', 'ADP', 'ADV']",zhs_ud
1398,"['VERB', 'VERB', 'ADP']",zhs_ud
1399,"['ADJ', 'PUNCT', 'PRON']",en_ud
1400,"['PROPN', 'PROPN', 'PUNCT']",en_ud
1401,"['DET', 'NOUN', 'PUNCT']",en_ud
1402,"['NOUN', 'PART', 'VERB']",zhs_ud
1403,"['VERB', 'DET', 'NOUN']",zhs_ud
1404,"['ADP', 'NOUN', 'PUNCT']",zhs_ud
1405,"['NOUN', 'ADP', 'PRON']",zhs_ud
1406,"['VERB', 'DET', 'NOUN']",zhs_ud
1407,"['VERB', 'ADP', 'DET']",zhs_ud
1408,"['VERB', 'ADV', 'VERB']",zhs_ud
1409,"['DET', 'NOUN', 'ADP']",en_ud
1410,"['VERB', 'PUNCT', '_']",zhs_ud
1411,"['ADV', 'PUNCT', 'NOUN']",zhs_ud
1412,"['NOUN', 'ADP', 'DET']",zhs_ud
1413,"['NOUN', 'PUNCT', 'DET']",zhs_ud
1414,"['ADJ', 'NOUN', 'PUNCT']",zhs_ud
1415,"['ADP', 'PROPN', 'PUNCT']",en_ud
1416,"['VERB', 'PRON', 'PART']",zhs_ud
1417,"['ADV', 'VERB', 'DET']",zhs_ud
1418,"['NOUN', 'VERB', 'ADV']",zhs_ud
1419,"['NOUN', 'CCONJ', 'DET']",zhs_ud
1420,"['ADP', 'DET', 'PUNCT']",en_ud
1421,"['VERB', 'VERB', 'ADP']",zhs_ud
1422,"['VERB', 'VERB', 'DET']",zhs_ud
1423,"['ADJ', 'NOUN', 'ADP']",zhs_ud
1424,"['DET', 'VERB', 'DET']",en_ud
1425,"['PUNCT', 'PROPN', 'PROPN']",en_ud
1426,"['VERB', 'ADP', 'PRON']",zhs_ud
1427,"['VERB', 'NOUN', 'PUNCT']",zhs_ud
1428,"['NOUN', 'PRON', 'DET']",zhs_ud
1429,"['VERB', 'NOUN', 'ADP']",zhs_ud
1430,"['VERB', 'ADJ', 'ADJ']",zhs_ud
1431,"['ADP', 'DET', 'NOUN']",en_ud
1432,"['PRON', 'VERB', 'ADV']",zhs_ud
1433,"['NOUN', 'VERB', 'VERB']",zhs_ud
1434,"['VERB', 'ADV', 'ADJ']",zhs_ud
1435,"['VERB', 'ADP', 'DET']",zhs_ud
1436,"['VERB', 'VERB', 'PROPN']",zhs_ud
1437,"['DET', 'NOUN', 'ADP']",en_ud
1438,"['ADP', 'DET', 'NOUN']",en_ud
1439,"['DET', 'NOUN', 'ADP']",en_ud
1440,"['VERB', 'PUNCT', 'PROPN']",zhs_ud
1441,"['ADP', 'NOUN', 'PUNCT']",zhs_ud
1442,"['ADV', 'VERB', 'ADP']",zhs_ud
1443,"['PROPN', 'PROPN', 'PUNCT']",en_ud
1444,"['NOUN', 'PUNCT', '_']",zhs_ud
1445,"['NOUN', 'NOUN', 'CCONJ']",zhs_ud
1446,"['ADV', 'VERB', 'ADP']",zhs_ud
1447,"['ADJ', 'ADV', 'PUNCT']",en_ud
1448,"['VERB', 'ADP', 'NOUN']",zhs_ud
1449,"['DET', 'NOUN', 'ADP']",en_ud
1450,"['NOUN', 'ADP', 'DET']",zhs_ud
1451,"['ADP', 'DET', 'ADJ']",en_ud
