ADJ__AdpType=Prep,JJ,debido,proper
ADJ__AdpType=Preppron|Gender=Masc|Number=Sing,JJ,junto,together
ADJ__AdvType=Tim,JJ,próximo,next
ADJ__Gender=Fem|Number=Plur,JJ,nuevas,new
ADJ__Gender=Fem|Number=Plur|NumType=Ord,JJ,últimas,last
ADJ__Gender=Fem|Number=Plur|VerbForm=Part,JJ,abiertas,open
ADJ__Gender=Fem|Number=Sing,JJ,nueva,new
ADJ__Gender=Fem|Number=Sing|NumType=Ord,JJ,última,last
ADJ__Gender=Fem|Number=Sing|VerbForm=Part,JJ,abierta,open
ADJ__Gender=Masc,JJ,único,singular
ADJ__Gender=Masc|Number=Plur,JJ,nuevos,new
ADJ__Gender=Masc|Number=Plur|NumType=Ord,JJ,primeros,first
ADJ__Gender=Masc|Number=Plur|VerbForm=Part,abiertos,open
ADJ__Gender=Masc|Number=Sing,JJ,nuevo,new
ADJ__Gender=Masc|Number=Sing|NumType=Ord,JJ,primero,first
ADJ__Gender=Masc|Number=Sing|VerbForm=Part,JJ,abierto,open
ADJ__Number=Plur,JJ,grandes,big
ADJ__Number=Sing,JJ,mayor,bigger
ADJ___,JJ,especial,special
ADP__AdpType=Prep,IN,en,in
ADP__AdpType=Preppron|Gender=Fem|Number=Sing,IN,da,of the
ADP__AdpType=Preppron|Gender=Masc|Number=Plur,IN,,
ADP__AdpType=Preppron|Gender=Masc|Number=Sing,IN,del,of the
ADV__AdpType=Prep,RB,encima,above
ADV__AdpType=Preppron|Gender=Masc|Number=Sing,RB,,
ADV__AdvType=Tim,RB,después,after
ADV__Gender=Masc|Number=Sing,RB,,
ADV__Mood=Ind|Number=Sing|Person=3|Tense=Imp|VerbForm=Fin,RB,,
ADV__Number=Plur,RB,,
ADV__Polarity=Neg,RB,no,no
ADV___,RB,temporalmente,temporarily
AUX__Gender=Fem|Number=Plur|Tense=Past|VerbForm=Part,VBN,,
AUX__Gender=Fem|Number=Sing|Tense=Past|VerbForm=Part,VBN,,
AUX__Gender=Masc|Number=Plur|Tense=Past|VerbForm=Part,VBN,,
AUX__Gender=Masc|Number=Sing|Tense=Past|VerbForm=Part,VBN,sido,been
AUX__Mood=Cnd|Number=Plur|Person=1|VerbForm=Fin,MD,seríamos,(we) would be
AUX__Mood=Cnd|Number=Plur|Person=3|VerbForm=Fin,MD,estarían,(they) would be
AUX__Mood=Cnd|Number=Sing|Person=1|VerbForm=Fin,MD,sería,(I) would be
AUX__Mood=Cnd|Number=Sing|Person=2|VerbForm=Fin,MD,serías,(you) would be
AUX__Mood=Cnd|Number=Sing|Person=3|VerbForm=Fin,MD,sería,(he/she/it) would be
AUX__Mood=Imp|Number=Plur|Person=3|VerbForm=Fin,VB,sean,be
AUX__Mood=Imp|Number=Sing|Person=2|VerbForm=Fin,VB,sé,be
AUX__Mood=Imp|Number=Sing|Person=3|VerbForm=Fin,VB,vaya,go
AUX__Mood=Ind|Number=Plur|Person=1|Tense=Fut|VerbForm=Fin
AUX__Mood=Ind|Number=Plur|Person=1|Tense=Imp|VerbForm=Fin
AUX__Mood=Ind|Number=Plur|Person=1|Tense=Past|VerbForm=Fin
AUX__Mood=Ind|Number=Plur|Person=1|Tense=Pres|VerbForm=Fin
AUX__Mood=Ind|Number=Plur|Person=2|Tense=Pres|VerbForm=Fin
AUX__Mood=Ind|Number=Plur|Person=3|Tense=Fut|VerbForm=Fin
AUX__Mood=Ind|Number=Plur|Person=3|Tense=Imp|VerbForm=Fin
AUX__Mood=Ind|Number=Plur|Person=3|Tense=Past|VerbForm=Fin
AUX__Mood=Ind|Number=Plur|Person=3|Tense=Pres|VerbForm=Fin
AUX__Mood=Ind|Number=Sing|Person=1|Tense=Fut|VerbForm=Fin
AUX__Mood=Ind|Number=Sing|Person=1|Tense=Imp|VerbForm=Fin
AUX__Mood=Ind|Number=Sing|Person=1|Tense=Past|VerbForm=Fin
AUX__Mood=Ind|Number=Sing|Person=1|Tense=Pres|VerbForm=Fin
AUX__Mood=Ind|Number=Sing|Person=2|Tense=Fut|VerbForm=Fin
AUX__Mood=Ind|Number=Sing|Person=2|Tense=Imp|VerbForm=Fin
AUX__Mood=Ind|Number=Sing|Person=2|Tense=Pres|VerbForm=Fin
AUX__Mood=Ind|Number=Sing|Person=3|Tense=Fut|VerbForm=Fin
AUX__Mood=Ind|Number=Sing|Person=3|Tense=Imp|VerbForm=Fin
AUX__Mood=Ind|Number=Sing|Person=3|Tense=Past|VerbForm=Fin,
AUX__Mood=Ind|Number=Sing|Person=3|Tense=Pres|VerbForm=Fin
AUX__Mood=Sub|Number=Plur|Person=1|Tense=Imp|VerbForm=Fin
AUX__Mood=Sub|Number=Plur|Person=1|Tense=Pres|VerbForm=Fin
AUX__Mood=Sub|Number=Plur|Person=3|Tense=Imp|VerbForm=Fin
AUX__Mood=Sub|Number=Plur|Person=3|Tense=Pres|VerbForm=Fin
AUX__Mood=Sub|Number=Sing|Person=1|Tense=Imp|VerbForm=Fin
AUX__Mood=Sub|Number=Sing|Person=1|Tense=Pres|VerbForm=Fin
AUX__Mood=Sub|Number=Sing|Person=2|Tense=Pres|VerbForm=Fin
AUX__Mood=Sub|Number=Sing|Person=3|Tense=Imp|VerbForm=Fin
AUX__Mood=Sub|Number=Sing|Person=3|Tense=Pres|VerbForm=Fin
AUX__VerbForm=Ger
AUX__VerbForm=Inf,MD,haber,to have
CCONJ___
DET__Definite=Def|Gender=Fem|Number=Plur|PronType=Art
DET__Definite=Def|Gender=Fem|Number=Sing|PronType=Art
DET__Definite=Def|Gender=Masc|Number=Plur|PronType=Art
DET__Definite=Def|Gender=Masc|Number=Sing|PronType=Art
DET__Definite=Def|Gender=Masc|PronType=Art
DET__Definite=Def|Number=Sing|PronType=Art
DET__Definite=Ind|Gender=Fem|Number=Plur|PronType=Art
DET__Definite=Ind|Gender=Fem|Number=Sing|NumType=Card|PronType=Art
DET__Definite=Ind|Gender=Fem|Number=Sing|PronType=Art
DET__Definite=Ind|Gender=Masc|Number=Plur|PronType=Art
DET__Definite=Ind|Gender=Masc|Number=Sing|NumType=Card|PronType=Art
DET__Definite=Ind|Gender=Masc|Number=Sing|PronType=Art
DET__Gender=Fem|Number=Plur|Number[psor]=Plur|Person=1|Poss=Yes|PronType=Prs
DET__Gender=Fem|Number=Plur|Number[psor]=Plur|Person=2|Poss=Yes|PronType=Prs
DET__Gender=Fem|Number=Plur|Person=3|Poss=Yes|PronType=Prs
DET__Gender=Fem|Number=Plur|PronType=Art
DET__Gender=Fem|Number=Plur|PronType=Dem
DET__Gender=Fem|Number=Plur|PronType=Ind
DET__Gender=Fem|Number=Sing|Number[psor]=Plur|Person=1|Poss=Yes|PronType=Prs
DET__Gender=Fem|Number=Sing|Number[psor]=Plur|Person=2|Poss=Yes|PronType=Prs
DET__Gender=Fem|Number=Sing|Number[psor]=Sing|Person=1|Poss=Yes|PronType=Prs
DET__Gender=Fem|Number=Sing|Person=3|Poss=Yes|PronType=Prs
DET__Gender=Fem|Number=Sing|PronType=Art
DET__Gender=Fem|Number=Sing|PronType=Dem
DET__Gender=Fem|Number=Sing|PronType=Ind
DET__Gender=Fem|Number=Sing|PronType=Int
DET__Gender=Masc|Number=Plur|Number[psor]=Plur|Person=1|Poss=Yes|PronType=Prs
DET__Gender=Masc|Number=Plur|Person=3|Poss=Yes|PronType=Prs
DET__Gender=Masc|Number=Plur|PronType=Art
DET__Gender=Masc|Number=Plur|PronType=Dem
DET__Gender=Masc|Number=Plur|PronType=Ind
DET__Gender=Masc|Number=Sing|Number[psor]=Plur|Person=1|Poss=Yes|PronType=Prs
DET__Gender=Masc|Number=Sing|Number[psor]=Sing|Person=1|Poss=Yes|PronType=Prs
DET__Gender=Masc|Number=Sing|Person=3|Poss=Yes|PronType=Prs
DET__Gender=Masc|Number=Sing|PronType=Art
DET__Gender=Masc|Number=Sing|PronType=Dem
DET__Gender=Masc|Number=Sing|PronType=Ind
DET__Gender=Masc|Number=Sing|PronType=Int
DET__Gender=Masc|Number=Sing|PronType=Tot
DET__Number=Plur|Number[psor]=Sing|Person=1|Poss=Yes|PronType=Prs
DET__Number=Plur|Number[psor]=Sing|Person=2|Poss=Yes|PronType=Prs
DET__Number=Plur|Person=3|Poss=Yes|PronType=Prs
DET__Number=Plur|PronType=Dem
DET__Number=Plur|PronType=Ind
DET__Number=Sing|Number[psor]=Sing|Person=1|Poss=Yes|PronType=Prs
DET__Number=Sing|Number[psor]=Sing|Person=2|Poss=Yes|PronType=Prs
DET__Number=Sing|Person=3|Poss=Yes|PronType=Prs
DET__Number=Sing|PronType=Dem
DET__Number=Sing|PronType=Ind
DET__PronType=Int
DET__PronType=Rel
INTJ___
NOUN__AdvType=Tim
NOUN__AdvType=Tim|Gender=Masc|Number=Sing
NOUN__Gender=Fem
NOUN__Gender=Fem|Number=Plur
NOUN__Gender=Fem|Number=Sing
NOUN__Gender=Masc
NOUN__Gender=Masc|Number=Plur
NOUN__Gender=Masc|Number=Sing
NOUN__Gender=Masc|Number=Sing|VerbForm=Part
NOUN__NumForm=Digit
NOUN__Number=Plur
NOUN__Number=Sing
NOUN___
NUM__Gender=Fem|Number=Plur|NumType=Card
NUM__Gender=Fem|Number=Sing|NumType=Card
NUM__Gender=Masc|Number=Plur|NumType=Card
NUM__Gender=Masc|Number=Sing|NumType=Card
NUM__NumForm=Digit
NUM__NumForm=Digit|NumType=Card
NUM__NumForm=Digit|NumType=Frac
NUM__NumType=Card
NUM__Number=Plur|NumType=Card
NUM__Number=Sing|NumType=Card
PART___
PRON__Case=Acc|Gender=Fem|Number=Plur|Person=3|PronType=Prs
PRON__Case=Acc|Gender=Fem|Number=Sing|Person=3|PronType=Prs
PRON__Case=Acc|Gender=Masc|Number=Plur|Person=3|PronType=Prs
PRON__Case=Acc|Gender=Masc|Number=Sing|Person=3|PronType=Prs
PRON__Case=Acc|Number=Plur|Person=3|PronType=Prs
PRON__Case=Acc|Number=Sing|Person=3|PronType=Prs
PRON__Case=Acc|Person=3|PronType=Prs
PRON__Case=Dat|Number=Plur|Person=3|PronType=Prs
PRON__Case=Dat|Number=Sing|Person=3|PronType=Prs
PRON__Case=Nom|Number=Sing|Person=1|PronType=Prs
PRON__Case=Nom|Number=Sing|Person=2|PronType=Prs
PRON__Gender=Fem|Number=Plur|Number[psor]=Plur|Person=1|Poss=Yes|PronType=Prs
PRON__Gender=Fem|Number=Plur|Person=3|Poss=Yes|PronType=Prs
PRON__Gender=Fem|Number=Plur|Person=3|PronType=Prs
PRON__Gender=Fem|Number=Plur|PronType=Dem
PRON__Gender=Fem|Number=Plur|PronType=Ind
PRON__Gender=Fem|Number=Plur|PronType=Int
PRON__Gender=Fem|Number=Plur|PronType=Rel
PRON__Gender=Fem|Number=Sing|Number[psor]=Plur|Person=1|Poss=Yes|PronType=Prs
PRON__Gender=Fem|Number=Sing|Number[psor]=Sing|Person=1|Poss=Yes|PronType=Prs
PRON__Gender=Fem|Number=Sing|Number[psor]=Sing|Person=2|Poss=Yes|PronType=Prs
PRON__Gender=Fem|Number=Sing|Person=1|PronType=Prs
PRON__Gender=Fem|Number=Sing|Person=3|Poss=Yes|PronType=Prs
PRON__Gender=Fem|Number=Sing|Person=3|PronType=Prs
PRON__Gender=Fem|Number=Sing|PronType=Dem
PRON__Gender=Fem|Number=Sing|PronType=Ind
PRON__Gender=Fem|Number=Sing|PronType=Rel
PRON__Gender=Masc|Number=Plur|Person=1|PronType=Prs
PRON__Gender=Masc|Number=Plur|Person=2|Poss=Yes|PronType=Prs
PRON__Gender=Masc|Number=Plur|Person=3|PronType=Prs
PRON__Gender=Masc|Number=Plur|PronType=Dem
PRON__Gender=Masc|Number=Plur|PronType=Ind
PRON__Gender=Masc|Number=Plur|PronType=Int
PRON__Gender=Masc|Number=Plur|PronType=Rel
PRON__Gender=Masc|Number=Sing|Number[psor]=Plur|Person=1|Poss=Yes|PronType=Prs
PRON__Gender=Masc|Number=Sing|Number[psor]=Sing|Person=1|Poss=Yes|PronType=Prs
PRON__Gender=Masc|Number=Sing|Number[psor]=Sing|Person=2|Poss=Yes|PronType=Prs
PRON__Gender=Masc|Number=Sing|Person=3|Poss=Yes|PronType=Prs
PRON__Gender=Masc|Number=Sing|Person=3|PronType=Prs
PRON__Gender=Masc|Number=Sing|PronType=Dem
PRON__Gender=Masc|Number=Sing|PronType=Ind
PRON__Gender=Masc|Number=Sing|PronType=Int
PRON__Gender=Masc|Number=Sing|PronType=Rel
PRON__Gender=Masc|Number=Sing|PronType=Tot
PRON__Number=Plur|Person=1
PRON__Number=Plur|Person=1|PronType=Prs
PRON__Number=Plur|Person=2|Polite=Form|PronType=Prs
PRON__Number=Plur|Person=2|PronType=Prs
PRON__Number=Plur|Person=3|Poss=Yes|PronType=Prs
PRON__Number=Plur|Person=3|PronType=Prs
PRON__Number=Plur|PronType=Dem
PRON__Number=Plur|PronType=Ind
PRON__Number=Plur|PronType=Int
PRON__Number=Plur|PronType=Rel
PRON__Number=Sing|Person=1
PRON__Number=Sing|Person=1|PrepCase=Pre|PronType=Prs
PRON__Number=Sing|Person=1|PronType=Prs
PRON__Number=Sing|Person=2
PRON__Number=Sing|Person=2|Polite=Form|PronType=Prs
PRON__Number=Sing|Person=2|PrepCase=Pre|PronType=Prs
PRON__Number=Sing|Person=2|PronType=Prs
PRON__Number=Sing|Person=3|Poss=Yes|PronType=Prs
PRON__Number=Sing|Person=3|PronType=Prs
PRON__Number=Sing|PronType=Dem
PRON__Number=Sing|PronType=Ind
PRON__Number=Sing|PronType=Int
PRON__Number=Sing|PronType=Rel
PRON__Person=1|PronType=Prs
PRON__Person=3
PRON__Person=3|PrepCase=Pre|PronType=Prs
PRON__Person=3|PronType=Prs
PRON__PronType=Ind
PRON__PronType=Int
PRON__PronType=Rel
PRON___
PROPN___
PUNCT__PunctSide=Fin|PunctType=Brck
PUNCT__PunctSide=Fin|PunctType=Excl
PUNCT__PunctSide=Fin|PunctType=Qest
PUNCT__PunctSide=Ini|PunctType=Brck
PUNCT__PunctSide=Ini|PunctType=Excl
PUNCT__PunctSide=Ini|PunctType=Qest
PUNCT__PunctType=Colo
PUNCT__PunctType=Comm
PUNCT__PunctType=Dash
PUNCT__PunctType=Peri
PUNCT__PunctType=Quot
PUNCT__PunctType=Semi
PUNCT___
SCONJ___
SYM__NumForm=Digit
SYM__NumForm=Digit|NumType=Frac
SYM___
VERB__Gender=Fem|Number=Plur|Tense=Past|VerbForm=Part
VERB__Gender=Fem|Number=Sing|Tense=Past|VerbForm=Part
VERB__Gender=Masc|Mood=Ind|Number=Sing|Person=3|Tense=Pres|VerbForm=Fin
VERB__Gender=Masc|Number=Plur|Tense=Past|VerbForm=Part
VERB__Gender=Masc|Number=Sing|Tense=Past|VerbForm=Part
VERB__Mood=Cnd|Number=Plur|Person=1|VerbForm=Fin
VERB__Mood=Cnd|Number=Plur|Person=3|VerbForm=Fin
VERB__Mood=Cnd|Number=Sing|Person=1|VerbForm=Fin
VERB__Mood=Cnd|Number=Sing|Person=2|VerbForm=Fin
VERB__Mood=Cnd|Number=Sing|Person=3|VerbForm=Fin
VERB__Mood=Imp|Number=Plur|Person=1|VerbForm=Fin
VERB__Mood=Imp|Number=Plur|Person=2|VerbForm=Fin
VERB__Mood=Imp|Number=Plur|Person=3|VerbForm=Fin
VERB__Mood=Imp|Number=Sing|Person=2|VerbForm=Fin
VERB__Mood=Imp|Number=Sing|Person=3|VerbForm=Fin
VERB__Mood=Ind|Number=Plur|Person=1|Tense=Fut|VerbForm=Fin
VERB__Mood=Ind|Number=Plur|Person=1|Tense=Imp|VerbForm=Fin
VERB__Mood=Ind|Number=Plur|Person=1|Tense=Past|VerbForm=Fin
VERB__Mood=Ind|Number=Plur|Person=1|Tense=Pres|VerbForm=Fin
VERB__Mood=Ind|Number=Plur|Person=2|Tense=Pres|VerbForm=Fin
VERB__Mood=Ind|Number=Plur|Person=3|Tense=Fut|VerbForm=Fin
VERB__Mood=Ind|Number=Plur|Person=3|Tense=Imp|VerbForm=Fin
VERB__Mood=Ind|Number=Plur|Person=3|Tense=Past|VerbForm=Fin
VERB__Mood=Ind|Number=Plur|Person=3|Tense=Pres|VerbForm=Fin
VERB__Mood=Ind|Number=Sing|Person=1|Tense=Fut|VerbForm=Fin
VERB__Mood=Ind|Number=Sing|Person=1|Tense=Imp|VerbForm=Fin
VERB__Mood=Ind|Number=Sing|Person=1|Tense=Past|VerbForm=Fin
VERB__Mood=Ind|Number=Sing|Person=1|Tense=Pres|VerbForm=Fin
VERB__Mood=Ind|Number=Sing|Person=2|Tense=Fut|VerbForm=Fin
VERB__Mood=Ind|Number=Sing|Person=2|Tense=Imp|VerbForm=Fin
VERB__Mood=Ind|Number=Sing|Person=2|Tense=Past|VerbForm=Fin
VERB__Mood=Ind|Number=Sing|Person=2|Tense=Pres|VerbForm=Fin
VERB__Mood=Ind|Number=Sing|Person=3|Tense=Fut|VerbForm=Fin
VERB__Mood=Ind|Number=Sing|Person=3|Tense=Imp|VerbForm=Fin
VERB__Mood=Ind|Number=Sing|Person=3|Tense=Past|VerbForm=Fin
VERB__Mood=Ind|Number=Sing|Person=3|Tense=Pres|VerbForm=Fin
VERB__Mood=Ind|Person=3|Tense=Pres|VerbForm=Fin
VERB__Mood=Sub|Number=Plur|Person=1|Tense=Imp|VerbForm=Fin
VERB__Mood=Sub|Number=Plur|Person=1|Tense=Pres|VerbForm=Fin
VERB__Mood=Sub|Number=Plur|Person=2|Tense=Pres|VerbForm=Fin
VERB__Mood=Sub|Number=Plur|Person=3|Tense=Imp|VerbForm=Fin
VERB__Mood=Sub|Number=Plur|Person=3|Tense=Pres|VerbForm=Fin
VERB__Mood=Sub|Number=Sing|Person=1|Tense=Imp|VerbForm=Fin
VERB__Mood=Sub|Number=Sing|Person=1|Tense=Pres|VerbForm=Fin
VERB__Mood=Sub|Number=Sing|Person=2|Tense=Pres|VerbForm=Fin
VERB__Mood=Sub|Number=Sing|Person=3|Tense=Imp|VerbForm=Fin
VERB__Mood=Sub|Number=Sing|Person=3|Tense=Pres|VerbForm=Fin
VERB__VerbForm=Ger
VERB__VerbForm=Inf
X___
_SP
___Number=Sing|Person=2|PronType=Prs
___PunctType=Quot
___VerbForm=Inf
