,incorrect_trigram_poss,correct_trigram_poss,count
1179,VERB DET NOUN,VERB DET NOUN,216
986,VERB ADP DET,VERB ADP DET,135
1018,VERB ADP PRON,VERB ADP PRON,80
1303,VERB PART VERB,VERB PART VERB,80
1138,VERB DET ADJ,VERB DET ADJ,44
1313,VERB PRON ADP,VERB PRON ADP,43
118,ADJ NOUN PUNCT,ADJ NOUN PUNCT,39
999,VERB ADP NOUN,VERB ADP NOUN,39
1351,VERB PRON PUNCT,VERB PRON PUNCT,37
1369,VERB PRON VERB,VERB PRON VERB,36
1482,VERB VERB DET,VERB VERB DET,36
1451,VERB VERB ADP,VERB VERB ADP,33
13,ADJ ADP DET,ADJ ADP DET,31
1216,VERB NOUN ADP,VERB NOUN ADP,29
69,ADJ NOUN ADP,ADJ NOUN ADP,27
1325,VERB PRON ADV,VERB PRON ADV,25
1257,VERB NOUN PUNCT,VERB NOUN PUNCT,25
1105,VERB ADV VERB,VERB ADV VERB,22
1499,VERB VERB PART,VERB VERB PART,22
946,VERB ADJ NOUN,VERB ADJ NOUN,21
123,ADJ NOUN PUNCT,DET ADJ NOUN,21
24,ADJ ADP PRON,ADJ ADP PRON,21
148,ADJ PART VERB,ADJ PART VERB,20
1332,VERB PRON DET,VERB PRON DET,20
240,ADV ADJ PUNCT,ADV ADJ PUNCT,20
1432,VERB VERB ADJ,VERB VERB ADJ,20
1041,VERB ADV ADJ,VERB ADV ADJ,19
186,ADJ PUNCT _,ADJ PUNCT _,18
1040,VERB ADV ADJ,PRON VERB ADV,18
1172,VERB DET NOUN,PART VERB DET,17
1424,VERB PUNCT _,VERB PUNCT _,17
429,ADV PUNCT _,ADV PUNCT _,17
1407,VERB PUNCT PRON,VERB PUNCT PRON,16
1506,VERB VERB PRON,VERB VERB PRON,16
1338,VERB PRON PART,VERB PRON PART,16
1136,VERB DET ADJ,PRON VERB DET,15
1462,VERB VERB ADV,VERB VERB ADV,15
1159,VERB DET DET,VERB DET DET,15
1514,VERB VERB PUNCT,VERB VERB PUNCT,15
1304,VERB PART VERB,VERB VERB PART,15
1100,VERB ADV VERB,AUX ADV VERB,15
177,ADJ PUNCT PRON,ADJ PUNCT PRON,15
111,ADJ NOUN PRON,ADJ NOUN PRON,14
1271,VERB NUM NOUN,VERB NUM NOUN,13
1365,VERB PRON VERB,PRON VERB VERB,13
89,ADJ NOUN CCONJ,ADJ NOUN CCONJ,13
226,ADV ADJ NOUN,DET ADV ADJ,13
1089,VERB ADV PUNCT,VERB ADV PUNCT,13
1185,VERB DET NOUN,VERB VERB DET,12
1056,VERB ADV ADV,VERB ADV ADV,12
167,ADJ PUNCT CCONJ,ADJ PUNCT CCONJ,12
493,ADV _ _,ADV _ _,12
646,PART VERB ADP,VERB ADP DET,12
419,ADV PUNCT PRON,ADV PUNCT PRON,12
489,ADV VERB VERB,VERB ADV VERB,12
929,VERB ADJ ADP,VERB ADJ ADP,11
960,VERB ADJ PUNCT,VERB ADJ PUNCT,11
1169,VERB DET NOUN,DET NOUN VERB,11
1234,VERB NOUN CCONJ,VERB NOUN CCONJ,11
40,ADJ CCONJ ADJ,ADJ CCONJ ADJ,11
983,VERB ADP DET,PUNCT VERB ADP,10
1444,VERB VERB ADP,VERB ADP DET,10
388,ADV PRON VERB,PUNCT ADV PRON,10
1527,VERB VERB VERB,VERB VERB VERB,10
1066,VERB ADV DET,VERB ADV DET,10
256,ADV ADP DET,ADV ADP DET,10
608,NUM NUM NOUN,NUM PUNCT NUM,9
669,PART VERB DET,VERB DET NOUN,9
332,ADV DET NOUN,ADV DET NOUN,9
1049,VERB ADV ADP,VERB ADV ADP,9
137,ADJ NOUN VERB,ADJ NOUN VERB,9
1027,VERB ADP PROPN,VERB ADP PROPN,8
1173,VERB DET NOUN,PRON VERB DET,8
1388,VERB PUNCT ADV,VERB PUNCT ADV,8
990,VERB ADP DET,VERB VERB ADP,8
1328,VERB PRON CCONJ,VERB PRON CCONJ,8
1291,VERB PART PUNCT,VERB PART PUNCT,8
980,VERB ADP DET,PART VERB ADP,8
1533,_ _ _,PUNCT _ _,7
1175,VERB DET NOUN,PUNCT VERB DET,7
1439,VERB VERB ADP,PRON VERB VERB,7
377,ADV PRON VERB,ADV PRON VERB,7
127,ADJ NOUN PUNCT,NOUN NOUN PUNCT,7
170,ADJ PUNCT DET,ADJ PUNCT DET,7
296,ADV ADV DET,PUNCT ADV ADV,7
553,CCONJ PRON VERB,PUNCT CCONJ PRON,7
1395,VERB PUNCT DET,VERB PUNCT DET,7
1144,VERB DET ADP,VERB DET ADP,7
1242,VERB NOUN PART,VERB NOUN PART,7
446,ADV VERB ADV,ADV VERB ADV,7
222,ADV ADJ NOUN,ADV ADJ NOUN,7
1163,VERB DET NOUN,ADP VERB DET,7
890,PUNCT PRON VERB,ADP PUNCT PRON,7
1382,VERB PUNCT ADP,VERB PUNCT ADP,7
1341,VERB PRON PRON,VERB PRON PRON,7
1360,VERB PRON VERB,PRON VERB ADP,6
435,ADV PUNCT _,PUNCT _ _,6
898,PUNCT PRON VERB,PUNCT PUNCT PRON,6
1012,VERB ADP PRON,ADP VERB ADP,6
1261,VERB NOUN VERB,VERB NOUN VERB,6
32,ADJ ADP VERB,ADJ ADP VERB,6
154,ADJ PRON VERB,ADJ PRON VERB,6
162,ADJ PUNCT ADP,ADJ PUNCT ADP,6
1084,VERB ADV PRON,VERB ADV PRON,6
1335,VERB PRON NOUN,VERB PRON NOUN,6
1014,VERB ADP PRON,PART VERB ADP,6
165,ADJ PUNCT ADV,ADJ PUNCT ADV,6
570,INTJ PRON VERB,ADP PRON VERB,6
1279,VERB PART ADP,VERB PART ADP,6
545,CCONJ PRON VERB,CCONJ PRON VERB,6
928,VERB ADJ ADP,PRON VERB ADJ,5
1318,VERB PRON ADP,VERB VERB PRON,5
1474,VERB VERB DET,PRON VERB VERB,5
1044,VERB ADV ADJ,VERB VERB ADV,5
173,ADJ PUNCT NOUN,ADJ PUNCT NOUN,5
888,PUNCT PRON VERB,ADP DET NOUN,5
472,ADV VERB PRON,ADV VERB PRON,5
83,ADJ NOUN ADV,ADJ NOUN ADV,5
951,VERB ADJ PART,PRON VERB ADJ,5
457,ADV VERB DET,ADV VERB DET,5
214,ADV ADJ ADP,VERB ADV ADJ,5
1391,VERB PUNCT CCONJ,VERB PUNCT CCONJ,5
495,CCONJ ADJ NOUN,CCONJ ADJ NOUN,5
668,PART VERB DET,VERB DET ADJ,5
284,ADV ADP VERB,ADV ADP VERB,5
994,VERB ADP NOUN,PART VERB ADP,5
440,ADV VERB ADP,ADV VERB ADP,5
1488,VERB VERB NOUN,VERB VERB NOUN,5
72,ADJ NOUN ADP,DET ADJ NOUN,5
1308,VERB PRON ADP,PART VERB PRON,5
981,VERB ADP DET,PRON VERB ADP,5
422,ADV PUNCT PRON,PUNCT ADV PUNCT,5
966,VERB ADP ADJ,VERB ADP ADJ,5
1333,VERB PRON DET,VERB VERB PRON,5
1006,VERB ADP NOUN,VERB VERB ADP,5
1177,VERB DET NOUN,VERB ADP DET,5
42,ADJ CCONJ ADV,ADJ CCONJ ADV,5
1140,VERB DET ADJ,VERB VERB DET,5
1305,VERB PRON ADJ,VERB PRON ADJ,5
1429,VERB VERB ADJ,PRON VERB VERB,4
486,ADV VERB VERB,ADV VERB VERB,4
919,PUNCT _ _,ADV PUNCT _,4
1036,VERB ADV ADJ,ADV VERB ADJ,4
484,ADV VERB PUNCT,VERB ADV VERB,4
1370,VERB PRON VERB,VERB VERB PRON,4
402,ADV PUNCT CCONJ,ADV PUNCT CCONJ,4
830,PROPN VERB VERB,NOUN VERB VERB,4
778,PROPN PROPN PUNCT,DET PROPN PROPN,4
1366,VERB PRON VERB,PUNCT VERB PRON,4
921,PUNCT _ _,NOUN PUNCT _,4
1452,VERB VERB ADP,VERB VERB VERB,4
822,PROPN VERB DET,NOUN VERB DET,4
1378,VERB PROPN PUNCT,VERB PROPN PUNCT,4
1322,VERB PRON ADV,PART VERB PRON,4
798,PROPN PUNCT DET,PROPN PUNCT DET,4
1478,VERB VERB DET,VERB DET ADJ,4
961,VERB ADJ PUNCT,VERB VERB ADJ,4
1420,VERB PUNCT _,ADJ PUNCT _,4
18,ADJ ADP NOUN,ADJ ADP NOUN,4
1479,VERB VERB DET,VERB DET NOUN,4
383,ADV PRON VERB,PRON ADV PRON,4
1125,VERB CCONJ VERB,VERB CCONJ VERB,4
1504,VERB VERB PRON,VERB PRON PUNCT,4
406,ADV PUNCT DET,ADV PUNCT DET,4
688,PART VERB PRON,VERB PART VERB,4
976,VERB ADP DET,ADP DET NOUN,4
839,PUNCT ADP DET,PUNCT PUNCT ADP,4
124,ADJ NOUN PUNCT,DET NOUN PUNCT,4
445,ADV VERB ADP,VERB ADV VERB,4
691,PART VERB PRON,VERB PRON PUNCT,4
944,VERB ADJ NOUN,PART VERB ADJ,4
1389,VERB PUNCT CCONJ,ADJ PUNCT CCONJ,4
988,VERB ADP DET,VERB DET NOUN,4
253,ADV ADP DET,ADP DET NOUN,4
1362,VERB PRON VERB,PRON VERB PART,4
277,ADV ADP PRON,PUNCT ADV ADP,4
676,PART VERB NOUN,VERB NOUN ADP,3
996,VERB ADP NOUN,PRON VERB ADP,3
765,PROPN PRON VERB,NOUN PRON VERB,3
1053,VERB ADV ADV,ADV VERB ADV,3
711,PROPN ADP DET,NOUN ADP DET,3
1459,VERB VERB ADV,VERB ADV PRON,3
771,PROPN PROPN DET,DET PROPN PROPN,3
760,PROPN PART PART,PROPN PART NOUN,3
1264,VERB NUM ADP,PRON VERB NUM,3
520,CCONJ DET NOUN,CCONJ DET NOUN,3
117,ADJ NOUN PUNCT,ADJ ADJ NOUN,3
1025,VERB ADP PROPN,PART VERB ADP,3
380,ADV PRON VERB,DET NOUN PRON,3
337,ADV DET NOUN,PRON DET NOUN,3
1500,VERB VERB PRON,ADV PRON VERB,3
412,ADV PUNCT NOUN,ADV PUNCT NOUN,3
1253,VERB NOUN PUNCT,PART VERB NOUN,3
1356,VERB PRON VERB,ADV PRON VERB,3
275,ADV ADP PRON,ADV ADP PRON,3
1251,VERB NOUN PUNCT,NOUN NOUN PUNCT,3
1250,VERB NOUN PUNCT,DET NOUN NOUN,3
1061,VERB ADV CCONJ,VERB ADV CCONJ,3
331,ADV DET NOUN,ADP DET NOUN,3
1135,VERB DET ADJ,PART VERB DET,3
1099,VERB ADV VERB,ADV VERB VERB,3
979,VERB ADP DET,ADV ADP DET,3
791,PROPN PUNCT ADV,NOUN PUNCT ADV,3
426,ADV PUNCT PUNCT,ADV PUNCT PUNCT,3
5,ADJ ADJ NOUN,ADV ADJ NOUN,3
428,ADV PUNCT _,ADJ PUNCT _,3
1244,VERB NOUN PRON,VERB NOUN PRON,3
432,ADV PUNCT _,PRON ADV PUNCT,3
897,PUNCT PRON VERB,PUNCT PRON VERB,3
400,ADV PUNCT ADV,ADV PUNCT ADV,3
975,VERB ADP DET,ADJ ADP DET,3
1266,VERB NUM CCONJ,VERB NUM CCONJ,3
1009,VERB ADP NUM,VERB ADP NUM,3
90,ADJ NOUN CCONJ,ADP ADJ NOUN,3
607,NUM NUM NOUN,NUM NUM NOUN,3
1400,VERB PUNCT NOUN,VERB PUNCT NOUN,3
1293,VERB PART PUNCT,VERB PUNCT PART,3
357,ADV PART VERB,ADJ PART VERB,3
92,ADJ NOUN CCONJ,DET ADJ NOUN,3
51,ADJ CCONJ PRON,ADJ CCONJ PRON,3
1437,VERB VERB ADP,DET VERB VERB,3
1438,VERB VERB ADP,PART VERB VERB,3
858,PUNCT ADV PRON,PUNCT ADV PRON,3
302,ADV ADV PUNCT,ADP DET PUNCT,3
340,ADV NOUN ADP,ADJ NOUN ADP,3
1077,VERB ADV PART,VERB ADV VERB,3
507,CCONJ ADV ADJ,CCONJ ADV ADJ,3
1448,VERB VERB ADP,VERB ADP PROPN,3
1205,VERB NOUN ADJ,VERB NOUN ADJ,3
145,ADJ NOUN _,ADJ NOUN _,3
144,ADJ NOUN VERB,PUNCT ADJ NOUN,3
143,ADJ NOUN VERB,NOUN VERB VERB,3
690,PART VERB PRON,VERB PRON DET,3
305,ADV ADV PUNCT,ADV ADV PUNCT,3
840,PUNCT ADP NOUN,PUNCT ADP NOUN,3
531,CCONJ NOUN PUNCT,CCONJ NOUN PUNCT,3
1427,VERB VERB ADJ,NOUN VERB ADJ,3
1418,VERB PUNCT VERB,VERB PUNCT VERB,3
702,PART VERB PUNCT,VERB PUNCT _,3
36,ADJ ADV PRON,ADJ ADV PRON,3
972,VERB ADP ADV,VERB ADP ADV,3
464,ADV VERB DET,VERB DET NOUN,3
465,ADV VERB NOUN,ADV PUNCT VERB,3
1284,VERB PART DET,VERB PART DET,3
948,VERB ADJ NOUN,VERB VERB ADJ,3
1220,VERB NOUN ADP,VERB VERB NOUN,3
1190,VERB DET PUNCT,VERB DET PUNCT,3
17,ADJ ADP DET,VERB ADP DET,3
205,ADJ VERB PUNCT,ADV VERB PUNCT,3
103,ADJ NOUN NOUN,ADJ PUNCT NOUN,3
1142,VERB DET ADP,PART VERB DET,3
459,ADV VERB DET,PRON VERB ADV,3
1033,VERB ADP VERB,VERB ADP VERB,3
826,PROPN VERB NOUN,NOUN VERB NOUN,3
1423,VERB PUNCT _,VERB PART PUNCT,3
339,ADV NOUN ADJ,DET NOUN ADJ,3
1103,VERB ADV VERB,PRON VERB ADV,3
1003,VERB ADP NOUN,VERB NOUN PUNCT,2
742,PROPN NOUN ADP,NOUN NOUN ADP,2
359,ADV PART VERB,ADV PART VERB,2
395,ADV PUNCT ADP,ADV PUNCT ADP,2
385,ADV PRON VERB,PRON PRON VERB,2
379,ADV PRON VERB,CCONJ PRON VERB,2
991,VERB ADP DET,VERB VERB PRON,2
1259,VERB NOUN VERB,ADV NOUN VERB,2
992,VERB ADP NOUN,CCONJ VERB ADP,2
403,ADV PUNCT CCONJ,DET NOUN PUNCT,2
1283,VERB PART CCONJ,NOUN PUNCT NOUN,2
1289,VERB PART PUNCT,NOUN PUNCT PART,2
384,ADV PRON VERB,PRON ADV VERB,2
386,ADV PRON VERB,PRON VERB ADV,2
1267,VERB NUM NOUN,ADP VERB NUM,2
481,ADV VERB PUNCT,ADV VERB PUNCT,2
409,ADV PUNCT DET,PUNCT ADV PUNCT,2
543,CCONJ PRON VERB,ADP PRON VERB,2
666,PART VERB DET,PART VERB DET,2
552,CCONJ PRON VERB,PRON VERB VERB,2
1161,VERB DET NOUN,ADP DET NOUN,2
549,CCONJ PRON VERB,PRON CCONJ PRON,2
1162,VERB DET NOUN,ADP DET VERB,2
1164,VERB DET NOUN,ADV DET NOUN,2
1165,VERB DET NOUN,ADV VERB DET,2
1168,VERB DET NOUN,DET NOUN PRON,2
1062,VERB ADV DET,ADV VERB DET,2
1170,VERB DET NOUN,DET VERB DET,2
670,PART VERB DET,VERB DET PROPN,2
671,PART VERB DET,VERB DET VERB,2
672,PART VERB DET,VERB PART VERB,2
527,CCONJ NOUN ADP,PUNCT CCONJ NOUN,2
1055,VERB ADV ADV,PRON VERB ADV,2
1182,VERB DET NOUN,VERB PART DET,2
1060,VERB ADV CCONJ,PART VERB ADV,2
1067,VERB ADV DET,VERB ADV VERB,2
1183,VERB DET NOUN,VERB PART VERB,2
1119,VERB CCONJ PRON,VERB CCONJ PRON,2
1098,VERB ADV VERB,ADV VERB PUNCT,2
1094,VERB ADV VERB,ADV VERB ADP,2
1091,VERB ADV PUNCT,VERB VERB ADV,2
1108,VERB CCONJ ADP,VERB CCONJ ADP,2
1112,VERB CCONJ DET,VERB CCONJ DET,2
1117,VERB CCONJ PRON,ADJ CCONJ PRON,2
598,NUM NOUN ADV,ADP NUM NOUN,2
1076,VERB ADV PART,VERB ADV PART,2
656,PART VERB ADV,VERB ADV ADV,2
644,PART VERB ADP,PART VERB ADP,2
1131,VERB DET ADJ,DET ADJ NOUN,2
584,NUM ADP PROPN,PUNCT NUM ADP,2
583,NUM ADP PROPN,NOUN ADP PROPN,2
647,PART VERB ADP,VERB ADP NOUN,2
1139,VERB DET ADJ,VERB PART DET,2
655,PART VERB ADV,VERB ADV ADP,2
523,CCONJ DET NOUN,PUNCT CCONJ DET,2
1054,VERB ADV ADV,DET VERB ADV,2
411,ADV PUNCT DET,PUNCT DET VERB,2
713,PROPN ADP DET,PUNCT PROPN PUNCT,2
705,PART VERB VERB,VERB PART VERB,2
454,ADV VERB CCONJ,ADV VERB CCONJ,2
453,ADV VERB ADV,VERB ADV VERB,2
1231,VERB NOUN CCONJ,DET NOUN NOUN,2
1029,VERB ADP PUNCT,VERB ADP PUNCT,2
448,ADV VERB ADV,DET VERB ADV,2
444,ADV VERB ADP,VERB ADV ADP,2
1240,VERB NOUN NOUN,VERB NOUN NOUN,2
1224,VERB NOUN ADV,DET NOUN NOUN,2
1243,VERB NOUN PRON,ADJ NOUN PRON,2
1022,VERB ADP PRON,VERB VERB ADP,2
427,ADV PUNCT VERB,ADV PUNCT VERB,2
425,ADV PUNCT PROPN,ADV PUNCT PROPN,2
1021,VERB ADP PRON,VERB PRON PUNCT,2
423,ADV PUNCT PRON,PUNCT PRON VERB,2
1252,VERB NOUN PUNCT,NOUN VERB PUNCT,2
461,ADV VERB DET,PUNCT ADV VERB,2
1218,VERB NOUN ADP,VERB PRON NOUN,2
678,PART VERB NOUN,VERB NOUN PUNCT,2
1206,VERB NOUN ADP,ADP DET NOUN,2
682,PART VERB NUM,VERB NUM NOUN,2
685,PART VERB PART,VERB PART VERB,2
1196,VERB DET VERB,PROPN DET VERB,2
1197,VERB DET VERB,VERB DET VERB,2
504,CCONJ ADP PRON,CCONJ ADP PRON,2
1046,VERB ADV ADP,ADV VERB ADP,2
498,CCONJ ADJ NOUN,PUNCT CCONJ ADJ,2
490,ADV VERB VERB,VERB VERB ADP,2
475,ADV VERB PRON,PUNCT ADV VERB,2
1209,VERB NOUN ADP,DET NOUN NOUN,2
482,ADV VERB PUNCT,NOUN ADV PUNCT,2
352,ADV NOUN VERB,ADV NOUN VERB,2
1213,VERB NOUN ADP,PUNCT VERB NOUN,2
1215,VERB NOUN ADP,VERB DET NOUN,2
477,ADV VERB PRON,VERB PRON ADJ,2
476,ADV VERB PRON,VERB ADV VERB,2
989,VERB ADP DET,VERB PART ADP,2
1097,VERB ADV VERB,ADV VERB PRON,2
351,ADV NOUN VERB,ADP NOUN VERB,2
155,ADJ PRON VERB,NOUN PRON VERB,2
817,PROPN VERB ADJ,DET PROPN VERB,2
1505,VERB VERB PRON,VERB PRON VERB,2
910,PUNCT VERB PRON,PUNCT VERB PRON,2
193,ADJ PUNCT _,VERB PUNCT _,2
190,ADJ PUNCT _,NOUN PUNCT _,2
188,ADJ PUNCT _,ADV PUNCT _,2
943,VERB ADJ NOUN,NOUN VERB ADJ,2
182,ADJ PUNCT PUNCT,ADJ PUNCT PUNCT,2
180,ADJ PUNCT PRON,VERB PUNCT PRON,2
827,PROPN VERB NOUN,PROPN VERB NOUN,2
54,ADJ CCONJ VERB,ADV CCONJ ADV,2
829,PROPN VERB PUNCT,DET ADJ VERB,2
831,PROPN VERB VERB,PROPN VERB VERB,2
832,PUNCT ADJ NOUN,ADP PUNCT ADJ,2
56,ADJ DET ADJ,DET ADJ NOUN,2
59,ADJ DET NOUN,DET NOUN ADJ,2
159,ADJ PUNCT ADJ,ADJ PUNCT ADJ,2
950,VERB ADJ PART,ADV VERB ADJ,2
815,PROPN PUNCT _,PROPN PUNCT _,2
1408,VERB PUNCT PRON,VERB VERB PUNCT,2
80,ADJ NOUN ADP,PART VERB ADJ,2
801,PROPN PUNCT PRON,ADV PUNCT PRON,2
803,PROPN PUNCT PRON,PROPN PUNCT PRON,2
958,VERB ADJ PUNCT,PRON VERB ADJ,2
227,ADV ADJ NOUN,NOUN ADV ADV,2
805,PROPN PUNCT PRON,PUNCT PROPN PUNCT,2
879,PUNCT DET VERB,PUNCT DET VERB,2
878,PUNCT DET VERB,ADV PUNCT DET,2
1396,VERB PUNCT INTJ,VERB PUNCT INTJ,2
47,ADJ CCONJ DET,ADJ CCONJ DET,2
809,PROPN PUNCT VERB,NOUN PUNCT VERB,2
1510,VERB VERB PUNCT,PRON VERB VERB,2
212,ADV ADJ ADP,PRON ADV ADJ,2
1401,VERB PUNCT NOUN,VERB VERB PUNCT,2
1403,VERB PUNCT PART,VERB PUNCT PART,2
814,PROPN PUNCT _,NOUN PUNCT _,2
1406,VERB PUNCT PRON,PART VERB PUNCT,2
836,PUNCT ADP DET,CCONJ PUNCT ADP,2
153,ADJ PART VERB,VERB PART VERB,2
237,ADV ADJ PUNCT,ADJ PUNCT CCONJ,2
1441,VERB VERB ADP,VERB ADP ADJ,2
916,PUNCT _ _,ADP DET NOUN,2
70,ADJ NOUN ADP,ADJ PUNCT NOUN,2
1461,VERB VERB ADV,VERB ADV VERB,2
109,ADJ NOUN PART,ADJ NOUN PART,2
918,PUNCT _ _,ADP PRON PUNCT,2
1467,VERB VERB CCONJ,VERB VERB CCONJ,2
1487,VERB VERB NOUN,VERB NOUN PUNCT,2
77,ADJ NOUN ADP,NOUN NOUN ADP,2
1485,VERB VERB NOUN,VERB NOUN ADP,2
1470,VERB VERB DET,DET VERB VERB,2
923,PUNCT _ _,PUNCT _ _,2
1472,VERB VERB DET,PART VERB VERB,2
97,ADJ NOUN DET,ADJ NOUN DET,2
857,PUNCT ADV PRON,PRON VERB ADV,2
1477,VERB VERB DET,VERB ADV VERB,2
88,ADJ NOUN ADV,NOUN NOUN ADV,2
861,PUNCT ADV PUNCT,VERB PUNCT ADV,2
1492,VERB VERB NUM,VERB VERB NUM,2
933,VERB ADJ ADV,VERB ADJ ADV,2
120,ADJ NOUN PUNCT,ADP ADJ NOUN,2
1498,VERB VERB PART,VERB PART VERB,2
837,PUNCT ADP DET,NOUN PUNCT ADP,2
150,ADJ PART VERB,DET NOUN PART,2
149,ADJ PART VERB,ADV PART VERB,2
838,PUNCT ADP DET,PUNCT ADP DET,2
142,ADJ NOUN VERB,NOUN VERB PUNCT,2
140,ADJ NOUN VERB,NOUN VERB ADP,2
138,ADJ NOUN VERB,DET ADJ NOUN,2
1447,VERB VERB ADP,VERB ADP PRON,2
66,ADJ NOUN ADJ,ADJ NOUN ADJ,2
871,PUNCT DET ADJ,PUNCT PUNCT DET,2
135,ADJ NOUN PUNCT,PUNCT ADJ NOUN,2
937,VERB ADJ CCONJ,VERB ADJ CCONJ,2
130,ADJ NOUN PUNCT,NOUN PUNCT PRON,2
869,PUNCT CCONJ PRON,PRON PUNCT CCONJ,2
126,ADJ NOUN PUNCT,NOUN ADV PUNCT,2
125,ADJ NOUN PUNCT,NOUN ADJ PUNCT,2
33,ADJ ADP VERB,ADV ADP VERB,2
41,ADJ CCONJ ADJ,DET ADJ CCONJ,2
1483,VERB VERB DET,VERB VERB VERB,2
785,PROPN PROPN _,PROPN _ _,2
1331,VERB PRON DET,VERB DET NOUN,2
12,ADJ ADP ADV,ADJ ADP ADV,2
319,ADV CCONJ PRON,ADV CCONJ PRON,2
1350,VERB PRON PUNCT,VERB ADP PRON,2
274,ADV ADP PRON,ADP PRON VERB,2
1349,VERB PRON PUNCT,PUNCT _ _,2
1518,VERB VERB VERB,DET NOUN VERB,2
316,ADV CCONJ ADV,PUNCT ADV CCONJ,2
968,VERB ADP ADP,VERB ADP ADP,2
280,ADV ADP PROPN,ADV ADP PROPN,2
884,PUNCT NOUN PUNCT,NOUN PUNCT NOUN,2
1520,VERB VERB VERB,PUNCT INTJ PUNCT,2
15,ADJ ADP DET,ADV ADP DET,2
779,PROPN PROPN PUNCT,NOUN NOUN PUNCT,2
902,PUNCT PUNCT DET,ADP DET NOUN,2
1377,VERB PROPN PROPN,VERB PROPN PROPN,2
1343,VERB PRON PROPN,VERB PRON PROPN,2
286,ADV ADV ADJ,ADV ADV ADJ,2
287,ADV ADV ADJ,PRON VERB ADV,2
289,ADV ADV ADP,ADV ADP DET,2
1525,VERB VERB VERB,VERB VERB DET,2
1329,VERB PRON DET,ADP VERB PRON,2
294,ADV ADV DET,ADV ADV DET,2
775,PROPN PROPN PROPN,PROPN PROPN PROPN,2
774,PROPN PROPN PRON,PUNCT PROPN PROPN,2
298,ADV ADV PRON,ADV ADV PRON,2
300,ADV ADV PRON,PUNCT ADV ADV,2
1524,VERB VERB VERB,VERB VERB ADP,2
306,ADV ADV PUNCT,ADV PUNCT PRON,2
1320,VERB PRON ADV,DET PRON ADV,2
784,PROPN PROPN VERB,PROPN PROPN VERB,2
269,ADV ADP NOUN,PUNCT ADV ADP,2
6,ADJ ADJ NOUN,DET ADJ ADJ,2
796,PROPN PUNCT DET,NOUN PUNCT DET,2
1300,VERB PART VERB,PUNCT VERB PART,2
346,ADV NOUN PUNCT,ADJ NOUN PUNCT,2
1375,VERB PROPN PART,PART VERB PROPN,2
2,ADJ ADJ ADV,ADV ADJ ADV,2
795,PROPN PUNCT CCONJ,PROPN PUNCT CCONJ,2
30,ADJ ADP PROPN,DET NOUN ADP,2
1372,VERB PROPN ADV,VERB PROPN ADV,2
793,PROPN PUNCT CCONJ,NOUN PUNCT CCONJ,2
251,ADV ADP DET,ADJ ADP DET,2
4,ADJ ADJ NOUN,ADJ NOUN NOUN,2
1364,VERB PRON VERB,PRON VERB PUNCT,2
341,ADV NOUN ADP,DET NOUN ADP,2
258,ADV ADP DET,PRON ADV ADP,2
1363,VERB PRON VERB,PRON VERB PRON,2
965,VERB ADP ADJ,VERB ADJ NOUN,2
1317,VERB PRON ADP,VERB PROPN ADP,2
11,ADJ ADP ADP,ADJ ADP ADP,2
787,PROPN PUNCT ADP,DET PROPN PUNCT,2
788,PROPN PUNCT ADP,PROPN PUNCT ADP,2
1358,VERB PRON VERB,NOUN PRON VERB,2
789,PROPN PUNCT ADP,PUNCT ADP DET,2
261,ADV ADP DET,VERB ADP DET,2
1330,VERB PRON DET,PART VERB PRON,2
893,PUNCT PRON VERB,PART PUNCT PRON,2
766,PROPN PRON VERB,PROPN PRON VERB,2
1311,VERB PRON ADP,VERB DET NOUN,2
920,PUNCT _ _,DET NOUN PUNCT,1
915,PUNCT _ _,ADJ CCONJ ADJ,1
899,PUNCT PROPN PROPN,ADV PUNCT PROPN,1
914,PUNCT X PUNCT,NOUN PUNCT X,1
1090,VERB ADV PUNCT,VERB PUNCT PRON,1
1058,VERB ADV ADV,VERB PART ADV,1
1092,VERB ADV VERB,ADV ADV ADV,1
917,PUNCT _ _,ADP NOUN PUNCT,1
1093,VERB ADV VERB,ADV VERB ADJ,1
1059,VERB ADV ADV,VERB VERB ADV,1
1095,VERB ADV VERB,ADV VERB ADV,1
904,PUNCT VERB ADP,ADP PUNCT VERB,1
913,PUNCT X PROPN,PUNCT X PROPN,1
900,PUNCT PROPN PUNCT,CCONJ PROPN PUNCT,1
1075,VERB ADV PART,PUNCT VERB ADV,1
905,PUNCT VERB ADP,PUNCT VERB ADP,1
906,PUNCT VERB DET,PRON VERB PART,1
903,PUNCT VERB ADP,ADP DET NOUN,1
1074,VERB ADV PART,PRON VERB ADV,1
1073,VERB ADV PART,PART VERB ADV,1
1078,VERB ADV PRON,ADJ ADV PRON,1
907,PUNCT VERB NOUN,ADV PUNCT VERB,1
1072,VERB ADV NUM,VERB ADV NUM,1
908,PUNCT VERB PRON,ADP PUNCT VERB,1
1079,VERB ADV PRON,ADV ADV PRON,1
909,PUNCT VERB PRON,PUNCT PUNCT VERB,1
1080,VERB ADV PRON,AUX ADV PRON,1
1071,VERB ADV NUM,ADP VERB ADV,1
1070,VERB ADV NOUN,VERB ADV NOUN,1
1081,VERB ADV PRON,DET VERB ADV,1
911,PUNCT VERB PUNCT,NOUN VERB PUNCT,1
1069,VERB ADV NOUN,VERB ADP DET,1
1082,VERB ADV PRON,PRON VERB ADV,1
1068,VERB ADV NOUN,ADJ ADV NOUN,1
1083,VERB ADV PRON,VERB ADJ ADV,1
912,PUNCT VERB VERB,NOUN PUNCT VERB,1
1064,VERB ADV DET,PART VERB ADV,1
1085,VERB ADV PUNCT,ADP DET PUNCT,1
1086,VERB ADV PUNCT,ADV PUNCT INTJ,1
1087,VERB ADV PUNCT,ADV VERB ADV,1
1063,VERB ADV DET,NOUN PRON VERB,1
901,PUNCT PUNCT ADP,PUNCT PUNCT ADP,1
1088,VERB ADV PUNCT,NOUN ADV PUNCT,1
1065,VERB ADV DET,PUNCT VERB ADV,1
939,VERB ADJ DET,PUNCT PRON VERB,1
922,PUNCT _ _,PRON VERB PUNCT,1
956,VERB ADJ PRON,VERB ADJ PRON,1
1011,VERB ADP PRON,ADP PRON VERB,1
970,VERB ADP ADV,NOUN ADP ADV,1
969,VERB ADP ADP,VERB DET NOUN,1
1013,VERB ADP PRON,DET ADP PRON,1
967,VERB ADP ADP,PRON VERB ADP,1
1015,VERB ADP PRON,PRON VERB ADP,1
1016,VERB ADP PRON,PRON VERB VERB,1
1017,VERB ADP PRON,PUNCT VERB ADP,1
1019,VERB ADP PRON,VERB DET ADJ,1
1020,VERB ADP PRON,VERB DET NOUN,1
964,VERB ADP ADJ,PART VERB ADP,1
963,VERB ADP ADJ,ADV ADP ADJ,1
962,VERB ADP ADJ,ADJ ADP ADJ,1
1023,VERB ADP PRON,VERB VERB VERB,1
1024,VERB ADP PROPN,ADP PROPN PUNCT,1
959,VERB ADJ PUNCT,PUNCT VERB ADJ,1
1026,VERB ADP PROPN,PRON VERB ADP,1
1010,VERB ADP NUM,VERB VERB ADP,1
971,VERB ADP ADV,PUNCT VERB ADP,1
1008,VERB ADP NUM,PUNCT VERB ADP,1
998,VERB ADP NOUN,VERB ADJ ADP,1
985,VERB ADP DET,VERB ADJ ADP,1
984,VERB ADP DET,PUNCT _ _,1
982,VERB ADP DET,PRON VERB VERB,1
993,VERB ADP NOUN,DET NOUN ADP,1
995,VERB ADP NOUN,PART VERB NOUN,1
997,VERB ADP NOUN,PUNCT VERB ADP,1
978,VERB ADP DET,ADP NOUN PUNCT,1
977,VERB ADP DET,ADP NOUN ADP,1
1007,VERB ADP NUM,ADJ ADP NUM,1
1000,VERB ADP NOUN,VERB ADV ADJ,1
1001,VERB ADP NOUN,VERB NOUN ADV,1
1002,VERB ADP NOUN,VERB NOUN PRON,1
1096,VERB ADV VERB,ADV VERB NOUN,1
1004,VERB ADP NOUN,VERB PART ADP,1
1005,VERB ADP NOUN,VERB PUNCT PART,1
973,VERB ADP CCONJ,PART VERB ADP,1
957,VERB ADJ PUNCT,ADJ PUNCT CCONJ,1
1028,VERB ADP PUNCT,PRON VERB ADP,1
924,SYM NUM ADV,ADP SYM NUM,1
955,VERB ADJ PRON,PRON VERB ADJ,1
1045,VERB ADV ADP,ADP ADP PRON,1
1047,VERB ADV ADP,PRON VERB VERB,1
1048,VERB ADV ADP,VERB ADJ ADP,1
938,VERB ADJ DET,ADP PRON VERB,1
936,VERB ADJ CCONJ,PRON VERB ADV,1
1050,VERB ADV ADP,VERB ADV PUNCT,1
1051,VERB ADV ADP,VERB PROPN ADV,1
1052,VERB ADV ADP,VERB VERB VERB,1
935,VERB ADJ CCONJ,PART VERB ADJ,1
934,VERB ADJ CCONJ,ADJ CCONJ NOUN,1
932,VERB ADJ ADV,CCONJ DET NOUN,1
931,VERB ADJ ADP,VERB VERB ADJ,1
930,VERB ADJ ADP,VERB NOUN ADJ,1
927,VERB ADJ ADP,ADV ADJ ADP,1
926,VERB ADJ ADP,ADJ ADP DET,1
925,VERB ADJ ADJ,VERB ADP NOUN,1
1057,VERB ADV ADV,VERB ADV PUNCT,1
1043,VERB ADV ADJ,VERB PRON ADJ,1
987,VERB ADP DET,VERB ADV PUNCT,1
1042,VERB ADV ADJ,VERB ADV PUNCT,1
1035,VERB ADV ADJ,ADV ADV VERB,1
954,VERB ADJ PART,VERB VERB ADJ,1
1030,VERB ADP PUNCT,VERB PART PUNCT,1
953,VERB ADJ PART,VERB PRON PART,1
1031,VERB ADP PUNCT,VERB VERB ADP,1
1032,VERB ADP VERB,ADJ ADP VERB,1
952,VERB ADJ PART,VERB ADJ PART,1
1034,VERB ADP VERB,VERB PART VERB,1
949,VERB ADJ NUM,VERB ADJ NUM,1
940,VERB ADJ NOUN,ADJ NOUN ADP,1
947,VERB ADJ NOUN,VERB ADP VERB,1
1037,VERB ADV ADJ,DET NOUN ADP,1
945,VERB ADJ NOUN,PRON VERB ADJ,1
1038,VERB ADV ADJ,NOUN ADV ADJ,1
1039,VERB ADV ADJ,PART VERB ADV,1
942,VERB ADJ NOUN,ADJ NOUN PUNCT,1
941,VERB ADJ NOUN,ADJ NOUN DET,1
974,VERB ADP CCONJ,VERB VERB ADP,1
0,ADJ ADJ ADP,ADJ ADJ ADP,1
1101,VERB ADV VERB,DET VERB ADV,1
1398,VERB PUNCT NOUN,DET VERB PUNCT,1
1376,VERB PROPN PRON,VERB PROPN PRON,1
1379,VERB PUNCT ADJ,VERB VERB PUNCT,1
1380,VERB PUNCT ADP,PART VERB VERB,1
1381,VERB PUNCT ADP,PRON VERB PUNCT,1
1383,VERB PUNCT ADP,VERB VERB PUNCT,1
1384,VERB PUNCT ADV,ADJ PUNCT ADV,1
1385,VERB PUNCT ADV,ADV PUNCT ADV,1
1386,VERB PUNCT ADV,PART VERB PUNCT,1
1387,VERB PUNCT ADV,PRON VERB PUNCT,1
1390,VERB PUNCT CCONJ,PART VERB PUNCT,1
1392,VERB PUNCT CCONJ,VERB VERB PUNCT,1
1393,VERB PUNCT DET,ADJ PUNCT DET,1
1394,VERB PUNCT DET,VERB ADP PUNCT,1
1397,VERB PUNCT INTJ,VERB VERB PUNCT,1
1399,VERB PUNCT NOUN,NOUN PUNCT NOUN,1
1373,VERB PROPN CCONJ,VERB PROPN CCONJ,1
1402,VERB PUNCT PART,VERB ADJ PUNCT,1
1404,VERB PUNCT PRON,ADJ PUNCT PRON,1
1405,VERB PUNCT PRON,NOUN PUNCT PRON,1
1409,VERB PUNCT PROPN,ADJ PUNCT PROPN,1
1410,VERB PUNCT PROPN,VERB PUNCT PROPN,1
1411,VERB PUNCT PROPN,VERB VERB PUNCT,1
1412,VERB PUNCT PUNCT,ADV PUNCT PUNCT,1
1413,VERB PUNCT PUNCT,NOUN PUNCT PUNCT,1
1414,VERB PUNCT PUNCT,PART VERB PUNCT,1
1415,VERB PUNCT PUNCT,VERB PUNCT PUNCT,1
1416,VERB PUNCT VERB,ADV PUNCT VERB,1
1417,VERB PUNCT VERB,PART VERB PUNCT,1
1419,VERB PUNCT VERB,VERB VERB PUNCT,1
1421,VERB PUNCT _,NOUN PUNCT _,1
1374,VERB PROPN NUM,PROPN VERB NUM,1
1371,VERB PROPN ADP,VERB PROPN ADP,1
1425,VERB SYM NUM,VERB SYM NUM,1
1339,VERB PRON PART,VERB VERB PRON,1
1310,VERB PRON ADP,VERB ADP DET,1
1312,VERB PRON ADP,VERB NOUN ADP,1
1314,VERB PRON ADP,VERB PRON NOUN,1
1315,VERB PRON ADP,VERB PRON PART,1
1316,VERB PRON ADP,VERB PRON PUNCT,1
1319,VERB PRON ADV,ADP VERB PRON,1
1321,VERB PRON ADV,DET VERB PRON,1
1323,VERB PRON ADV,PRON VERB PRON,1
1324,VERB PRON ADV,PRON VERB VERB,1
1326,VERB PRON AUX,ADV VERB PRON,1
1327,VERB PRON CCONJ,PART VERB PRON,1
1334,VERB PRON INTJ,VERB PRON INTJ,1
1336,VERB PRON PART,PART VERB PRON,1
1337,VERB PRON PART,PRON VERB PART,1
1340,VERB PRON PRON,PRON VERB VERB,1
1368,VERB PRON VERB,VERB PART PRON,1
1342,VERB PRON PRON,VERB VERB PRON,1
1344,VERB PRON PUNCT,ADP VERB PRON,1
1345,VERB PRON PUNCT,PRON PUNCT VERB,1
1346,VERB PRON PUNCT,PRON VERB VERB,1
1347,VERB PRON PUNCT,PUNCT CCONJ PRON,1
1348,VERB PRON PUNCT,PUNCT VERB PRON,1
1352,VERB PRON PUNCT,VERB PRON VERB,1
1353,VERB PRON PUNCT,VERB VERB PRON,1
1354,VERB PRON VERB,ADJ PRON VERB,1
1355,VERB PRON VERB,ADV ADP PRON,1
1357,VERB PRON VERB,CCONJ VERB PRON,1
1359,VERB PRON VERB,PART VERB PRON,1
1361,VERB PRON VERB,PRON VERB DET,1
1367,VERB PRON VERB,VERB DET NOUN,1
1422,VERB PUNCT _,PRON VERB PUNCT,1
1426,VERB VERB ADJ,ADV ADJ ADP,1
1307,VERB PRON ADJ,VERB PRON PUNCT,1
1511,VERB VERB PUNCT,VERB ADJ PUNCT,1
1489,VERB VERB NOUN,VERB VERB VERB,1
1490,VERB VERB NUM,VERB NUM NOUN,1
1491,VERB VERB NUM,VERB NUM PUNCT,1
1493,VERB VERB PART,ADP VERB PART,1
1494,VERB VERB PART,DET ADJ NOUN,1
1495,VERB VERB PART,DET VERB VERB,1
1496,VERB VERB PART,PRON VERB VERB,1
1497,VERB VERB PART,VERB PART ADP,1
1501,VERB VERB PRON,AUX ADV VERB,1
1502,VERB VERB PRON,PRON VERB VERB,1
1503,VERB VERB PRON,VERB PART VERB,1
1507,VERB VERB PROPN,PRON VERB VERB,1
1508,VERB VERB PROPN,VERB PROPN PROPN,1
1509,VERB VERB PUNCT,AUX ADV VERB,1
1512,VERB VERB PUNCT,VERB PUNCT PUNCT,1
1484,VERB VERB NOUN,ADV VERB VERB,1
1513,VERB VERB PUNCT,VERB PUNCT _,1
1515,VERB VERB PUNCT,VERB VERB VERB,1
1516,VERB VERB VERB,ADV VERB ADP,1
1517,VERB VERB VERB,ADV VERB DET,1
1519,VERB VERB VERB,PRON VERB VERB,1
1521,VERB VERB VERB,VERB ADP NUM,1
1522,VERB VERB VERB,VERB ADV ADV,1
1523,VERB VERB VERB,VERB VERB ADJ,1
1526,VERB VERB VERB,VERB VERB PUNCT,1
1528,VERB X PUNCT,PUNCT VERB X,1
1529,X NOUN DET,PRON VERB VERB,1
1530,X PUNCT CCONJ,ADV PUNCT CCONJ,1
1531,X VERB PART,PRON VERB VERB,1
1532,_ _ _,PRON VERB PUNCT,1
1486,VERB VERB NOUN,VERB NOUN DET,1
1481,VERB VERB DET,VERB VERB ADV,1
1428,VERB VERB ADJ,NOUN VERB VERB,1
1454,VERB VERB ADV,DET NOUN ADP,1
1430,VERB VERB ADJ,VERB ADJ ADJ,1
1431,VERB VERB ADJ,VERB ADJ NOUN,1
1433,VERB VERB ADJ,VERB VERB VERB,1
1434,VERB VERB ADP,ADJ ADP PRON,1
1435,VERB VERB ADP,ADP VERB VERB,1
1436,VERB VERB ADP,DET VERB ADP,1
1440,VERB VERB ADP,PUNCT VERB VERB,1
1442,VERB VERB ADP,VERB ADP ADP,1
1443,VERB VERB ADP,VERB ADP ADV,1
1445,VERB VERB ADP,VERB ADP NOUN,1
1446,VERB VERB ADP,VERB ADP NUM,1
1449,VERB VERB ADP,VERB ADV VERB,1
1450,VERB VERB ADP,VERB DET NOUN,1
1453,VERB VERB ADV,ADV ADV VERB,1
1455,VERB VERB ADV,PRON VERB VERB,1
1480,VERB VERB DET,VERB DET PROPN,1
1456,VERB VERB ADV,VERB ADV ADJ,1
1457,VERB VERB ADV,VERB ADV ADP,1
1458,VERB VERB ADV,VERB ADV CCONJ,1
1460,VERB VERB ADV,VERB ADV PUNCT,1
1463,VERB VERB ADV,VERB VERB VERB,1
1464,VERB VERB CCONJ,DET VERB VERB,1
1465,VERB VERB CCONJ,VERB ADJ CCONJ,1
1466,VERB VERB CCONJ,VERB CCONJ ADV,1
1468,VERB VERB DET,ADV DET NOUN,1
1469,VERB VERB DET,ADV VERB VERB,1
1471,VERB VERB DET,PART VERB DET,1
1473,VERB VERB DET,PRON VERB DET,1
1475,VERB VERB DET,PUNCT VERB VERB,1
1476,VERB VERB DET,VERB ADP VERB,1
1309,VERB PRON ADP,PUNCT VERB PRON,1
1306,VERB PRON ADJ,VERB PRON PART,1
1102,VERB ADV VERB,NOUN VERB ADV,1
1180,VERB DET NOUN,VERB DET VERB,1
1152,VERB DET DET,ADJ DET DET,1
1153,VERB DET DET,ADP DET DET,1
1154,VERB DET DET,ADP NOUN ADP,1
1155,VERB DET DET,DET VERB DET,1
1156,VERB DET DET,PART VERB DET,1
1157,VERB DET DET,PUNCT VERB DET,1
1158,VERB DET DET,VERB ADP DET,1
1160,VERB DET NOUN,ADJ DET NOUN,1
1166,VERB DET NOUN,DET NOUN ADP,1
1167,VERB DET NOUN,DET NOUN PART,1
1171,VERB DET NOUN,NOUN VERB DET,1
1174,VERB DET NOUN,PRON VERB VERB,1
1176,VERB DET NOUN,VERB ADP ADP,1
1178,VERB DET NOUN,VERB ADV ADV,1
1181,VERB DET NOUN,VERB NOUN ADP,1
1150,VERB DET ADV,VERB DET ADV,1
1184,VERB DET NOUN,VERB PRON PART,1
1186,VERB DET NUM,VERB DET NUM,1
1187,VERB DET PRON,VERB ADP PRON,1
1188,VERB DET PROPN,PRON VERB DET,1
1189,VERB DET PROPN,VERB DET PROPN,1
1191,VERB DET PUNCT,VERB VERB DET,1
1192,VERB DET SYM,VERB DET SYM,1
1193,VERB DET VERB,DET DET VERB,1
1194,VERB DET VERB,PRON VERB DET,1
1195,VERB DET VERB,PRON VERB VERB,1
1198,VERB DET VERB,VERB PART VERB,1
1199,VERB INTJ ADV,VERB INTJ ADV,1
1200,VERB INTJ CCONJ,VERB ADP CCONJ,1
1201,VERB INTJ VERB,PART VERB INTJ,1
1151,VERB DET CCONJ,DET NOUN ADP,1
1149,VERB DET ADV,VERB ADP ADV,1
1203,VERB NOUN ADJ,PART VERB NOUN,1
1123,VERB CCONJ VERB,NOUN CCONJ NOUN,1
1104,VERB ADV VERB,PUNCT VERB ADV,1
1106,VERB ADV VERB,VERB PART ADV,1
1107,VERB CCONJ ADJ,ADJ CCONJ ADJ,1
1109,VERB CCONJ ADP,VERB DET ADP,1
1110,VERB CCONJ ADP,VERB PART CCONJ,1
1111,VERB CCONJ ADP,VERB VERB CCONJ,1
1113,VERB CCONJ DET,VERB VERB CCONJ,1
1114,VERB CCONJ PART,ADJ CCONJ PART,1
1115,VERB CCONJ PART,PART VERB CCONJ,1
1116,VERB CCONJ PART,VERB CCONJ PART,1
1118,VERB CCONJ PRON,ADP PRON VERB,1
1120,VERB CCONJ PUNCT,ADJ CCONJ PUNCT,1
1121,VERB CCONJ VERB,ADJ CCONJ VERB,1
1122,VERB CCONJ VERB,ADP NOUN CCONJ,1
1124,VERB CCONJ VERB,PART VERB CCONJ,1
1148,VERB DET ADV,PRON VERB DET,1
1126,VERB DET ADJ,ADJ PUNCT _,1
1127,VERB DET ADJ,ADP VERB DET,1
1128,VERB DET ADJ,ADV VERB DET,1
1129,VERB DET ADJ,CCONJ VERB DET,1
1130,VERB DET ADJ,DET ADJ ADP,1
1132,VERB DET ADJ,DET PRON VERB,1
1133,VERB DET ADJ,DET VERB DET,1
1134,VERB DET ADJ,NOUN DET ADJ,1
1137,VERB DET ADJ,VERB ADJ NOUN,1
1141,VERB DET ADP,ADP VERB DET,1
1143,VERB DET ADP,VERB CCONJ ADP,1
1145,VERB DET ADP,VERB VERB DET,1
1146,VERB DET ADV,ADV VERB DET,1
1147,VERB DET ADV,DET VERB DET,1
1202,VERB NOUN ADJ,DET VERB NOUN,1
1204,VERB NOUN ADJ,PRON VERB ADJ,1
1302,VERB PART VERB,VERB ADP VERB,1
1280,VERB PART ADV,VERB ADV ADV,1
1260,VERB NOUN VERB,PART VERB NOUN,1
1262,VERB NOUN VERB,VERB VERB VERB,1
1263,VERB NOUN _,ADP VERB NOUN,1
1265,VERB NUM ADP,VERB NUM ADP,1
1268,VERB NUM NOUN,ADV VERB NUM,1
1269,VERB NUM NOUN,DET NUM NOUN,1
1270,VERB NUM NOUN,NUM NUM NOUN,1
1272,VERB NUM PROPN,ADP DET NOUN,1
1273,VERB PART ADJ,VERB ADJ NOUN,1
1274,VERB PART ADJ,VERB VERB ADP,1
1275,VERB PART ADP,NOUN ADP VERB,1
1276,VERB PART ADP,PART VERB PART,1
1277,VERB PART ADP,VERB ADP NOUN,1
1278,VERB PART ADP,VERB ADP NUM,1
1281,VERB PART ADV,VERB ADV PUNCT,1
1256,VERB NOUN PUNCT,VERB ADP NOUN,1
1282,VERB PART ADV,VERB PART ADV,1
1285,VERB PART DET,VERB VERB ADP,1
1286,VERB PART NOUN,NOUN PART NOUN,1
1287,VERB PART NOUN,VERB ADP NOUN,1
1288,VERB PART NUM,VERB NUM NOUN,1
1290,VERB PART PUNCT,PART VERB PART,1
1292,VERB PART PUNCT,VERB PUNCT DET,1
1294,VERB PART VERB,ADV PRON VERB,1
1295,VERB PART VERB,ADV VERB PART,1
1296,VERB PART VERB,NOUN PART VERB,1
1297,VERB PART VERB,PART VERB PART,1
1298,VERB PART VERB,PRON ADJ PART,1
1299,VERB PART VERB,PRON VERB PART,1
1301,VERB PART VERB,VERB ADJ PART,1
1258,VERB NOUN PUNCT,VERB VERB NOUN,1
1255,VERB NOUN PUNCT,VERB ADJ PUNCT,1
1207,VERB NOUN ADP,ADP VERB NOUN,1
1229,VERB NOUN CCONJ,ADP NOUN CCONJ,1
1208,VERB NOUN ADP,ADV VERB NOUN,1
1210,VERB NOUN ADP,NOUN ADP DET,1
1211,VERB NOUN ADP,NOUN NOUN ADP,1
1212,VERB NOUN ADP,NUM NOUN ADP,1
1214,VERB NOUN ADP,VERB ADP DET,1
1217,VERB NOUN ADP,VERB PART VERB,1
1219,VERB NOUN ADP,VERB VERB ADP,1
1221,VERB NOUN ADV,ADJ NOUN ADV,1
1222,VERB NOUN ADV,ADV VERB NOUN,1
1223,VERB NOUN ADV,DET ADJ NOUN,1
1225,VERB NOUN ADV,NOUN ADV VERB,1
1226,VERB NOUN ADV,NOUN VERB ADV,1
1227,VERB NOUN ADV,VERB NOUN ADV,1
1228,VERB NOUN ADV,VERB VERB ADV,1
1230,VERB NOUN CCONJ,ADP VERB NOUN,1
1254,VERB NOUN PUNCT,PUNCT VERB NOUN,1
1232,VERB NOUN CCONJ,NOUN CCONJ NOUN,1
1233,VERB NOUN CCONJ,PART VERB NOUN,1
895,PUNCT PRON VERB,PRON PUNCT PRON,1
1235,VERB NOUN DET,ADJ NOUN DET,1
1236,VERB NOUN DET,PRON VERB NOUN,1
1237,VERB NOUN DET,VERB DET NOUN,1
1238,VERB NOUN DET,VERB NOUN DET,1
1239,VERB NOUN NOUN,PUNCT VERB NOUN,1
1241,VERB NOUN PART,PRON VERB ADJ,1
1245,VERB NOUN PUNCT,ADJ NOUN PUNCT,1
1246,VERB NOUN PUNCT,ADP VERB NOUN,1
1247,VERB NOUN PUNCT,ADV VERB NOUN,1
1248,VERB NOUN PUNCT,CCONJ VERB NOUN,1
1249,VERB NOUN PUNCT,DET NOUN ADP,1
896,PUNCT PRON VERB,PUNCT DET VERB,1
767,PROPN PROPN ADP,PROPN PROPN ADP,1
894,PUNCT PRON VERB,PART VERB PUNCT,1
313,ADV CCONJ ADP,ADV CCONJ ADP,1
322,ADV CCONJ VERB,ADP ADV CCONJ,1
321,ADV CCONJ VERB,ADJ CCONJ VERB,1
320,ADV CCONJ PUNCT,ADV CCONJ PUNCT,1
318,ADV CCONJ NOUN,CCONJ NOUN ADV,1
317,ADV CCONJ DET,DET NOUN CCONJ,1
315,ADV CCONJ ADV,ADV CCONJ ADV,1
314,ADV CCONJ ADP,PUNCT ADV CCONJ,1
312,ADV ADV VERB,ADV VERB ADV,1
324,ADV DET ADJ,DET ADJ NOUN,1
311,ADV ADV VERB,ADV ADV VERB,1
310,ADV ADV PUNCT,PUNCT _ _,1
309,ADV ADV PUNCT,PUNCT CCONJ DET,1
308,ADV ADV PUNCT,PRON ADV ADV,1
307,ADV ADV PUNCT,DET ADP DET,1
304,ADV ADV PUNCT,ADV ADV ADP,1
303,ADV ADV PUNCT,ADP NOUN PUNCT,1
323,ADV DET ADJ,ADV DET ADJ,1
325,ADV DET ADJ,PRON DET ADJ,1
299,ADV ADV PRON,CCONJ ADV PRON,1
338,ADV DET PROPN,PRON DET PROPN,1
349,ADV NOUN PUNCT,NOUN PUNCT _,1
348,ADV NOUN PUNCT,DET NOUN PUNCT,1
347,ADV NOUN PUNCT,ADV PUNCT _,1
345,ADV NOUN PRON,ADV PRON VERB,1
344,ADV NOUN NOUN,ADJ NOUN NOUN,1
343,ADV NOUN CCONJ,PUNCT ADV NOUN,1
342,ADV NOUN ADP,PUNCT ADV NOUN,1
336,ADV DET NOUN,DET NOUN PUNCT,1
326,ADV DET ADJ,VERB ADV DET,1
335,ADV DET NOUN,DET NOUN NOUN,1
334,ADV DET NOUN,CCONJ DET NOUN,1
333,ADV DET NOUN,ADV VERB ADV,1
330,ADV DET NOUN,ADP ADV DET,1
329,ADV DET DET,VERB ADV ADJ,1
328,ADV DET ADP,VERB DET ADP,1
327,ADV DET ADP,ADV DET ADP,1
301,ADV ADV PROPN,PROPN ADV ADV,1
297,ADV ADV NOUN,ADV ADJ NOUN,1
353,ADV NOUN VERB,PRON ADV NOUN,1
254,ADV ADP DET,ADP DET PRON,1
264,ADV ADP NOUN,ADP NOUN ADV,1
263,ADV ADP NOUN,ADP ADP NOUN,1
262,ADV ADP DET,VERB DET PROPN,1
260,ADV ADP DET,PUNCT ADV ADP,1
259,ADV ADP DET,PRON DET NOUN,1
257,ADV ADP DET,ADV PRON VERB,1
255,ADV ADP DET,ADP NOUN ADP,1
252,ADV ADP DET,ADP ADV DET,1
266,ADV ADP NOUN,ADV ADV ADP,1
250,ADV ADP ADV,ADV VERB ADP,1
249,ADV ADP ADV,ADV ADP ADV,1
248,ADV ADP ADP,ADV ADP ADP,1
247,ADV ADP ADP,ADP ADP DET,1
246,ADV ADP ADJ,PUNCT ADV ADP,1
245,ADV ADP ADJ,ADV ADP ADJ,1
244,ADV ADJ PUNCT,VERB VERB ADV,1
265,ADV ADP NOUN,ADV ADP NOUN,1
267,ADV ADP NOUN,DET VERB ADV,1
295,ADV ADV DET,DET NOUN ADV,1
282,ADV ADP PROPN,PROPN NOUN ADP,1
293,ADV ADV ADV,ADV PART VERB,1
292,ADV ADV ADV,ADV ADV ADV,1
291,ADV ADV ADP,PRON ADV VERB,1
290,ADV ADV ADP,PRON ADV ADV,1
288,ADV ADV ADP,ADP DET NOUN,1
285,ADV ADV ADJ,ADV ADJ PUNCT,1
283,ADV ADP SYM,ADP ADV SYM,1
281,ADV ADP PROPN,PART VERB ADV,1
268,ADV ADP NOUN,NOUN ADP NOUN,1
279,ADV ADP PRON,VERB VERB ADJ,1
278,ADV ADP PRON,VERB ADV ADP,1
276,ADV ADP PRON,ADV ADV ADP,1
273,ADV ADP PRON,ADP PRON ADV,1
272,ADV ADP PRON,ADP ADV ADP,1
271,ADV ADP PRON,ADJ ADP PRON,1
270,ADV ADP NOUN,VERB ADV ADP,1
350,ADV NOUN VERB,ADJ PUNCT NOUN,1
354,ADV NOUN VERB,PRON NOUN VERB,1
242,ADV ADJ PUNCT,PUNCT ADV ADJ,1
430,ADV PUNCT _,DET ADV PUNCT,1
439,ADV VERB ADJ,VERB ADV VERB,1
438,ADV VERB ADJ,VERB ADV ADJ,1
437,ADV VERB ADJ,ADV VERB ADJ,1
436,ADV VERB ADJ,ADP ADV VERB,1
434,ADV PUNCT _,PUNCT ADV PUNCT,1
433,ADV PUNCT _,PROPN ADV PUNCT,1
431,ADV PUNCT _,DET NOUN PUNCT,1
424,ADV PUNCT PRON,VERB ADV PUNCT,1
442,ADV VERB ADP,VERB ADP PROPN,1
421,ADV PUNCT PRON,NOUN ADV PUNCT,1
420,ADV PUNCT PRON,CCONJ ADV PUNCT,1
418,ADV PUNCT PRON,ADV ADV PUNCT,1
417,ADV PUNCT PRON,ADP DET NOUN,1
416,ADV PUNCT PRON,ADP ADJ PUNCT,1
415,ADV PUNCT PRON,ADJ PUNCT PRON,1
414,ADV PUNCT PART,PUNCT PART PUNCT,1
441,ADV VERB ADP,PRON VERB ADV,1
443,ADV VERB ADP,VERB ADP PUNCT,1
410,ADV PUNCT DET,PUNCT DET NOUN,1
462,ADV VERB DET,VERB ADV VERB,1
471,ADV VERB PART,VERB ADV VERB,1
470,ADV VERB PART,PRON VERB PART,1
469,ADV VERB NOUN,VERB VERB NOUN,1
468,ADV VERB NOUN,VERB ADV VERB,1
467,ADV VERB NOUN,PUNCT ADV VERB,1
466,ADV VERB NOUN,ADV VERB NOUN,1
463,ADV VERB DET,VERB DET ADV,1
460,ADV VERB DET,PRON VERB DET,1
447,ADV VERB ADV,DET NOUN ADV,1
458,ADV VERB DET,PRON DET NOUN,1
456,ADV VERB DET,ADP DET NOUN,1
455,ADV VERB DET,ADP ADV VERB,1
452,ADV VERB ADV,VERB ADV CCONJ,1
451,ADV VERB ADV,VERB ADV ADV,1
450,ADV VERB ADV,VERB ADV ADP,1
449,ADV VERB ADV,PRON VERB ADV,1
413,ADV PUNCT NOUN,PUNCT NOUN PUNCT,1
408,ADV PUNCT DET,PRON ADV PUNCT,1
355,ADV NOUN VERB,PRON VERB ADV,1
366,ADV PART VERB,PART VERB VERB,1
373,ADV PRON VERB,ADP ADV PRON,1
372,ADV PRON PUNCT,CCONJ PRON PUNCT,1
371,ADV PRON PART,PART VERB ADP,1
370,ADV PRON ADV,PUNCT ADV PRON,1
369,ADV PART VERB,VERB PART VERB,1
368,ADV PART VERB,VERB ADV VERB,1
367,ADV PART VERB,PRON VERB ADV,1
365,ADV PART VERB,PART VERB PUNCT,1
375,ADV PRON VERB,ADP PRON VERB,1
364,ADV PART VERB,PART VERB PRON,1
363,ADV PART VERB,PART VERB NOUN,1
362,ADV PART VERB,PART VERB DET,1
361,ADV PART VERB,PART VERB ADP,1
360,ADV PART VERB,DET ADV PART,1
358,ADV PART VERB,ADP ADV VERB,1
356,ADV NOUN _,ADJ NOUN _,1
374,ADV PRON VERB,ADP DET PRON,1
376,ADV PRON VERB,ADV ADV PRON,1
407,ADV PUNCT DET,NOUN ADV PUNCT,1
394,ADV PUNCT ADP,ADP DET ADJ,1
405,ADV PUNCT CCONJ,PUNCT CCONJ PRON,1
404,ADV PUNCT CCONJ,PUNCT ADV PUNCT,1
401,ADV PUNCT ADV,VERB PUNCT ADV,1
399,ADV PUNCT ADV,ADP DET ADJ,1
398,ADV PUNCT ADV,ADJ PUNCT ADV,1
397,ADV PUNCT ADV,ADJ ADV PUNCT,1
396,ADV PUNCT ADP,CCONJ PUNCT ADP,1
393,ADV PUNCT ADJ,ADV PUNCT ADJ,1
378,ADV PRON VERB,CCONJ ADV PRON,1
392,ADV PROPN PROPN,DET ADV PROPN,1
391,ADV PROPN NOUN,ADV VERB NOUN,1
390,ADV PROPN ADV,DET PROPN ADV,1
389,ADV PRON VERB,VERB ADP DET,1
387,ADV PRON VERB,PRON VERB VERB,1
382,ADV PRON VERB,DET SYM NUM,1
381,ADV PRON VERB,DET PRON VERB,1
243,ADV ADJ PUNCT,VERB ADV ADJ,1
241,ADV ADJ PUNCT,NOUN ADJ PUNCT,1
474,ADV VERB PRON,PRON ADV VERB,1
78,ADJ NOUN ADP,NOUN VERB ADP,1
87,ADJ NOUN ADV,DET NOUN ADV,1
86,ADJ NOUN ADV,DET ADJ NOUN,1
85,ADJ NOUN ADV,ADV ADJ NOUN,1
84,ADJ NOUN ADV,ADJ PUNCT ADJ,1
82,ADJ NOUN ADP,VERB VERB ADJ,1
81,ADJ NOUN ADP,VERB ADJ NOUN,1
79,ADJ NOUN ADP,PART ADJ NOUN,1
76,ADJ NOUN ADP,NOUN ADP PROPN,1
93,ADJ NOUN CCONJ,DET NOUN CCONJ,1
75,ADJ NOUN ADP,NOUN ADP NOUN,1
74,ADJ NOUN ADP,NOUN ADP DET,1
73,ADJ NOUN ADP,DET NOUN ADP,1
71,ADJ NOUN ADP,ADP ADJ NOUN,1
68,ADJ NOUN ADJ,VERB ADJ PUNCT,1
67,ADJ NOUN ADJ,PART VERB ADJ,1
65,ADJ INTJ PUNCT,INTJ PUNCT PUNCT,1
91,ADJ NOUN CCONJ,ADV ADJ NOUN,1
94,ADJ NOUN CCONJ,NOUN CCONJ NOUN,1
63,ADJ DET VERB,NOUN DET VERB,1
106,ADJ NOUN NOUN,NOUN ADP DET,1
115,ADJ NOUN PROPN,ADJ NOUN PROPN,1
114,ADJ NOUN PRON,DET ADJ NOUN,1
113,ADJ NOUN PRON,ADV VERB ADJ,1
112,ADJ NOUN PRON,ADV ADJ NOUN,1
110,ADJ NOUN PART,NOUN NOUN PART,1
108,ADJ NOUN NOUN,NOUN NOUN NOUN,1
107,ADJ NOUN NOUN,NOUN NOUN ADJ,1
105,ADJ NOUN NOUN,DET NOUN ADP,1
95,ADJ NOUN CCONJ,NOUN CCONJ VERB,1
104,ADJ NOUN NOUN,DET ADJ NOUN,1
102,ADJ NOUN DET,NOUN DET VERB,1
101,ADJ NOUN DET,NOUN DET PRON,1
100,ADJ NOUN DET,NOUN ADP ADJ,1
99,ADJ NOUN DET,DET ADJ NOUN,1
98,ADJ NOUN DET,ADP ADJ NOUN,1
96,ADJ NOUN CCONJ,NOUN NOUN CCONJ,1
64,ADJ INTJ ADP,NOUN ADP DET,1
62,ADJ DET PRON,NOUN ADP PRON,1
119,ADJ NOUN PUNCT,ADJ PUNCT _,1
20,ADJ ADP NOUN,NOUN ADP NOUN,1
28,ADJ ADP PRON,PRON VERB ADJ,1
27,ADJ ADP PRON,PRON ADJ ADP,1
26,ADJ ADP PRON,NOUN ADP PRON,1
25,ADJ ADP PRON,ADJ NOUN ADP,1
23,ADJ ADP NUM,ADP DET NOUN,1
22,ADJ ADP NUM,ADJ ADP NUM,1
21,ADJ ADP NOUN,PUNCT VERB ADP,1
19,ADJ ADP NOUN,ADV ADP NOUN,1
31,ADJ ADP PUNCT,ADJ ADP PUNCT,1
16,ADJ ADP DET,PRON VERB ADJ,1
14,ADJ ADP DET,ADP DET NOUN,1
10,ADJ ADP ADJ,PUNCT ADJ ADP,1
9,ADJ ADP ADJ,NOUN ADP ADJ,1
8,ADJ ADJ PUNCT,ADV VERB PUNCT,1
7,ADJ ADJ NOUN,PUNCT ADJ ADJ,1
3,ADJ ADJ NOUN,ADJ ADJ NOUN,1
29,ADJ ADP PRON,VERB ADJ ADP,1
34,ADJ ADV ADJ,NOUN ADV ADJ,1
61,ADJ DET NOUN,VERB DET NOUN,1
49,ADJ CCONJ NOUN,ADJ CCONJ NOUN,1
60,ADJ DET NOUN,DET NOUN ADV,1
58,ADJ DET NOUN,ADJ DET NOUN,1
57,ADJ DET ADV,ADJ DET ADV,1
55,ADJ CCONJ VERB,NOUN CCONJ VERB,1
53,ADJ CCONJ PUNCT,ADV CCONJ PUNCT,1
52,ADJ CCONJ PRON,ADV ADJ CCONJ,1
50,ADJ CCONJ NOUN,NOUN CCONJ NOUN,1
48,ADJ CCONJ NOUN,ADJ CCONJ ADJ,1
35,ADJ ADV ADV,ADJ ADV ADV,1
46,ADJ CCONJ ADV,DET NOUN ADV,1
45,ADJ CCONJ ADV,ADV NOUN CCONJ,1
44,ADJ CCONJ ADV,ADV CCONJ ADV,1
43,ADJ CCONJ ADV,ADV ADJ CCONJ,1
39,ADJ ADV VERB,NOUN ADV VERB,1
38,ADJ ADV PUNCT,VERB ADV PUNCT,1
37,ADJ ADV PUNCT,ADJ ADV PUNCT,1
116,ADJ NOUN PROPN,NOUN PROPN VERB,1
121,ADJ NOUN PUNCT,ADP DET ADJ,1
239,ADV ADJ PUNCT,ADJ PUNCT _,1
204,ADJ VERB PUNCT,ADJ VERB PUNCT,1
213,ADV ADJ ADP,PUNCT ADV ADJ,1
211,ADV ADJ ADP,ADV ADP NOUN,1
210,ADV ADJ ADP,ADV ADJ ADP,1
209,ADV ADJ ADP,ADP ADJ NOUN,1
208,ADV ADJ ADP,ADJ ADP DET,1
207,ADJ _ _,ADV _ _,1
206,ADJ VERB VERB,NOUN VERB VERB,1
203,ADJ VERB PRON,NOUN VERB PRON,1
216,ADV ADJ ADV,ADV ADV ADJ,1
202,ADJ VERB PRON,ADV VERB PRON,1
201,ADJ VERB PART,ADJ VERB PART,1
200,ADJ VERB NOUN,ADV PUNCT ADJ,1
199,ADJ VERB DET,VERB VERB DET,1
198,ADJ VERB ADV,VERB VERB ADV,1
197,ADJ VERB ADP,VERB ADV ADP,1
196,ADJ VERB ADP,VERB ADP PROPN,1
215,ADV ADJ ADV,ADV ADJ ADV,1
217,ADV ADJ CCONJ,ADJ CCONJ PRON,1
194,ADJ VERB ADP,ADJ VERB ADP,1
230,ADV ADJ PART,ADV ADJ PART,1
238,ADV ADJ PUNCT,ADJ PUNCT PUNCT,1
236,ADV ADJ PUNCT,ADJ PUNCT ADP,1
235,ADV ADJ PRON,PRON VERB ADV,1
234,ADV ADJ PRON,PART ADV ADJ,1
233,ADV ADJ PRON,DET ADV ADJ,1
232,ADV ADJ PRON,ADJ PRON VERB,1
231,ADV ADJ PART,PRON VERB ADJ,1
229,ADV ADJ PART,ADJ NOUN PART,1
218,ADV ADJ CCONJ,ADV ADJ CCONJ,1
228,ADV ADJ PART,ADJ ADV PART,1
225,ADV ADJ NOUN,DET ADJ NOUN,1
224,ADV ADJ NOUN,ADV VERB ADV,1
223,ADV ADJ NOUN,ADV PUNCT VERB,1
221,ADV ADJ NOUN,ADJ NOUN PUNCT,1
220,ADV ADJ NOUN,ADJ NOUN DET,1
219,ADV ADJ DET,DET ADJ NOUN,1
195,ADJ VERB ADP,VERB ADP DET,1
192,ADJ PUNCT _,VERB ADJ PUNCT,1
122,ADJ NOUN PUNCT,ADV ADJ NOUN,1
141,ADJ NOUN VERB,NOUN VERB ADV,1
158,ADJ PROPN PUNCT,VERB PROPN PUNCT,1
157,ADJ PROPN PUNCT,ADJ PROPN PUNCT,1
156,ADJ PROPN NOUN,PROPN PROPN NOUN,1
152,ADJ PART VERB,VERB ADJ PART,1
151,ADJ PART VERB,PRON ADJ PART,1
147,ADJ PART NOUN,VERB PART VERB,1
146,ADJ NUM PROPN,NUM PROPN PUNCT,1
139,ADJ NOUN VERB,NOUN NOUN VERB,1
161,ADJ PUNCT ADJ,PART ADJ PUNCT,1
136,ADJ NOUN PUNCT,VERB PUNCT _,1
134,ADJ NOUN PUNCT,PRON VERB ADJ,1
133,ADJ NOUN PUNCT,PRON ADJ NOUN,1
132,ADJ NOUN PUNCT,NOUN PUNCT _,1
131,ADJ NOUN PUNCT,NOUN PUNCT PUNCT,1
129,ADJ NOUN PUNCT,NOUN PUNCT NOUN,1
128,ADJ NOUN PUNCT,NOUN PUNCT ADP,1
160,ADJ PUNCT ADJ,DET ADJ PUNCT,1
163,ADJ PUNCT ADP,ADV PUNCT ADP,1
191,ADJ PUNCT _,PART PUNCT _,1
178,ADJ PUNCT PRON,ADV PUNCT PRON,1
189,ADJ PUNCT _,DET VERB VERB,1
187,ADJ PUNCT _,ADP ADJ PUNCT,1
185,ADJ PUNCT X,ADJ PUNCT X,1
184,ADJ PUNCT VERB,DET PUNCT VERB,1
183,ADJ PUNCT VERB,ADJ PUNCT VERB,1
181,ADJ PUNCT PROPN,ADV PUNCT PROPN,1
179,ADJ PUNCT PRON,NOUN PUNCT PRON,1
176,ADJ PUNCT PRON,ADJ PRON PUNCT,1
164,ADJ PUNCT ADP,VERB PUNCT ADP,1
175,ADJ PUNCT NUM,ADJ PUNCT NUM,1
174,ADJ PUNCT NOUN,DET ADJ PUNCT,1
172,ADJ PUNCT DET,NOUN PUNCT DET,1
171,ADJ PUNCT DET,ADV PUNCT DET,1
169,ADJ PUNCT CCONJ,PRON PUNCT CCONJ,1
168,ADJ PUNCT CCONJ,NOUN PUNCT CCONJ,1
166,ADJ PUNCT ADV,NOUN PUNCT ADV,1
473,ADV VERB PRON,CCONJ ADV VERB,1
478,ADV VERB PRON,VERB PRON ADP,1
892,PUNCT PRON VERB,NOUN PUNCT PRON,1
736,PROPN DET DET,ADP DET DET,1
744,PROPN NOUN CCONJ,NOUN CCONJ ADP,1
743,PROPN NOUN ADP,NOUN PROPN ADP,1
741,PROPN DET VERB,NOUN DET VERB,1
740,PROPN DET PROPN,VERB DET PROPN,1
739,PROPN DET NUM,NOUN PROPN DET,1
738,PROPN DET NOUN,PROPN DET NOUN,1
737,PROPN DET NOUN,ADV DET NOUN,1
735,PROPN CCONJ VERB,VERB CCONJ VERB,1
746,PROPN NOUN CCONJ,PROPN PART NOUN,1
734,PROPN CCONJ VERB,NOUN CCONJ VERB,1
733,PROPN CCONJ PROPN,PROPN CCONJ PROPN,1
732,PROPN CCONJ PROPN,NOUN CCONJ PROPN,1
731,PROPN CCONJ PRON,PROPN CCONJ PRON,1
730,PROPN CCONJ PRON,NOUN CCONJ PRON,1
729,PROPN CCONJ NOUN,NOUN CCONJ NOUN,1
728,PROPN CCONJ DET,PROPN CCONJ DET,1
745,PROPN NOUN CCONJ,NOUN NOUN CCONJ,1
747,PROPN NOUN DET,ADJ NOUN DET,1
726,PROPN ADV VERB,DET ADV VERB,1
757,PROPN PART CCONJ,PROPN CCONJ PROPN,1
1,ADJ ADJ ADP,ADV ADJ ADP,1
764,PROPN PRON VERB,DET PRON VERB,1
763,PROPN PRON VERB,ADV PRON VERB,1
762,PROPN PART PUNCT,NOUN PUNCT NOUN,1
761,PROPN PART PROPN,PROPN PROPN PUNCT,1
759,PROPN PART NOUN,PROPN PART NOUN,1
758,PROPN PART NOUN,PROPN NOUN PUNCT,1
756,PROPN NOUN VERB,ADP NOUN VERB,1
748,PROPN NOUN DET,PROPN NOUN DET,1
755,PROPN NOUN PUNCT,VERB NOUN PUNCT,1
754,PROPN NOUN PUNCT,VERB ADV VERB,1
753,PROPN NOUN PUNCT,PROPN PART NOUN,1
752,PROPN NOUN PUNCT,PROPN NOUN PUNCT,1
751,PROPN NOUN PUNCT,ADJ NOUN PUNCT,1
750,PROPN NOUN NOUN,PROPN NOUN NOUN,1
749,PROPN NOUN NOUN,NOUN NOUN NOUN,1
727,PROPN CCONJ DET,NOUN CCONJ DET,1
725,PROPN ADV PUNCT,PROPN ADV PUNCT,1
769,PROPN PROPN CCONJ,ADP PROPN PROPN,1
692,PART VERB PUNCT,ADJ PUNCT _,1
699,PART VERB PUNCT,VERB PUNCT DET,1
698,PART VERB PUNCT,PART VERB PUNCT,1
697,PART VERB PUNCT,NOUN PUNCT VERB,1
696,PART VERB PUNCT,NOUN PUNCT NOUN,1
695,PART VERB PUNCT,NOUN PUNCT CCONJ,1
694,PART VERB PUNCT,ADV ADJ PUNCT,1
693,PART VERB PUNCT,ADP PART VERB,1
689,PART VERB PRON,VERB PRON ADP,1
701,PART VERB PUNCT,VERB PUNCT PRON,1
687,PART VERB PRON,PART VERB DET,1
686,PART VERB PRON,ADP PART VERB,1
684,PART VERB PART,PUNCT CCONJ ADV,1
683,PART VERB PART,ADV ADJ PART,1
681,PART VERB NOUN,VERB VERB CCONJ,1
680,PART VERB NOUN,VERB PART VERB,1
679,PART VERB NOUN,VERB NOUN _,1
700,PART VERB PUNCT,VERB PUNCT NOUN,1
703,PART VERB VERB,DET NOUN PART,1
724,PROPN ADV PRON,DET PROPN ADV,1
716,PROPN ADP PRON,NOUN ADP PRON,1
723,PROPN ADV ADV,PROPN ADV ADV,1
722,PROPN ADV ADV,DET PROPN ADV,1
721,PROPN ADV ADP,PROPN ADV ADP,1
720,PROPN ADV ADJ,PRON VERB ADV,1
719,PROPN ADP VERB,VERB PRON ADP,1
718,PROPN ADP PUNCT,ADP PROPN ADP,1
717,PROPN ADP PROPN,NOUN ADP PROPN,1
715,PROPN ADP PRON,ADP PROPN ADP,1
704,PART VERB VERB,NOUN PART VERB,1
714,PROPN ADP NOUN,NOUN ADP NOUN,1
712,PROPN ADP DET,PROPN ADP DET,1
710,PROPN ADP DET,ADP PROPN ADP,1
709,PROPN ADP ADP,PROPN ADP ADP,1
708,PROPN ADP ADP,NOUN ADP ADP,1
707,PROPN ADJ CCONJ,PROPN PART ADJ,1
706,PART VERB VERB,VERB VERB ADV,1
768,PROPN PROPN ADV,PROPN PROPN ADV,1
770,PROPN PROPN CCONJ,PROPN PROPN CCONJ,1
675,PART VERB NOUN,PUNCT PART VERB,1
854,PUNCT ADV PRON,ADP DET NOUN,1
864,PUNCT ADV VERB,PRON PUNCT ADV,1
863,PUNCT ADV VERB,PART PUNCT ADV,1
862,PUNCT ADV VERB,NOUN PUNCT ADV,1
860,PUNCT ADV PUNCT,ADV PUNCT ADV,1
859,PUNCT ADV PRON,PUNCT PRON VERB,1
856,PUNCT ADV PRON,PRON PUNCT ADV,1
855,PUNCT ADV PRON,NOUN PUNCT ADV,1
853,PUNCT ADV PRON,ADJ PUNCT ADV,1
866,PUNCT CCONJ ADP,PRON VERB PUNCT,1
852,PUNCT ADV DET,PUNCT ADV DET,1
851,PUNCT ADV ADV,VERB PUNCT ADV,1
850,PUNCT ADV ADV,PUNCT PUNCT ADV,1
849,PUNCT ADV ADV,PUNCT ADV PUNCT,1
848,PUNCT ADV ADV,PUNCT ADV ADV,1
847,PUNCT ADV ADP,PART VERB PUNCT,1
846,PUNCT ADV ADP,ADP DET NOUN,1
865,PUNCT CCONJ ADP,ADV PUNCT CCONJ,1
867,PUNCT CCONJ ADV,PRON PUNCT CCONJ,1
844,PUNCT ADP PRON,PART PUNCT ADP,1
881,PUNCT NOUN NOUN,DET PUNCT NOUN,1
891,PUNCT PRON VERB,DET NOUN PUNCT,1
889,PUNCT PRON VERB,ADP NOUN PUNCT,1
887,PUNCT PRON PUNCT,PRON PUNCT PRON,1
886,PUNCT PRON ADV,PART PUNCT PRON,1
885,PUNCT NOUN VERB,PRON PUNCT NOUN,1
883,PUNCT NOUN PUNCT,ADV ADP DET,1
882,PUNCT NOUN PART,NOUN VERB ADP,1
880,PUNCT NOUN ADP,VERB PUNCT NOUN,1
868,PUNCT CCONJ PRON,PART VERB PUNCT,1
877,PUNCT DET PUNCT,PRON PUNCT DET,1
876,PUNCT DET PUNCT,ADP PUNCT DET,1
875,PUNCT DET NOUN,NOUN PUNCT DET,1
874,PUNCT DET NOUN,CCONJ DET PUNCT,1
873,PUNCT DET NOUN,ADP PUNCT DET,1
872,PUNCT DET NOUN,ADP DET NOUN,1
870,PUNCT CCONJ PRON,VERB PUNCT CCONJ,1
845,PUNCT ADP PRON,X PUNCT ADP,1
843,PUNCT ADP PRON,ADV PUNCT ADP,1
772,PROPN PROPN NOUN,DET PROPN PROPN,1
790,PROPN PUNCT ADV,ADP PROPN PUNCT,1
804,PROPN PUNCT PRON,PUNCT PRON VERB,1
802,PROPN PUNCT PRON,NOUN PUNCT PRON,1
800,PROPN PUNCT NOUN,INTJ PUNCT VERB,1
799,PROPN PUNCT INTJ,PROPN PUNCT DET,1
797,PROPN PUNCT DET,NUM PUNCT DET,1
794,PROPN PUNCT CCONJ,PROPN PUNCT ADV,1
792,PROPN PUNCT CCONJ,DET PROPN PUNCT,1
786,PROPN PROPN _,PUNCT PROPN PROPN,1
807,PROPN PUNCT PUNCT,NOUN PUNCT PUNCT,1
783,PROPN PROPN PUNCT,PROPN PUNCT _,1
782,PROPN PROPN PUNCT,PROPN PUNCT PUNCT,1
781,PROPN PROPN PUNCT,PROPN PROPN PUNCT,1
780,PROPN PROPN PUNCT,PART VERB PROPN,1
777,PROPN PROPN PUNCT,ADJ PROPN PUNCT,1
776,PROPN PROPN PUNCT,ADJ NOUN PUNCT,1
773,PROPN PROPN NUM,PROPN PART PROPN,1
806,PROPN PUNCT PROPN,ADV PUNCT PROPN,1
808,PROPN PUNCT PUNCT,PROPN PUNCT PUNCT,1
842,PUNCT ADP PRON,ADP PUNCT ADP,1
823,PROPN VERB DET,PROPN VERB DET,1
841,PUNCT ADP NOUN,PUNCT VERB NOUN,1
835,PUNCT ADP DET,ADP VERB ADV,1
834,PUNCT ADP DET,ADP DET NOUN,1
833,PUNCT ADJ PUNCT,ADV PUNCT ADJ,1
828,PROPN VERB PART,NOUN VERB PART,1
825,PROPN VERB NOUN,NOUN PROPN VERB,1
824,PROPN VERB DET,PUNCT PROPN VERB,1
821,PROPN VERB DET,DET VERB DET,1
810,PROPN PUNCT VERB,PROPN PUNCT VERB,1
820,PROPN VERB DET,DET NOUN VERB,1
819,PROPN VERB ADP,ADP PROPN VERB,1
818,PROPN VERB ADP,ADJ VERB ADP,1
816,PROPN PUNCT _,PUNCT _ _,1
813,PROPN PUNCT _,CCONJ PROPN PUNCT,1
812,PROPN PUNCT _,ADP PROPN PUNCT,1
811,PROPN PUNCT VERB,PUNCT PROPN PUNCT,1
677,PART VERB NOUN,VERB NOUN DET,1
674,PART VERB NOUN,NOUN PART VERB,1
479,ADV VERB PRON,VERB PRON ADV,1
544,CCONJ PRON VERB,ADV CCONJ PRON,1
555,CCONJ PROPN PUNCT,CCONJ PROPN PUNCT,1
554,CCONJ PROPN PROPN,VERB CCONJ PROPN,1
551,CCONJ PRON VERB,PRON VERB PROPN,1
550,CCONJ PRON VERB,PRON VERB ADV,1
548,CCONJ PRON VERB,PART CCONJ PRON,1
547,CCONJ PRON VERB,DET PRON VERB,1
546,CCONJ PRON VERB,DET CCONJ PRON,1
542,CCONJ PRON VERB,ADP PRON CCONJ,1
557,CCONJ VERB DET,NOUN CCONJ VERB,1
541,CCONJ PRON VERB,ADP DET NOUN,1
540,CCONJ PRON NOUN,ADP CCONJ PRON,1
539,CCONJ PRON AUX,CCONJ PRON AUX,1
538,CCONJ PRON ADV,PUNCT CCONJ PRON,1
537,CCONJ PRON ADP,PUNCT CCONJ PRON,1
536,CCONJ PART VERB,PUNCT CCONJ PART,1
535,CCONJ PART VERB,ADP PART VERB,1
556,CCONJ PUNCT PRON,PUNCT CCONJ PUNCT,1
558,CCONJ VERB NOUN,ADP CCONJ VERB,1
533,CCONJ NOUN PUNCT,PUNCT CCONJ NOUN,1
568,INTJ DET NOUN,PUNCT INTJ PUNCT,1
576,INTJ PUNCT _,PUNCT INTJ PUNCT,1
575,INTJ PUNCT _,INTJ PUNCT _,1
574,INTJ PUNCT PROPN,PROPN PUNCT PROPN,1
573,INTJ PUNCT PRON,VERB PUNCT PRON,1
572,INTJ PROPN PUNCT,INTJ PROPN PUNCT,1
571,INTJ PRON VERB,PRON PRON VERB,1
569,INTJ NOUN VERB,ADV NOUN VERB,1
567,INTJ ADV PUNCT,DET ADV PUNCT,1
559,CCONJ VERB PART,VERB VERB PART,1
566,INTJ ADV ADV,ADV ADV ADV,1
565,INTJ ADP PRON,ADJ ADP PRON,1
564,INTJ ADP DET,ADJ ADP DET,1
563,CCONJ VERB VERB,ADV CCONJ VERB,1
562,CCONJ VERB PRON,PRON CCONJ VERB,1
561,CCONJ VERB PRON,ADV VERB PRON,1
560,CCONJ VERB PRON,ADP DET NOUN,1
534,CCONJ NOUN VERB,PUNCT CCONJ NOUN,1
532,CCONJ NOUN PUNCT,NOUN PUNCT NOUN,1
578,NUM ADP DET,DET ADJ NOUN,1
496,CCONJ ADJ NOUN,DET ADJ NOUN,1
505,CCONJ ADP PRON,VERB ADP PRON,1
503,CCONJ ADP PRON,ADV ADP PRON,1
502,CCONJ ADP PRON,ADP CCONJ ADP,1
501,CCONJ ADP DET,PUNCT CCONJ ADP,1
500,CCONJ ADP ADJ,ADP ADJ PUNCT,1
499,CCONJ ADJ PUNCT,PRON VERB DET,1
497,CCONJ ADJ NOUN,PUNCT ADJ NOUN,1
494,CCONJ ADJ ADP,CCONJ ADJ ADP,1
508,CCONJ ADV ADP,CCONJ ADV ADP,1
492,ADV VERB VERB,VERB VERB VERB,1
491,ADV VERB VERB,VERB VERB PUNCT,1
488,ADV VERB VERB,PRON VERB VERB,1
487,ADV VERB VERB,DET NOUN NOUN,1
485,ADV VERB PUNCT,VERB PRON VERB,1
483,ADV VERB PUNCT,PROPN PROPN ADV,1
480,ADV VERB PUNCT,ADV PUNCT VERB,1
506,CCONJ ADP SYM,ADV ADP SYM,1
509,CCONJ ADV CCONJ,ADV ADV CCONJ,1
530,CCONJ NOUN PRON,CCONJ NOUN PRON,1
519,CCONJ DET ADJ,PUNCT CCONJ DET,1
529,CCONJ NOUN NOUN,DET CCONJ NOUN,1
528,CCONJ NOUN CCONJ,NOUN CCONJ NOUN,1
526,CCONJ NOUN ADP,DET NOUN ADP,1
525,CCONJ DET VERB,NOUN CCONJ DET,1
524,CCONJ DET PUNCT,DET PUNCT DET,1
522,CCONJ DET NOUN,PART VERB CCONJ,1
521,CCONJ DET NOUN,DET NOUN ADP,1
518,CCONJ DET ADJ,CCONJ PRON NOUN,1
510,CCONJ ADV DET,ADP CCONJ ADV,1
517,CCONJ DET ADJ,CCONJ DET ADJ,1
516,CCONJ DET ADJ,ADP DET ADJ,1
515,CCONJ ADV VERB,ADP ADV VERB,1
514,CCONJ ADV PRON,PUNCT CCONJ ADV,1
513,CCONJ ADV PRON,ADP CCONJ ADV,1
512,CCONJ ADV PART,PRON CCONJ ADV,1
511,CCONJ ADV NOUN,NOUN CCONJ ADV,1
577,NUM ADJ NOUN,ADV NUM NOUN,1
579,NUM ADP DET,DET ADP DET,1
673,PART VERB DET,VERB VERB DET,1
634,PART PRON PRON,PART PRON PRON,1
641,PART VERB ADP,ADP DET NOUN,1
640,PART VERB ADP,ADP DET DET,1
639,PART VERB ADP,ADP ADP PART,1
638,PART VERB ADJ,VERB ADJ PUNCT,1
637,PART VERB ADJ,VERB ADJ ADP,1
636,PART VERB ADJ,ADJ CCONJ ADV,1
635,PART PUNCT PUNCT,PART PUNCT PUNCT,1
633,PART PRON NOUN,PRON ADV PRON,1
643,PART VERB ADP,ADP PRON VERB,1
632,PART PRON ADV,PRON PART ADV,1
631,PART PRON ADP,ADP PRON ADP,1
630,PART PART VERB,PART VERB PRON,1
629,PART PART VERB,PART VERB ADP,1
628,PART PART PRON,VERB PART PRON,1
627,PART NOUN VERB,NOUN VERB ADV,1
626,PART NOUN ADP,DET NOUN ADP,1
642,PART VERB ADP,ADP PRON PART,1
645,PART VERB ADP,PART VERB PART,1
624,PART DET NOUN,DET NOUN CCONJ,1
659,PART VERB ADV,VERB PART VERB,1
667,PART VERB DET,PRON VERB VERB,1
665,PART VERB DET,PART PART VERB,1
664,PART VERB DET,DET NOUN ADP,1
663,PART VERB DET,DET ADJ NOUN,1
662,PART VERB DET,ADP DET NOUN,1
661,PART VERB DET,ADJ PART VERB,1
660,PART VERB CCONJ,VERB CCONJ PRON,1
658,PART VERB ADV,VERB ADV NUM,1
648,PART VERB ADP,VERB ADP NUM,1
657,PART VERB ADV,VERB ADV CCONJ,1
654,PART VERB ADV,PART VERB DET,1
653,PART VERB ADV,PART VERB ADV,1
652,PART VERB ADV,ADP DET NOUN,1
651,PART VERB ADV,ADP ADV ADJ,1
650,PART VERB ADP,VERB PART VERB,1
649,PART VERB ADP,VERB ADP PRON,1
625,PART DET NOUN,DET NOUN PUNCT,1
623,PART DET NOUN,ADV DET NOUN,1
580,NUM ADP NOUN,NOUN ADP NOUN,1
591,NUM NOUN ADJ,NUM PUNCT NOUN,1
599,NUM NOUN ADV,CCONJ NUM NOUN,1
597,NUM NOUN ADP,PUNCT NUM NOUN,1
596,NUM NOUN ADP,NUM PUNCT NOUN,1
595,NUM NOUN ADP,DET NOUN ADP,1
594,NUM NOUN ADP,ADP VERB PRON,1
593,NUM NOUN ADP,ADP NUM NOUN,1
592,NUM NOUN ADP,ADJ NOUN ADP,1
590,NUM NOUN ADJ,NUM NOUN ADJ,1
601,NUM NOUN NOUN,NUM NOUN CCONJ,1
589,NUM NOUN ADJ,ADJ PUNCT ADJ,1
588,NUM DET NUM,ADP DET NUM,1
587,NUM DET ADJ,ADP DET ADJ,1
586,NUM CCONJ NUM,NOUN NUM CCONJ,1
585,NUM CCONJ NOUN,NOUN CCONJ NOUN,1
582,NUM ADP PRON,ADP NUM ADP,1
581,NUM ADP NOUN,NUM ADP NOUN,1
600,NUM NOUN CCONJ,ADP NUM NOUN,1
602,NUM NOUN NOUN,NUM NOUN NOUN,1
622,PART CCONJ ADP,CCONJ ADP ADP,1
614,NUM PUNCT PRON,NOUN PUNCT PRON,1
621,PART ADP DET,PART ADP DET,1
620,PART ADP DET,NOUN ADP DET,1
619,PART ADP DET,DET NOUN PUNCT,1
618,PART ADP DET,ADV ADP DET,1
617,PART ADP DET,ADP DET NOUN,1
616,PART ADJ PART,ADV ADJ PART,1
615,NUM VERB VERB,NOUN VERB VERB,1
613,NUM PUNCT NUM,ADP NUM PUNCT,1
603,NUM NOUN NOUN,NUM PUNCT NOUN,1
612,NUM PUNCT ADV,ADP NUM PUNCT,1
611,NUM PUNCT ADP,PRON VERB NUM,1
610,NUM PROPN PUNCT,ADP NUM PROPN,1
609,NUM PART NOUN,NOUN NUM PUNCT,1
606,NUM NOUN PUNCT,NOUN NUM NOUN,1
605,NUM NOUN PUNCT,ADV VERB ADP,1
604,NUM NOUN PRON,DET NUM NOUN,1
1534,_ _ _,_ _ _,1
