,incorrect_trigram_tags,correct_trigram_tags,count
224,IN DT NN,IN DT NN,171
377,IN PRP$ NN,IN PRP$ NN,58
669,NN IN DT,NN IN DT,50
1395,VB DT NN,VB DT NN,46
638,NN . _,NN . _,38
339,IN NNP IN,IN NNP IN,32
1004,PRP MD VB,", PRP MD",27
263,IN DT NNS,IN DT NNS,26
694,NN IN NN,NN IN NN,24
1905,VBP TO VB,VBD TO VB,24
1426,VB IN DT,VB IN DT,23
473,JJ IN DT,JJ IN DT,23
784,NN TO VB,NN TO VB,22
511,JJ NN IN,JJ NN IN,21
531,JJ TO VB,JJ TO VB,19
1489,VB PRP$ NN,VB PRP$ NN,18
1019,PRP MD VB,PRP MD VB,17
458,JJ . _,JJ . _,17
573,MD VB IN,MD VB IN,17
610,"NN , IN","DT NN ,",15
721,NN IN NNS,NN IN NNS,14
675,NN IN DT,NNS IN DT,14
1664,VBG DT NN,VBG DT NN,14
357,IN PRP .,IN PRP .,14
565,MD VB DT,MD VB DT,14
1204,RB JJ .,RB JJ .,13
612,"NN , IN","NN , IN",13
349,"IN PRP ,","IN PRP ,",13
1795,VBN TO VB,VBN TO VB,13
310,IN NN IN,IN NN IN,12
710,NN IN NNP,NN IN NNP,12
1996,VBZ RB JJ,PRP VBZ RB,12
899,"NNS , IN","NN , IN",12
591,MD VB TO,MD VB TO,11
1546,VBD DT NN,VBD DT NN,11
1813,VBP DT NN,VBD DT NN,11
640,NN . _,NNS . _,10
392,IN PRP$ NNS,IN PRP$ NNS,10
722,NN IN NNS,NNS IN NNS,10
1589,VBD PRP$ NN,VBD PRP$ NN,9
1169,RB . _,RB . _,9
1065,PRP VBP IN,", PRP VBP",9
811,NN VBZ IN,NN VBZ IN,8
1121,PRP$ NN .,IN PRP$ NN,8
1469,VB PRP DT,VB PRP DT,8
1685,VBG IN PRP$,VBG IN PRP$,8
742,NN NN IN,DT NN NN,8
1726,VBG TO VB,VBG TO VB,8
496,"JJ NN ,","JJ NN ,",8
1903,VBP TO VB,MD VB TO,8
218,IN DT NN,DT NN IN,8
766,NN NNS IN,NN NN IN,7
651,NN CC DT,NN CC DT,7
633,NN . _,DT NN .,7
409,IN TO VB,TO VB IN,7
245,IN DT NN,VBG DT NN,7
1139,PRP$ NN RB,PRP PRP$ NN,7
1188,RB IN DT,RB IN DT,7
1200,"RB JJ ,","RB JJ ,",7
208,IN DT NN,", IN DT",7
1674,VBG IN NN,VBG IN NN,7
2032,WDT VBZ DT,", WDT VBZ",7
1908,VBP TO VB,VBP TO VB,7
1240,RB RB DT,", RB RB",7
588,MD VB RB,MD VB RB,6
738,NN MD VB,NN MD VB,6
1511,VB TO VB,VB TO VB,6
662,NN IN DT,DT NN IN,6
629,NN . IN,NN . IN,6
1814,VBP DT NN,VBP DT NN,6
492,"JJ NN ,",DT JJ NN,6
1494,VB PRP$ NNS,VB PRP$ NNS,6
1817,VBP DT NN,VBZ DT NN,6
372,IN PRP$ NN,", IN PRP$",6
360,IN PRP CC,IN PRP CC,6
2023,WDT NN IN,WP NN IN,6
739,NN MD VB,NNS MD VB,6
1216,RB MD VB,MD RB VB,6
1053,PRP VBD IN,", PRP VBD",6
1162,RB . _,. _ _,6
945,NNS NNS IN,JJ NNS IN,6
1394,VB DT NN,TO VB DT,6
1345,TO VB IN,VBG IN DT,6
2022,WDT NN IN,WDT NN IN,5
1974,VBZ JJ TO,PRP VBZ JJ,5
299,IN JJ NN,IN JJ NN,5
436,"JJ , DT","JJ , DT",5
1608,VBD TO VB,VBD TO VB,5
2064,_ _ _,. _ _,5
507,JJ NN IN,DT JJ NN,5
215,IN DT NN,DT NN .,5
114,DT NN CC,DT NN CC,5
602,"NN , DT","DT NN ,",5
632,NN . _,. _ _,5
1656,VBG DT NN,", VBG DT",5
1610,VBD TO VB,VBP TO VB,5
1034,PRP TO VB,IN PRP TO,5
910,NNS CC DT,NN CC DT,5
1540,VBD DT NN,DT NN VBD,5
1431,VB IN DT,VBG IN DT,5
795,NN VBD JJ,NN VBD JJ,5
792,NN VBD IN,NN VBD IN,5
1598,VBD RB DT,VBD RB DT,4
368,IN PRP VBZ,", IN PRP",4
451,JJ . IN,JJ . IN,4
783,NN TO VB,DT NN TO,4
420,IN VBG IN,IN VBG IN,4
413,IN TO VB,TO VB PRP$,4
1829,VBP IN PRP$,VBD IN PRP$,4
1342,TO VB IN,VB IN DT,4
1949,VBZ DT NN,DT NN VBZ,4
1146,"PRP$ RB ,","PRP$ RB ,",4
1956,VBZ IN DT,PRP VBZ IN,4
1461,VB NN IN,VB NN IN,4
1952,VBZ DT NN,VBP DT NN,4
1131,PRP$ NN IN,IN PRP$ NN,4
1330,TO VB DT,VBG DT NN,4
1267,RB VBD RB,RB VBD RB,4
243,IN DT NN,TO VB IN,4
230,IN DT NN,PRP IN DT,4
2050,WRB PRP VBD,", WRB PRP",4
1410,VB DT NNS,VB DT NNS,4
455,JJ . RB,JJ . RB,4
1480,VB PRP RB,VBG PRP RB,4
1550,VBD DT NN,VBP DT NN,4
758,NN NN RB,DT NN NN,4
1013,PRP MD VB,MD PRP VB,4
652,NN CC DT,NNS CC DT,4
1545,VBD DT NN,VB DT NN,4
1661,VBG DT NN,TO VB DT,4
1406,VB DT NN,VBG DT NN,4
194,IN CD NNS,IN CD NNS,4
1050,PRP VBD DT,EX VBD DT,4
619,"NN , RB","NN , RB",4
1694,VBG NN IN,VBG NN IN,4
1710,VBG PRP$ NN,IN VBG PRP$,4
995,PRP . _,IN PRP .,4
599,NN '' IN,`` IN DT,4
1711,VBG PRP$ NN,TO VB PRP$,4
926,NNS IN NNP,NNS IN NNP,4
948,NNS PRP VBP,NN PRP VBP,4
1747,VBN . _,VBN . _,4
1756,VBN DT NN,VB DT NN,4
1764,VBN IN NN,VBN IN NN,4
1766,VBN IN NNP,VBN IN NNP,4
749,NN NN IN,NN NN IN,4
1787,VBN PRP$ NN,VBN PRP$ NN,4
943,NNS NNS .,JJ NNS .,4
0,'' IN DT,", '' IN",4
1051,PRP VBD DT,PRP VBD DT,3
641,NN . _,RB . _,3
217,IN DT NN,DT NN CC,3
1663,VBG DT NN,VBD DT NN,3
214,IN DT NN,"DT NN ,",3
279,IN DT VBZ,", IN DT",3
102,DT JJ NNS,DT JJ NNS,3
210,IN DT NN,. _ _,3
1423,VB IN DT,RB IN DT,3
119,DT NN CC,NN CC NN,3
323,IN NN PRP,", IN NN",3
907,NNS . IN,NN . IN,3
673,NN IN DT,NN POS NN,3
786,NN TO VB,TO VB TO,3
1621,VBD VBG IN,VBP VBG IN,3
1768,VBN IN PRP$,VBN IN PRP$,3
1767,VBN IN NNS,VBN IN NNS,3
1713,VBG PRP$ NN,VBG PRP$ NN,3
198,"IN DT ,","IN DT ,",3
605,"NN , DT","NNS , DT",3
2014,VBZ VBN IN,VBP VBN IN,3
636,NN . _,JJ . _,3
1168,RB . _,"RB , _",3
603,"NN , DT","NN , DT",3
410,IN TO VB,TO VB JJ,3
1997,VBZ RB JJ,VBP RB JJ,3
476,JJ IN DT,VBN IN DT,3
1857,"VBP PRP ,","VBD PRP ,",3
719,NN IN NNS,DT NN IN,3
235,IN DT NN,RB DT NN,3
1542,VBD DT NN,PRP VBD DT,3
484,JJ IN NNS,JJ IN NNS,3
683,NN IN IN,NN IN IN,3
851,NNP IN DT,NN IN DT,3
821,NN WDT PRP,NN WDT PRP,3
1860,VBP PRP .,VBD PRP .,3
1250,RB TO VB,JJ TO VB,3
298,IN JJ NN,IN DT JJ,3
1807,VBP CD NNS,VBD CD NNS,3
225,IN DT NN,IN IN DT,3
1148,PRP$ RB .,PRP$ RB .,3
886,NNP VBZ NN,NN VBZ NN,3
1167,RB . _,PRP RB .,3
1714,VBG PRP$ NNS,VBG PRP$ NNS,3
981,NNS WDT PRP,NNS WDT PRP,3
760,NN NN RB,NNP NN RB,3
1113,PRP$ JJ NN,IN PRP$ JJ,3
1820,VBP DT NNS,VBD DT NNS,3
653,NN CC IN,NN CC IN,3
1219,RB MD VB,RB MD VB,3
1456,VB JJ IN,VB JJ IN,3
621,"NN , RB","NNS , RB",3
547,JJ WRB PRP,JJ WRB PRP,3
1000,PRP DT NNS,IN PRP DT,3
1444,VB IN PRP$,VB IN PRP$,3
750,NN NN IN,NN POS NN,3
566,MD VB DT,PRP MD VB,3
1210,RB JJ IN,VBP RB JJ,3
1570,VBD JJ IN,VBD JJ IN,3
771,NN NNS RB,NN NN RB,3
614,"NN , IN","NNS , IN",3
701,NN IN NN,NNS IN NN,3
116,DT NN CC,IN DT NN,3
904,"NNS , RB","NNS , RB",3
1182,RB IN DT,IN DT NN,3
1972,VBZ JJ IN,PRP VBZ JJ,3
1261,RB VB DT,RB VB DT,3
117,DT NN CC,IN NN CC,3
95,DT IN DT,DT IN DT,3
1879,VBP PRP$ NN,VBP PRP$ NN,3
1230,RB NNS JJ,DT NNS JJ,3
1878,VBP PRP$ NN,VBD PRP$ NN,3
380,IN PRP$ NN,PRP IN PRP$,3
1583,VBD PRP DT,VBD PRP DT,3
1758,VBN DT NN,VBN DT NN,3
447,JJ . CC,JJ . CC,3
1436,VB IN NN,VBG IN NN,3
137,DT NN RB,PRP$ NN RB,3
1492,VB PRP$ NN,VBN PRP$ NN,2
429,IN WDT NN,IN WDT NN,2
416,IN TO VB,TO VB TO,2
1014,PRP MD VB,MD VB JJ,2
105,DT JJ NNS,JJ NNS .,2
412,IN TO VB,TO VB PRP,2
1840,VBP MD VB,", UH ,",2
1842,VBP NN .,VBP NN .,2
628,NN . IN,DT NN .,2
1373,UH PRP VBZ,IN PRP VBZ,2
1490,VB PRP$ NN,VBG PRP$ NN,2
1673,VBG IN NN,VB IN NN,2
73,CD IN NNP,NN IN NNP,2
1012,PRP MD VB,IN PRP MD,2
1009,PRP MD VB,DT MD VB,2
1672,VBG IN NN,TO VB IN,2
639,NN . _,NNP . _,2
405,IN TO VB,TO VB .,2
1340,TO VB IN,TO VB IN,2
373,IN PRP$ NN,DT NN IN,2
132,DT NN RB,"NN RB ,",2
1037,PRP TO VB,TO VB PRP$,2
370,IN PRP VBZ,IN PRP VBZ,2
369,IN PRP VBZ,. IN PRP,2
1654,VBG DT IN,TO VB DT,2
1891,VBP RB JJ,VBD RB JJ,2
1361,TO VB RB,VBG RB IN,2
1504,"VB RP ,",NN HYPH RP,2
1893,VBP RB JJ,VBP RB JJ,2
1894,VBP RB JJ,VBZ RB JJ,2
655,NN CC VBZ,NN CC VBZ,2
1651,VBG CD NNS,VBG CD NNS,2
1048,PRP VBD DT,. PRP VBD,2
1658,VBG DT NN,IN VBG DT,2
1346,TO VB IN,VBG IN NN,2
1499,VB RB IN,RB VB IN,2
1876,VBP PRP VBP,VBP PRP VBP,2
1875,VBP PRP VBP,VBP PRP VB,2
644,NN . _,VBN . _,2
384,IN PRP$ NN,PRP$ NN RB,2
1662,VBG DT NN,VB DT NN,2
388,IN PRP$ NN,VBG IN PRP$,2
1869,VBP PRP DT,VBP VBN PRP,2
130,DT NN PRP$,PRP$ JJ VBZ,2
1866,VBP PRP DT,MD VB PRP,2
637,NN . _,JJ NN .,2
1022,PRP MD VB,WDT MD VB,2
1665,VBG DT NNS,", VBG DT",2
104,DT JJ NNS,"JJ NNS ,",2
72,CD IN NNP,", CD IN",2
862,NNP NNP .,DT NNP NNP,2
1566,"VBD JJ ,","VBD JJ ,",2
1486,VB PRP VBD,VB PRP VBD,2
897,"NNS , DT","NNS , DT",2
1433,VB IN NN,TO VB IN,2
524,JJ NNS JJ,JJ NNS JJ,2
1432,VB IN DT,VBN IN DT,2
522,JJ NNS IN,TO VB JJ,2
935,"NNS JJ ,",'' NNS JJ,2
1459,VB NN IN,DT NN NN,2
516,JJ NN IN,NN NN IN,2
49,CC NN .,CC NN .,2
1712,VBG PRP$ NN,VB PRP$ NN,2
510,JJ NN IN,JJ HYPH NN,2
1424,VB IN DT,TO VB IN,2
944,NNS NNS .,NN NNS .,2
1463,VB NN RB,DT NN NN,2
1776,VBN NN IN,VBG NN IN,2
949,NNS PRP VBP,NNS PRP VBP,2
526,JJ PRP VBD,NN PRP VBD,2
1435,VB IN NN,VB IN NN,2
1830,VBP IN PRP$,VBP IN PRP$,2
530,JJ TO VB,DT NN TO,2
554,JJR NN .,DT JJR NN,2
914,NNS CC IN,NN CC IN,2
1446,VB IN PRP$,VBG IN PRP$,2
1724,VBG TO VB,", VBG TO",2
919,NNS IN IN,DT NNS IN,2
902,"NNS , NNS","NNS , NNS",2
921,NNS IN NN,DT NNS IN,2
1745,VBN . _,JJ . _,2
900,"NNS , IN","NNS , IN",2
924,NNS IN NN,NNS IN NN,2
925,NNS IN NNP,NN IN NNP,2
1751,VBN CD NNS,VBN CD NNS,2
1437,VB IN NNP,TO VB IN,2
1754,VBN DT IN,VBN DT IN,2
930,NNS IN NNS,NNS IN NNS,2
1707,VBG PRP VBP,NN PRP VBP,2
887,NNP VBZ NN,NNP VBZ NN,2
495,"JJ NN ,",JJ JJ NN,2
1414,VB DT PRP$,VB DT PRP$,2
978,NNS WDT DT,NNS WDT DT,2
460,JJ . _,RB . _,2
459,JJ . _,NN . _,2
1479,VB PRP RB,VB PRP RB,2
871,NNP PRP VBD,NN PRP VBD,2
453,JJ . NNS,JJ . NNS,2
125,DT NN DT,DT NN DT,2
16,", RB PRP",. RB PRP,2
449,JJ . DT,JJ . DT,2
1386,VB : NN,VB : NN,2
1821,VBP DT NNS,VBZ DT NNS,2
867,NNP NNP PRP,", NNP NNP",2
1384,VB . _,VB RP .,2
990,PDT DT NN,VBG PDT DT,2
994,PRP . _,DT . _,2
1393,VB DT NN,IN DT VBG,2
53,CC PRP VBD,", CC PRP",2
1478,VB PRP RB,TO VB PRP,2
50,CC NN IN,", CC NN",2
493,"JJ NN ,","DT NN ,",2
121,DT NN CC,PRP DT NN,2
1786,VBN PRP$ NN,VBG PRP$ NN,2
957,NNS TO VB,NN TO VB,2
589,MD VB RBR,MD VB RBR,2
885,NNP VBZ JJ,DT NNP VBZ,2
884,NNP VBZ DT,NN VBZ DT,2
1397,VB DT NN,VB IN DT,2
483,JJ IN NNP,DT NN IN,2
478,JJ IN IN,JJ IN IN,2
1473,VB PRP NN,VBG PRP NN,2
1693,VBG NN IN,VB NN IN,2
1476,VB PRP PRP$,VB PRP PRP$,2
1802,VBP . _,VBD . _,2
463,JJ . _,VBN . _,2
1650,VBG CD NNS,IN VBG CD,2
712,NN IN NNP,NNP IN NNP,2
810,NN VBZ DT,WDT VBZ DT,2
1118,"PRP$ NN ,","PRP$ NN ,",2
1607,VBD TO VB,VB TO VB,2
1235,RB PRP VBD,PRP RB VBD,2
2027,WDT VBD DT,", WDT VBD",2
707,NN IN NNP,DT NN IN,2
1609,VBD TO VB,VBD VBN TO,2
199,IN DT .,IN DT .,2
197,"IN DT ,",", IN DT",2
1968,VBZ JJ .,MD VB JJ,2
703,NN IN NN,RB IN NN,2
1165,RB . _,JJ . _,2
273,IN DT PRP,CC IN DT,2
808,NN VBZ DT,NN VBZ DT,2
192,IN CD NNS,CD NNS IN,2
745,NN NN IN,JJ NN IN,2
812,NN VBZ IN,WDT VBZ IN,2
191,IN CD IN,IN CD IN,2
1960,VBZ IN DT,VBZ IN DT,2
1959,VBZ IN DT,VBP IN DT,2
813,NN VBZ JJ,DT NN VBZ,2
1102,PRP VBZ VBN,PRP VBZ VBN,2
9,", IN DT","CC , IN",2
1288,RB VBP VBN,VBP RB VBN,2
287,IN IN DT,IN DT NN,2
1548,VBD DT NN,VBD TO VB,2
1953,VBZ DT NN,VBZ DT NN,2
2036,WP DT NN,", WP DT",2
1290,RB VBZ RB,RB VBZ RB,2
1552,VBD DT NNS,VB DT NNS,2
1120,PRP$ NN .,DT NN .,2
1238,RB PRP$ NN,RB PRP$ NN,2
1606,VBD RB TO,VBD RB VB,2
220,IN DT NN,DT NN PRP,2
1252,RB TO VB,RB TO VB,2
1243,RB RB JJ,PRP VBZ RB,2
727,NN IN VB,DT NN IN,2
233,IN DT NN,RB . _,2
1155,"RB , DT",", RB ,",2
724,NN IN PDT,NN IN PDT,2
798,NN VBD TO,NN VBD TO,2
1599,VBD RB DT,VBD RB VBN,2
1156,"RB , DT","RB , DT",2
94,DT CD NNS,DT CD NNS,2
211,IN DT NN,CC DT NN,2
1132,PRP$ NN IN,PRP$ NN IN,2
1551,VBD DT NN,VBP VBN DT,2
141,"DT NNP ,","DT NNP ,",2
1990,VBZ RB DT,RB VBZ DT,2
1264,RB VB PRP,RB VB PRP,2
737,NN MD VB,DT NN MD,2
1538,VBD DT IN,VB DT IN,2
1159,"RB , IN","RB , IN",2
92,DT . _,PRP . _,2
253,IN DT NNS,DT NNS .,2
1125,PRP$ NN CC,IN PRP$ NN,2
714,NN IN NNP,NNP POS NN,2
256,IN DT NNS,DT NNS IN,2
205,IN DT IN,IN DT IN,2
1506,"VB RP ,",VB HYPH RP,2
184,"IN , VBD","IN , VBD",2
186,IN . PRP,RB . PRP,2
746,NN NN IN,NN IN DT,2
1928,VBP VBN IN,VBD IN NNP,2
752,NN NN IN,WDT NN IN,2
1312,TO VB .,VBG . _,2
755,NN NN PRP,JJ NN PRP,2
1622,VBD VBG RB,VBD VBG RB,2
1316,TO VB CD,VBG CD NNS,2
773,NN PRP VBZ,NN PRP VBZ,2
833,"NNP , IN","NNP , IN",2
759,NN NN RB,JJ NN RB,2
331,IN NN RB,IN NN RB,2
667,NN IN DT,JJ IN DT,2
1194,RB IN NNP,RB IN NNP,2
334,"IN NNP ,","IN NNP ,",2
42,CC DT NNS,CC DT NNS,2
336,IN NNP IN,", IN NNP",2
1063,PRP VBP .,WP PRP VBP,2
1324,TO VB DT,TO VB DT,2
341,IN NNP PRP,IN NNP PRP,2
1207,RB JJ IN,PRP RB JJ,2
154,DT PRP VBD,CC PRP VBD,2
153,DT NNS VBZ,NN VBZ IN,2
1325,TO VB DT,VB DT JJ,2
1326,TO VB DT,VB DT NNP,2
1562,VBD IN PRP$,VBD IN PRP$,2
1907,VBP TO VB,VBG TO VB,2
1329,TO VB DT,VBG DT JJ,2
1055,PRP VBD IN,PRP VBD IN,2
840,"NNP , _","NNP , _",2
171,DT VBZ DT,DT VBZ DT,2
1245,RB RB JJ,RB RB JJ,2
778,NN RB JJ,NN RB JJ,2
822,NN WDT PRP,NNS WDT PRP,2
1623,VBD VBN CD,VBD VBN CD,2
689,NN IN NN,JJ IN NN,2
780,NN RB PRP,NN RB PRP,2
1177,RB DT NN,RB DT NN,2
686,NN IN NN,DT NN IN,2
1178,RB DT NNS,RB DT NNS,2
1225,RB NN IN,JJ NN IN,2
2044,WRB DT NN,IN DT NN,2
779,NN RB JJ,RB JJ NN,2
304,IN NN IN,", IN NN",2
1087,PRP VBZ IN,PRP VBZ IN,2
306,IN NN IN,DT NN IN,2
1940,VBP VBP TO,MD VB TO,2
679,NN IN DT,VBP IN DT,2
1934,VBP VBN PRP$,VBZ VBN PRP$,2
1082,PRP VBZ DT,VBZ DT JJS,2
1081,PRP VBZ DT,PRP VBZ DT,2
314,IN NN IN,NN IN NN,2
1553,VBD DT NNS,VBD DT NNS,1
1558,VBD IN NNS,PRP VBD IN,1
1556,VBD DT NNS,WRB DT NNS,1
1549,VBD DT NN,VBD VBG DT,1
1454,VB JJ DT,IN PRP MD,1
1557,VBD IN CC,VBD VBN IN,1
1563,VBD IN PRP$,VBP IN PRP$,1
1467,VB NNP CC,VB NNP CC,1
1466,"VB NNP ,","VB NNP ,",1
38,CC DT NN,", CC DT",1
1465,VB NN RB,VB VBG RB,1
1464,VB NN RB,RB VB NN,1
1455,VB JJ IN,JJ IN PRP$,1
1460,VB NN IN,VB DT NNS,1
1560,VBD IN NNS,VBP IN NNS,1
1462,VB NN IN,VBD NN IN,1
47,"CC NN ,",", CC NN",1
1457,VB JJ IN,VB NN JJ,1
1555,VBD DT NNS,VBP VBN DT,1
1561,VBD IN PRP$,VB IN PRP$,1
1554,VBD DT NNS,VBP DT NNS,1
1458,VB JJ RB,VBG JJ RB,1
1559,VBD IN NNS,VBD IN NNS,1
1505,"VB RP ,","VB , DT",1
1547,VBD DT NN,VBD RB RB,1
1517,VB VBG IN,VB IN PRP$,1
1528,VB WP VBZ,VB RP WP,1
1527,VB WP VBD,VBG WP VBD,1
43,CC IN $,RB IN $,1
1526,VB WP VBD,TO VB WP,1
1525,VB WDT PRP,VB IN PRP,1
1495,VB PRP$ NNS,VB VBN PRP$,1
1496,VB PRP$ NNS,VBD PRP$ NNS,1
1524,VB WDT MD,PRP MD VB,1
1523,VB VBZ NN,VB VBZ NN,1
1522,VB VBZ IN,TO VB VBZ,1
1521,VB VBN RB,MD VB VBN,1
1520,VB VBN JJ,VBN VBN JJ,1
1519,VB VBN DT,VB VBN RB,1
1518,VB VBG IN,VB VBG IN,1
1516,VB VBG DT,TO VB VBG,1
1491,VB PRP$ NN,VBG VB PRP$,1
1497,VB PRP$ NNS,VBN PRP$ NNS,1
1515,VB VB IN,VB IN PRP$,1
1514,VB VB .,MD RB VB,1
1513,VB TO VB,VBN TO VB,1
1498,VB RB DT,VBN RB DT,1
1512,VB TO VB,VBD TO VB,1
1510,VB TO VB,VB JJ TO,1
1500,VB RB IN,VB RB IN,1
1501,VB RB IN,VBZ RB IN,1
1502,VB RB NN,VB RB NN,1
1503,VB RB PRP,VBZ RB PRP,1
1509,VB TO VB,VB IN VB,1
1508,VB TO VB,TO VB TO,1
1507,"VB RP ,","VB RP ,",1
1493,VB PRP$ NNS,TO VB PRP$,1
1529,"VBD , IN","VBD , IN",1
39,CC DT NN,CC DT NN,1
1537,VBD CD NNS,VBD CD NNS,1
40,CC DT NN,DT NN IN,1
1544,VBD DT NN,RB DT NN,1
1543,VBD DT NN,PRP VBD VBN,1
1541,VBD DT NN,EX VBD DT,1
1468,VB PRP DT,TO VB PRP,1
46,CC JJ IN,CC JJ IN,1
1470,VB PRP DT,VBG PRP DT,1
1471,VB PRP MD,RB VB PRP,1
1472,VB PRP NN,VB PRP NN,1
1474,VB PRP NN,VBZ PRP NN,1
1475,VB PRP NNS,VB PRP NNS,1
41,CC DT NNS,", CC DT",1
1477,VB PRP RB,PRP MD VB,1
1539,VBD DT NN,DT NN PRP,1
1536,VBD CD NNS,RB VBD CD,1
44,CC IN PRP$,", CC IN",1
1535,VBD CC PRP,IN PRP VBD,1
45,"CC JJ ,",PRP VBP DT,1
1481,VB PRP RB,VBZ PRP RB,1
1534,VBD CC IN,VBP VBN CC,1
1482,VB PRP VB,", VB PRP",1
1533,VBD CC IN,VBD CC IN,1
1532,VBD . RB,PRP VBD .,1
1483,VB PRP VB,CC VB PRP,1
1484,VB PRP VB,VB PRP VB,1
1485,VB PRP VBD,RB PRP VBD,1
1531,VBD . NNP,VBD VBN .,1
1530,VBD . CC,VBD . CC,1
1487,VB PRP$ NN,VB IN DT,1
1488,VB PRP$ NN,VB IN PRP$,1
1453,VB JJ CC,JJ CC NNS,1
149,DT NNS JJR,"RB JJR ,",1
1452,VB JJ .,VB JJ .,1
1281,RB VBN IN,"VBN IN ,",1
1293,"RBR JJ ,","JJR , CC",1
1292,RB VBZ VBN,VBZ RB VBN,1
1291,RB VBZ RB,VBZ RB RB,1
1289,RB VBP VBZ,"VBP VBZ ,",1
1287,RB VBP VBN,MD RB VB,1
1286,RB VBP VBG,VBP RB VBG,1
1285,RB VBP NNS,RB HYPH VBN,1
1284,RB VBP CC,RB VBP CC,1
1283,RB VBN IN,VBP RB VBN,1
1282,RB VBN IN,VBN IN NNP,1
1280,RB VBN CC,RB VBN CC,1
1295,RBR PRP$ NN,PRP$ NN NN,1
1279,RB VBN .,RB VBN .,1
1278,RB VBG RB,VBG RB IN,1
1277,RB VBG RB,RB VBG RB,1
1276,RB VBG IN,VBP RB VBG,1
1275,RB VBG IN,RB VBG IN,1
1274,RB VBG IN,PRP VBP RB,1
1273,RB VBG DT,PRP VBP RB,1
1272,RB VBG DT,IN RB VBG,1
1271,"RB VBG ,","NN RB ,",1
1270,RB VBD VBN,VBD RB VBN,1
1294,"RBR JJ ,","JJR , IN",1
1296,"RP , .","RP , .",1
1268,RB VBD RBS,VBD RBS CC,1
1309,TO VB .,RB JJ .,1
1321,TO VB DT,MD VB DT,1
1320,TO VB DT,JJ TO VB,1
1319,TO VB DT,IN DT NN,1
1318,TO VB DT,DT NN IN,1
1317,TO VB DT,DT JJ NN,1
1315,TO VB CC,VBD CC PRP,1
1314,TO VB :,VB : _,1
1313,TO VB .,VBP . PRP,1
1311,TO VB .,VBG . DT,1
1310,TO VB .,TO VB .,1
1308,TO VB .,JJ . _,1
1297,RP CC IN,CC IN IN,1
1307,TO VB .,IN TO VB,1
1306,"TO VB ,","NN , VBG",1
1305,"TO VB ,","NN , NN",1
1304,"TO VB ,","NN , CC",1
1303,TO RP PRP,VB RP PRP,1
1302,RP TO VB,TO VB PRP,1
1301,RP TO VB,TO VB IN,1
1300,RP PRP NN,PRP RB PRP,1
1299,RP NN IN,PRP$ NN IN,1
1298,RP IN PRP$,PRP$ NNS .,1
1269,RB VBD TO,VBP RB VBN,1
57,CC PRP VBD,PRP VBD NNP,1
1323,TO VB DT,RP TO VB,1
1218,RB MD VB,MD VB VBN,1
1231,RB PRP VBD,", RB PRP",1
1229,RB NNS IN,JJ NNS IN,1
1228,RB NNS IN,DT NNS IN,1
1227,RB NNP RB,DT NNP RB,1
1226,RB NN _,JJ NN _,1
1224,RB NN IN,DT NN IN,1
1223,RB NN CC,", RB NN",1
1222,RB NN .,RB . _,1
1221,RB NN .,NN . _,1
1220,RB NN .,JJ NN .,1
1217,RB MD VB,MD VB IN,1
1233,RB PRP VBD,CC PRP VBD,1
59,CC PRP VBZ,CC PRP VBZ,1
1215,RB JJ RB,RB RB JJ,1
1214,RB JJ PRP$,PRP$ JJ NNS,1
1213,RB JJ PRP,RP RB JJ,1
1212,RB JJ PRP,JJ PRP VBP,1
1211,RB JJ IN,VBZ RB JJ,1
1209,RB JJ IN,VB RB JJ,1
1208,RB JJ IN,RB JJ IN,1
1206,RB JJ CC,RB JJ CC,1
1205,RB JJ .,VBG RB JJ,1
1232,RB PRP VBD,. RB PRP,1
1234,RB PRP VBD,DT NN PRP,1
1266,RB VBD NN,VBD RB VBN,1
1253,RB TO VB,"TO VB ,",1
1265,RB VBD NN,RB VBD NN,1
1263,RB VB PRP,MD PRP RB,1
1262,RB VB DT,VB DT NN,1
1260,RB VB .,MD RB VB,1
1259,RB TO VB,VBP RB VB,1
1258,RB TO VB,VB TO VB,1
1257,RB TO VB,TO VB PRP,1
1256,RB TO VB,TO VB NN,1
1255,RB TO VB,TO VB IN,1
1254,RB TO VB,TO VB DT,1
1251,RB TO VB,PRP VBP RB,1
1236,RB PRP VBZ,RB PRP VBZ,1
1249,RB TO VB,IN EX VBZ,1
1248,RB TO VB,DT RB TO,1
1247,RB RB PRP,CC RB PRP,1
1246,RB RB NNP,NNP RB RB,1
1244,RB RB JJ,RB JJ .,1
1242,RB RB DT,RB RB DT,1
1241,RB RB DT,DT NN RB,1
58,CC PRP VBD,PRP VBD RB,1
1239,RB PRP$ NNS,CC PRP$ NNS,1
1237,RB PRP$ NN,IN PRP$ NN,1
1322,TO VB DT,PRP MD VB,1
1327,TO VB DT,VB DT VBG,1
1451,VB JJ .,", VB JJ",1
1402,VB DT NN,VB VB DT,1
1413,VB DT NNS,VBZ DT NNS,1
1412,VB DT NNS,VBN DT NNS,1
1411,VB DT NNS,VBG DT NNS,1
1409,VB DT NNS,PRP VB DT,1
1408,VB DT NNS,DT NNS IN,1
1407,VB DT NN,VBN DT NN,1
51,CC NN IN,DT NN IN,1
1405,VB DT NN,VBD VB DT,1
1404,VB DT NN,VBD DT NN,1
1403,VB DT NN,VB VBN DT,1
1401,VB DT NN,VB RP DT,1
1416,VB DT PRP$,VBZ PDT PRP$,1
1400,VB DT NN,VB PRP$ NN,1
1399,VB DT NN,VB NN IN,1
1398,VB DT NN,VB IN IN,1
1396,VB DT NN,VB DT VB,1
52,CC NNP .,CC NNP .,1
1564,VBD IN PRP$,VBZ VBN IN,1
1391,VB DT CD,VB DT CD,1
1390,VB CD NNS,VBG CD NNS,1
1389,VB CD NNS,VB CD NNS,1
1388,VB CD NNS,CD CD NNS,1
1415,VB DT PRP$,VBG PDT PRP$,1
1417,VB DT RBS,VBN DT RBS,1
1385,VB . _,VBZ . _,1
1438,VB IN NNP,VBD IN NNP,1
1450,"VB JJ ,","VBG JJ ,",1
1449,VB IN WP,VBG IN WP,1
1448,VB IN WP,VB IN WP,1
1447,VB IN PRP$,WP MD VB,1
1445,VB IN PRP$,VBD IN PRP$,1
1443,VB IN PRP$,TO VB IN,1
1442,VB IN PRP$,PRP VBP IN,1
1441,VB IN PDT,VBN IN PDT,1
1440,VB IN PDT,VB IN PDT,1
1439,VB IN NNP,VBG IN NNP,1
1434,VB IN NN,TO VB NN,1
1418,VB DT VBD,PRP VBP DT,1
48,"CC NN ,","NN , NN",1
1430,VB IN DT,VBD IN DT,1
1429,VB IN DT,VB VBN IN,1
1428,VB IN DT,VB RP IN,1
1427,VB IN DT,VB JJR IN,1
1425,VB IN DT,VB DT NN,1
1422,VB IN DT,JJ IN DT,1
1421,VB IN DT,IN NN IN,1
1420,"VB IN ,","VB IN ,",1
1419,VB DT ``,VB DT ``,1
1387,VB CC TO,JJR CC TO,1
1383,VB . _,VB . _,1
1328,TO VB DT,VB TO VB,1
55,CC PRP VBD,DT CC PRP,1
1353,TO VB NNS,VBG NNS DT,1
1352,TO VB NNS,"VBG NNS ,",1
1351,TO VB NNS,", TO VB",1
1350,TO VB JJR,JJR CC RBR,1
1349,TO VB IN,VBP IN PRP,1
1348,TO VB IN,VBP IN DT,1
1347,TO VB IN,VBG IN PRP$,1
54,CC PRP VBD,CC PRP VBD,1
1344,TO VB IN,VBG IN CD,1
1343,TO VB IN,VB TO VB,1
1341,TO VB IN,TO VB TO,1
1355,TO VB RB,IN DT NN,1
1339,TO VB IN,IN PRP TO,1
1338,TO VB IN,IN PRP MD,1
1337,TO VB IN,IN PDT DT,1
1336,TO VB IN,IN IN TO,1
1335,TO VB IN,IN DT NN,1
1334,TO VB HYPH,VB HYPH NN,1
1333,TO VB DT,VBP DT NN,1
1332,TO VB DT,VBP DT JJ,1
1331,TO VB DT,VBG TO VB,1
56,CC PRP VBD,PRP CC PRP,1
1354,TO VB NNS,VBG TO VB,1
1356,TO VB RB,TO VB PRP$,1
1382,VB . _,JJ . _,1
1370,TO VB WRB,VB TO VB,1
1381,VB . UH,VB . UH,1
1380,VB . NNS,VB . NNS,1
1379,VB . IN,VB . IN,1
1378,"VB , DT","VBN IN ,",1
1377,"VB , .","TO VB ,",1
1376,"VB , .","RB , .",1
1375,UH RB RB,RB RB RB,1
1374,UH RB .,"PRP$ RB ,",1
1372,UH PRP VBD,WP PRP VBD,1
1371,UH IN PRP,JJ IN PRP,1
1369,TO VB WRB,IN WRB JJ,1
1357,TO VB RB,TO VB RB,1
1368,TO VB WDT,VB WDT MD,1
1367,TO VB VBZ,VBN VBZ RB,1
1366,TO VB VBP,VB TO VB,1
1365,TO VB VB,NN TO VB,1
1364,TO VB VB,DT NN TO,1
1363,TO VB TO,RB JJ TO,1
1362,TO VB RB,VBG RB RB,1
1360,TO VB RB,VBG RB CD,1
1359,TO VB RB,VB RB RB,1
1358,TO VB RB,VB RB CC,1
1392,VB DT NN,IN DT NN,1
1633,VBD VBN PRP$,VBD PRP$ JJ,1
1565,"VBD JJ ,","JJ , CC",1
14,", RB IN","TO VB ,",1
1915,VBP VBG DT,VBZ VBG DT,1
1914,VBP VBG DT,VBP VBG DT,1
1913,VBP VBG DT,VBP DT NN,1
1912,VBP VBG DT,MD VB VBG,1
1911,VBP VBG .,VBP VBG .,1
1910,VBP VBD IN,MD VB IN,1
1909,VBP TO VB,VBP VBG TO,1
12,", PRP VBD",IN DT NNS,1
1906,VBP TO VB,VBD VBN TO,1
13,", RB IN",IN DT NN,1
1904,VBP TO VB,RB VBP TO,1
1902,"VBP RP ,","VBP RP ,",1
1947,VBZ CC VB,NNS CC NN,1
1901,VBP RBR IN,VBZ JJR IN,1
1900,VBP RB VBP,RB VBP IN,1
1899,VBP RB VBP,MD RB VB,1
1898,VBP RB TO,VBG RB TO,1
1897,VBP RB TO,VBD RB TO,1
1896,VBP RB TO,", VB RB",1
1895,VBP RB NN,VBP IN DT,1
1892,VBP RB JJ,VBP RB :,1
1890,VBP RB JJ,RB RB VBP,1
1889,VBP RB JJ,MD VB RB,1
1888,VBP RB IN,VBG RB IN,1
1916,VBP VBG IN,VBD VBN VBG,1
1917,VBP VBG IN,VBP IN DT,1
1918,VBP VBG IN,VBP IN JJ,1
1919,VBP VBG IN,VBP IN RBS,1
1945,VBZ . UH,VBD . UH,1
1944,VBZ . TO,VBP . TO,1
1943,"VBZ , IN","PRP VBZ ,",1
1942,"VBZ , CC","VBD , CC",1
1941,"VBZ , CC","TO VB ,",1
1939,VBP VBP IN,WDT VBP IN,1
1938,VBP VBP IN,VBP IN JJS,1
1937,VBP VBN VBZ,VBD VBZ DT,1
1936,VBP VBN RB,VBD VBN RB,1
1935,VBP VBN RB,VBD RB JJ,1
1933,VBP VBN PRP$,TO VB VBN,1
1932,VBP VBN PRP$,PRP VBP VBN,1
1931,VBP VBN IN,VBP IN IN,1
1930,VBP VBN IN,VBD VBN IN,1
1929,VBP VBN IN,VBD IN PRP,1
1927,VBP VBN IN,TO VB VBN,1
1926,VBP VBN DT,VBZ VBN DT,1
1925,VBP VBN DT,VBD VBN DT,1
1924,VBP VBN DT,MD VB VBN,1
1923,VBP VBN CD,VBD CD NNS,1
1922,VBP VBG RB,VBP RB IN,1
1921,VBP VBG RB,RB RB VBP,1
1920,VBP VBG JJ,VBP VBN VBG,1
1887,VBP RB CC,VBZ RB CC,1
1886,VBP RB .,VBP . PRP,1
1885,VBP RB .,VBD RB .,1
1850,VBP NNP .,VBD NNP .,1
1848,VBP NN JJ,VBZ NN JJ,1
1847,VBP NN JJ,VBD NN JJ,1
1846,VBP NN IN,VBP VBN NN,1
1845,VBP NN IN,VBP PRP NN,1
1844,VBP NN IN,VBP IN DT,1
1843,VBP NN IN,VBD NN IN,1
1841,VBP MD VB,VBP MD VB,1
1839,VBP JJ RB,CC PRP$ NN,1
1838,VBP JJ IN,VBG JJ IN,1
1837,VBP JJ CC,VBD JJ CC,1
1836,VBP JJ .,VBZ JJ .,1
1835,VBP JJ .,VBP JJ .,1
1834,VBP JJ .,VBD JJ .,1
1833,"VBP JJ ,","VBZ JJ ,",1
1832,"VBP JJ ,",VBP VBN JJ,1
1831,VBP IN PRP$,"VBP RB ,",1
15,", RB PRP",", PRP VBD",1
1828,VBP IN NNS,VBP IN NNS,1
1827,VBP IN NNS,VBG IN NNS,1
1826,VBP IN NNS,VBD IN NNS,1
1825,VBP IN IN,VBP IN IN,1
1824,VBP DT VBP,WDT DT VBP,1
1823,VBP DT VBD,VBP DT VBD,1
1849,"VBP NNP ,","VBZ NNP ,",1
1851,VBP NNP IN,VBN NNP IN,1
1884,VBP RB .,MD VB RB,1
1852,VBP NNP WP,VBD NNP WP,1
1883,VBP PRP$ NNS,VBZ PRP$ NNS,1
1882,VBP PRP$ NNS,PRP VBP PRP$,1
1881,VBP PRP$ NNS,MD VB PRP$,1
1880,VBP PRP$ NN,VBZ PRP$ NN,1
1877,VBP PRP VBZ,VBP PRP VBZ,1
1874,VBP PRP VBP,PRP VBP PRP,1
1873,VBP PRP VBP,PRP VBP IN,1
1872,VBP PRP PRP,VBP PRP PRP,1
1871,VBP PRP PRP,VBD PRP PRP,1
1870,VBP PRP PRP,MD VB PRP,1
1868,VBP PRP DT,VBP VBG PRP,1
1867,VBP PRP DT,VBD PRP DT,1
1865,VBP PRP CC,VBP PRP CC,1
1864,VBP PRP CC,VBD PRP CC,1
1863,VBP PRP .,VBP VBN PRP,1
1862,VBP PRP .,VBP PRP .,1
1861,VBP PRP .,VBP IN PRP,1
1859,"VBP PRP ,","VBZ PRP ,",1
1858,"VBP PRP ,","VBP PRP ,",1
1856,"VBP PRP ,",", VB PRP",1
1855,VBP POS IN,NNS IN VBG,1
1854,VBP POS CD,VBZ CD NNS,1
1853,VBP NNS RB,NNS RB VBP,1
1946,VBZ : DT,VBZ : DT,1
1948,VBZ DT NN,DT NN PRP,1
1819,VBP DT NNS,EX VBP DT,1
2025,WDT NN PRP,WP NN PRP,1
2038,WP NNS RB,RB WP NNS,1
2037,WP IN PRP,", WP IN",1
2035,WDT VBZ JJ,WP VBZ JJ,1
2034,WDT VBZ JJ,", WDT VBZ",1
2033,WDT VBZ DT,WDT VBZ DT,1
4,", CC RB","PRP , CC",1
2031,WDT VBZ DT,", DT VBZ",1
2030,WDT VBP IN,WP VBP IN,1
2029,WDT VBP IN,DT VBP IN,1
2028,WDT VBD PRP$,WP VBD PRP$,1
2026,WDT VBD .,IN VBN .,1
2024,WDT NN PRP,DT NN PRP,1
11,", PRP VBD",. PRP VBD,1
5,", DT ,","PRP , DT",1
6,", DT .","IN , DT",1
2021,WDT NN IN,IN IN WDT,1
2020,WDT MD VB,WDT MD VB,1
2019,WDT MD VB,", WDT MD",1
2018,VBZ WRB JJ,VBP VBZ WRB,1
2017,VBZ WDT VBZ,VBD WDT VBZ,1
2016,VBZ VBN RB,VBP VBN RB,1
2015,VBZ VBN PRP$,VBP VBN PRP$,1
2013,VBZ VBN IN,PRP VBZ VBN,1
2012,VBZ VBN DT,VBP VBN DT,1
2039,WP VBD DT,", WP VBD",1
2040,WP VBD DT,NNS WP VBD,1
2041,WP VBD IN,WDT VBD IN,1
2042,WP VBZ PRP$,WP PRP$ NN,1
2066,_ _ _,PRP MD .,1
2065,_ _ _,: _ _,1
2,", : DT",IN DT NN,1
2063,_ _ _,", _ _",1
2062,XX VBG TO,PRP VBP VBG,1
2061,WRB VBD PRP$,IN PRP$ NN,1
2060,WRB TO VB,TO VB VBG,1
2059,WRB PRP$ NN,WP PRP$ NN,1
2058,WRB PRP$ NN,RB PRP$ NN,1
2057,WRB PRP VBZ,CC WRB PRP,1
2056,WRB PRP VBD,WRB PRP VBD,1
2055,WRB PRP VBD,WP PRP VBD,1
2054,WRB PRP VBD,VBG IN DT,1
2053,WRB PRP VBD,PRP WRB PRP,1
2052,WRB PRP VBD,IN WRB PRP,1
2051,WRB PRP VBD,IN WDT PRP,1
3,", CC IN","RB , CC",1
2049,WRB IN WDT,IN WDT PRP,1
2048,WRB IN DT,WP DT NNS,1
2047,WRB IN DT,VBD IN DT,1
2046,WRB DT NN,WP DT NN,1
2045,WRB DT NN,RB DT NN,1
2043,WRB . CC,. WRB .,1
2011,VBZ VBN DT,VBD DT JJ,1
2010,VBZ VBN DT,PRP VBZ VBN,1
2009,VBZ VBN DT,PRP VBD DT,1
1980,VBZ NN RB,NN VBZ RB,1
1978,VBZ NN JJ,PRP VBZ JJ,1
1977,VBZ NN IN,NN NN IN,1
1976,VBZ JJ TO,VBZ PRP TO,1
1975,VBZ JJ TO,VBD JJ TO,1
8,", IN DT",. IN DT,1
1973,VBZ JJ IN,VBD JJ IN,1
1971,VBZ JJ DT,. PRP VBZ,1
1970,VBZ JJ .,VBD JJ .,1
1969,VBZ JJ .,PRP VBZ JJ,1
1967,"VBZ JJ ,","VBG JJ ,",1
1966,"VBZ JJ ,",PRP VBZ JJ,1
1965,VBZ IN WP,VBG IN WP,1
1964,VBZ IN PRP$,VBZ VBG PRP,1
1963,VBZ IN PRP$,VBP IN PRP$,1
1962,VBZ IN NNP,PRP VBZ IN,1
1961,VBZ IN DT,VBZ VBG IN,1
1958,VBZ IN DT,VBD IN DT,1
1957,VBZ IN DT,VB IN DT,1
1955,VBZ FW .,", VBZ FW",1
1954,VBZ DT NNS,IN DT NNS,1
10,", NNS IN","VBD , NNS",1
1951,VBZ DT NN,VBG DT NN,1
1950,VBZ DT NN,PRP VBZ DT,1
1979,VBZ NN JJ,WDT VBZ NN,1
1981,VBZ PRP DT,VBZ PRP DT,1
2008,VBZ VBN DT,", VBZ VBN",1
1982,VBZ PRP IN,VBD PRP IN,1
2007,VBZ VBG IN,VBD VBG IN,1
2006,VBZ VBG DT,VBZ IN VBG,1
2005,VBZ VBG .,VBD JJ .,1
2004,VBZ TO VB,VBP TO VB,1
2003,VBZ TO VB,VBD TO VB,1
2002,VBZ TO VB,PRP VBZ TO,1
2001,VBZ TO DT,VBP TO DT,1
2000,"VBZ RP ,",VB HYPH RP,1
1999,VBZ RB TO,VBZ RB VB,1
1998,VBZ RB TO,PRP VBZ RB,1
7,", DT VBZ",", DT VBZ",1
1995,VBZ RB JJ,DT NN IN,1
1994,VBZ RB IN,VBZ RB IN,1
1993,VBZ RB IN,VBD RB IN,1
1992,VBZ RB IN,IN IN PRP,1
1991,VBZ RB DT,VBP RB DT,1
1989,VBZ RB DT,NNS PRP VBZ,1
1988,"VBZ RB ,","RB , UH",1
1987,VBZ PRP$ NN,VBZ PRP$ NN,1
1986,VBZ PRP$ NN,VBP PRP$ NN,1
1985,VBZ PRP$ NN,DT VBZ PRP$,1
1984,VBZ PRP VBZ,PRP VBZ .,1
1983,VBZ PRP NN,VBZ PRP NN,1
1822,VBP DT NNS,WDT VBP DT,1
1818,VBP DT NNS,DT NNS VBP,1
1567,"VBD JJ ,",VBD VBN JJ,1
1643,VBG -RRB- .,NN -RRB- .,1
1657,VBG DT NN,DT NN POS,1
33,. WP VBZ,IN DT NNS,1
1655,VBG DT IN,VBG DT IN,1
1653,VBG DT IN,IN VBG DT,1
1652,VBG CD NNS,WDT CD NNS,1
1649,VBG CC TO,VBG CC TO,1
1648,VBG CC TO,TO VB CC,1
1647,VBG CC IN,VBG RP CC,1
1646,VBG . _,VBG RP .,1
1645,VBG . _,NN . _,1
1644,VBG . _,JJ . _,1
1642,"VBG , NN","NN , NN",1
1692,VBG NN IN,IN VBG NN,1
1641,"VBG , IN","VBG , IN",1
1640,"VBG , DT","VBG , DT",1
1639,VBD VBN VBZ,VBD VBZ DT,1
1638,VBD VBN RB,VBP VBN RB,1
1637,VBD VBN RB,VBD RB WP,1
1636,VBD VBN RB,VBD RB .,1
1635,VBD VBN PRP$,VBP VBN PRP$,1
1634,VBD VBN PRP$,VBD VBN PRP$,1
1203,RB JJ .,MD VB RB,1
1632,VBD VBN NNS,VBP VBN NNS,1
1631,VBD VBN NN,VBD NN IN,1
1659,VBG DT NN,JJ DT NN,1
1660,VBG DT NN,NN VBG DT,1
32,. RB PRP,PRP VBP RB,1
31,. RB PRP,PRP MD RB,1
1690,VBG NN IN,. VBG NN,1
1689,VBG NN IN,", VBG NN",1
1688,VBG JJ CC,VBG JJ CC,1
1687,VBG IN WRB,NN IN WRB,1
1686,VBG IN WRB,", VBG IN",1
29,. RB PRP,JJ . RB,1
1684,VBG IN PRP$,TO VB IN,1
1683,VBG IN PRP$,IN PRP$ NN,1
1682,VBG IN PRP$,. _ _,1
1681,VBG IN PDT,", VBG IN",1
1680,VBG IN NNP,VBG IN NNP,1
1679,VBG IN NNP,TO VB IN,1
1678,VBG IN NNP,IN NNP .,1
1677,VBG IN NN,VBG VBN IN,1
1676,VBG IN NN,VBG NN PRP,1
1675,VBG IN NN,"VBG NN ,",1
30,. RB PRP,PRP . RB,1
1671,VBG IN CC,TO VB IN,1
1670,VBG DT NNS,VBP DT NNS,1
1669,VBG DT NNS,VBG DT NN,1
1668,VBG DT NNS,VB DT NNS,1
1667,VBG DT NNS,TO VB DT,1
1666,VBG DT NNS,IN VBG DT,1
1630,VBD VBN NN,VBD NN .,1
1629,VBD VBN NN,"VBD NN ,",1
1628,VBD VBN JJ,VBP VBN JJ,1
1594,"VBD RB ,","VBD RB ,",1
1592,VBD PRP$ NNS,PRP$ NNS VBD,1
1591,VBD PRP$ NN,VBZ PRP$ NN,1
1590,VBD PRP$ NN,VBP VBN PRP$,1
37,CC DT JJS,CC DT JJS,1
1588,VBD PRP$ NN,PRP VBD PRP$,1
1587,VBD PRP VBP,WRB PRP VBP,1
1586,VBD PRP VBP,VBP PRP VBP,1
1585,VBD PRP VBP,VBN PRP VBP,1
1584,VBD PRP VBP,RB PRP VBP,1
1582,VBD PRP DT,VBD DT NN,1
1581,VBD PRP CC,VBP PRP CC,1
1580,VBD PRP CC,VBD PRP CC,1
1579,VBD PRP CC,VB PRP CC,1
1578,"VBD PRP ,",VBD PRP VBG,1
1577,"VBD PRP ,","VBD PRP ,",1
1576,VBD POS NNS,NN POS NNS,1
1575,VBD NNP RB,VBD NNP RB,1
1574,VBD NN IN,VBP VBN NN,1
1573,VBD NN IN,VBD NN IN,1
1572,VBD NN IN,VB NN IN,1
1571,VBD JJ IN,VBP VBD JJ,1
1569,VBD JJ IN,PRP VBD JJ,1
1568,VBD JJ CD,VBD JJ CD,1
1593,VBD PRP$ NNS,VBP PRP$ NNS,1
1595,VBD RB .,VBD RB .,1
1627,VBD VBN JJ,VB VBN JJ,1
1596,VBD RB .,VBD VBN RB,1
1626,VBD VBN DT,VBP VBN DT,1
1625,VBD VBN DT,VBD DT NN,1
1624,VBD VBN DT,VB VBN DT,1
1620,VBD VBG IN,VBG IN DT,1
1619,VBD VBG IN,VBD VBG IN,1
1618,VBD VBG IN,VBD IN NNP,1
1617,VBD VBG IN,VBD IN DT,1
1616,VBD VBG DT,VBD RB VBG,1
1615,VBD VBG DT,VBD DT JJ,1
1614,VBD VBG CD,VBD CD HYPH,1
1613,VBD VBD IN,PRP VBD VBD,1
1612,VBD TO VB,WRB PRP VBD,1
1611,VBD TO VB,VBZ TO VB,1
34,: IN NN,", VBG NN",1
35,CC DT .,DT . DT,1
1605,VBD RB PRP$,VBD RB PRP$,1
1604,VBD RB PRP$,TO VB RB,1
1603,VBD RB IN,VBN RB IN,1
1602,VBD RB IN,VBD NNP RB,1
1601,VBD RB IN,MD VB VBN,1
1600,VBD RB DT,VBP RB DT,1
36,CC DT JJS,. CC DT,1
1597,VBD RB .,VBP RB .,1
1691,VBG NN IN,IN DT NN,1
28,. RB PRP,", RB PRP",1
1816,VBP DT NN,VBP RP DT,1
1773,VBN NN DT,VBN DT NN,1
1785,VBN PRP$ NN,VB PRP$ NN,1
1784,VBN PRP$ $,VB PRP$ $,1
1783,VBN PRP VBP,VBG PRP VBP,1
1782,VBN PRP DT,VBN PRP DT,1
1781,"VBN PRP ,","VB PRP ,",1
1780,VBN NNS IN,VBN NNS IN,1
1779,VBN NNS IN,VB NNS IN,1
1778,"VBN NNP ,","VBN NNP ,",1
1777,VBN NN IN,VBN VBG IN,1
1775,VBN NN IN,VBD NN IN,1
1774,VBN NN IN,NN IN DT,1
1772,VBN MD VB,VBN MD VB,1
1695,VBG NN JJ,TO VB NN,1
1771,VBN JJ IN,RB JJ IN,1
1770,VBN JJ .,VBD JJ .,1
1769,VBN IN PRP$,VBN RP IN,1
21,-LRB- NNP NNP,RB -LRB- NNP,1
1765,VBN IN NNP,VB IN NNP,1
22,"-LRB- NNS ,",NN -LRB- NNS,1
1763,VBN IN NN,"VBG NN ,",1
1762,VBN IN NN,", VBN IN",1
1761,VBN IN JJS,JJ IN JJS,1
1760,VBN DT VBN,VBN TO VB,1
1759,VBN DT NNS,VBN DT NNS,1
20,", VBZ IN","IN , VBZ",1
1788,VBN PRP$ NNS,VBN PRP TO,1
1789,VBN RB IN,VBN RB IN,1
1790,VBN RB JJ,RB VBN JJ,1
1815,VBP DT NN,VBP IN DT,1
17,", RB PRP","NN , RB",1
18,", VBD IN",", VBN IN",1
1812,VBP DT NN,VB DT NN,1
1811,VBP DT NN,PRP VBP DT,1
1810,VBP DT NN,MD VB DT,1
1809,VBP DT IN,VBP VBN DT,1
1808,VBP CD NNS,VBP CD NNS,1
1806,VBP CD CC,VBP CD CC,1
1805,VBP CC PRP,VBZ CC PRP,1
1804,VBP CC IN,VBN CC IN,1
1803,VBP . _,VBP . _,1
1801,VBP . IN,VBD . IN,1
1800,"VBP , IN","VBD , IN",1
1799,"VBP , CC","VBZ , CC",1
1798,VBN VBZ IN,VBN VBZ IN,1
1797,VBN VBN IN,VBN IN CD,1
1796,VBN VBG CC,VBN VBG CC,1
19,", VBG DT",PRP VBP TO,1
1794,VBN TO VB,NN TO VB,1
1793,VBN RB PRP,VBN RB PRP,1
1792,VBN RB JJ,VBN RB JJ,1
1791,VBN RB JJ,TO VB RB,1
1757,VBN DT NN,VBG DT NN,1
23,. CC IN,PRP VBP .,1
1755,VBN DT NN,TO VB DT,1
1725,VBG TO VB,PRP JJ TO,1
1722,VBG RP .,TO VB RP,1
1721,VBG RB WP,VBD RB WP,1
1720,VBG RB IN,VBG RB IN,1
1719,VBG RB IN,VBG RB .,1
1718,VBG RB IN,VB RB IN,1
1717,VBG RB IN,PRP VBP VBG,1
1716,VBG RB DT,VBG RB DT,1
1715,VBG RB DT,", VBG RB",1
26,. PRP VBZ,IN . PRP,1
27,. PRP VBZ,NN . PRP,1
1709,VBG PRP VBP,VBP VBG PRP,1
1708,VBG PRP VBP,PRP VBP VBN,1
1706,VBG PRP VBD,RB IN PRP,1
1705,VBG PRP VBD,JJ PRP VBD,1
1704,VBG PRP PRP$,VBG PRP$ NNS,1
1703,VBG PRP DT,IN VBG PRP,1
1702,VBG NNS RB,JJ NNS RB,1
1701,VBG NNS IN,VBG PRP NNS,1
1700,VBG NNS IN,VBG NNS IN,1
1699,VBG NNS IN,IN DT NN,1
1698,VBG NNS DT,VBG NNS DT,1
1697,VBG NN RB,VBP NN RB,1
1696,VBG NN RB,DT JJ NN,1
1723,VBG RP .,VBG RP .,1
25,. DT NN,NN . DT,1
1753,VBN DT IN,VBN CC IN,1
1727,VBG TO VB,VBP VBG TO,1
1752,VBN DT CC,DT NNS IN,1
1750,VBN CC IN,VBN DT IN,1
1749,VBN CC DT,VBN CC DT,1
1748,"VBN CC ,","JJ CC ,",1
24,. DT NN,CC DT .,1
1746,VBN . _,VB . _,1
1744,VBN . VBP,TO VB .,1
1743,"VBN , NNP","JJ , NNP",1
1742,"VBN , IN","VBN , IN",1
1741,"VBN , IN",TO VB VBN,1
1740,VBG VBN IN,VBG IN PRP$,1
1739,VBG VBN IN,TO VB VBN,1
1738,VBG VBN IN,", VBG VBN",1
1737,VBG VBN CC,VBP JJ CC,1
1736,VBG VBN CC,VBG VBN CC,1
1735,VBG VBG IN,VBG VBG IN,1
1734,VBG VBG IN,VBG IN DT,1
1733,VBG VBG IN,IN VBG VBG,1
1732,VBG VBG DT,VBN VBG DT,1
1731,"VBG VBG ,","VB VBG ,",1
1730,VBG VBD RB,VBG VBD RB,1
1729,VBG VBD JJ,NNS VBD JJ,1
1728,VBG TO VB,VBZ VBG TO,1
60,CC PRP$ NNS,TO VB CC,1
1108,PRP$ DT NN,DT NN CC,1
1202,RB JJ .,", RB JJ",1
494,"JJ NN ,",IN JJ NN,1
506,JJ NN DT,NN IN JJ,1
505,JJ NN DT,DT JJ NN,1
504,"JJ NN ,",PRP JJ NN,1
503,"JJ NN ,","NNS JJ ,",1
502,"JJ NN ,","NN NN ,",1
501,"JJ NN ,",NN HYPH NN,1
500,"JJ NN ,","NN , PRP",1
499,"JJ NN ,","NN , IN",1
498,"JJ NN ,","NN , .",1
497,"JJ NN ,","JJ NNS ,",1
120,DT NN CC,NN CC PRP,1
491,"JJ NN ,",", JJ NN",1
1201,RB JJ -RRB-,JJ -RRB- .,1
490,JJ JJ RB,RB JJ RB,1
489,JJ JJ IN,RB JJ IN,1
488,JJ JJ IN,JJ JJ IN,1
487,JJ JJ .,RB VBN .,1
486,JJ IN WRB,JJ IN WRB,1
485,JJ IN WP,JJ IN WP,1
482,JJ IN NN,RB IN NN,1
481,JJ IN NN,NNS IN NN,1
480,JJ IN NN,JJ IN NN,1
479,JJ IN NN,", VBN IN",1
477,JJ IN EX,JJ IN EX,1
508,JJ NN IN,DT NN IN,1
509,JJ NN IN,IN JJ NN,1
118,DT NN CC,NN CC JJ,1
512,JJ NN IN,JJR NN IN,1
541,JJ VBG DT,VB VBG DT,1
540,"JJ VBG ,","RB VBG ,",1
539,"JJ VBG ,","JJ VBG ,",1
538,JJ VBD IN,JJ VBD IN,1
537,JJ UH .,"UH . ,",1
536,JJ TO VB,VBZ JJ TO,1
535,JJ TO VB,VBN TO VB,1
534,JJ TO VB,VBG TO VB,1
533,JJ TO VB,RB TO VB,1
532,JJ TO VB,PRP JJ TO,1
529,JJ RB JJ,NNS RB JJ,1
528,JJ PRP$ NN,VBD PRP$ NN,1
527,JJ PRP$ NN,JJR PRP$ NN,1
525,JJ PRP VBD,JJ PRP VBD,1
523,JJ NNS IN,VBP JJ NNS,1
521,JJ NNS IN,JJ NNS IN,1
520,JJ NNP .,VBD NNP .,1
519,JJ NNP .,JJ NNP .,1
518,JJ NN IN,RP JJ NN,1
517,JJ NN IN,NNS VBP IN,1
515,JJ NN IN,NN IN NNP,1
514,JJ NN IN,NN IN NN,1
513,JJ NN IN,NN IN DT,1
475,JJ IN DT,RB IN DT,1
474,JJ IN DT,PRP VBZ JJ,1
122,DT NN CC,PRP$ NN CC,1
439,"JJ , IN","JJR , IN",1
437,"JJ , FW","JJ , FW",1
126,DT NN DT,PRP VBP DT,1
435,"JJ '' ,","JJ '' ,",1
434,IN WRB .,IN WRB RB,1
433,IN WP NN,IN WP NN,1
432,IN WDT VBZ,IN WDT VBZ,1
431,IN WDT NN,WP NN PRP,1
430,IN WDT NN,WDT NN DT,1
428,IN WDT NN,CC WP NN,1
427,IN WDT NN,CC IN WDT,1
426,IN VBZ IN,IN VBZ IN,1
425,IN VBG RB,IN VBG RB,1
424,IN VBG RB,EX VBG RB,1
423,IN VBG IN,VBG IN PRP$,1
422,IN VBG IN,VBG IN DT,1
421,IN VBG IN,RB IN VBG,1
127,DT NN JJ,NN JJ IN,1
419,IN VBD IN,EX VBD IN,1
418,IN VB DT,PRP MD VB,1
417,IN TO VB,TO VB VBN,1
415,IN TO VB,TO VB RP,1
414,IN TO VB,TO VB RB,1
128,DT NN JJ,RB DT NN,1
438,"JJ , IN","JJ , IN",1
440,"JJ , IN","RB , IN",1
472,JJ IN CD,JJ IN CD,1
441,"JJ , IN","VBN , IN",1
471,JJ IN CD,IN PRP$ NNS,1
470,JJ IN .,JJ IN .,1
469,JJ DT VBZ,NN WDT VBZ,1
468,JJ CC WRB,RB CC WRB,1
467,JJ CC RB,JJ CC RB,1
466,JJ CC DT,JJ CC DT,1
465,"JJ CC ,","RB CC ,",1
464,JJ . _,WDT MD VB,1
462,JJ . _,VB JJ .,1
461,JJ . _,RP . _,1
123,DT NN CC,RB DT NN,1
457,JJ . _,IN JJ .,1
456,JJ . RB,NN . RB,1
124,DT NN DT,CC VB DT,1
454,JJ . PRP$,NN . PRP$,1
452,JJ . NNP,RB . NNP,1
450,JJ . DT,RB . DT,1
448,JJ . CD,JJ . CD,1
446,JJ . .,JJ . .,1
445,"JJ , VBG","JJ , VBG",1
444,"JJ , VBG","DT , VBG",1
443,"JJ , RB","JJ , RB",1
442,"JJ , NNS","JJ , NNS",1
542,JJ VBG IN,VBG IN DT,1
543,JJ VBG IN,VBG RB IN,1
544,"JJ VBN ,","RB VBN ,",1
103,DT JJ NNS,IN DT JJ,1
634,NN . _,IN NN .,1
631,NN . _,", NN .",1
630,NN . IN,TO VB .,1
106,DT JJ NNS,JJ NNS CC,1
627,NN -RRB- .,DT NN -RRB-,1
626,"NN , _","RB , _",1
625,"NN , VBD","TO VB ,",1
624,"NN , RB","VBN , RB",1
623,"NN , RB","VB , RB",1
622,"NN , RB","RB , RB",1
620,"NN , RB","NNP , RB",1
107,DT JJ NNS,JJ NNS VBZ,1
618,"NN , RB","NN , CC",1
617,"NN , PRP$",DT NN IN,1
616,"NN , MD","NN , MD",1
615,"NN , IN","TO VB ,",1
613,"NN , IN","NN NN ,",1
108,DT JJ NNS,VBG JJ NNS,1
611,"NN , IN","IN NN ,",1
109,DT MD VB,", WDT MD",1
609,"NN , IN","DT , IN",1
608,"NN , IN",", IN PRP",1
607,"NN , IN",", IN DT",1
635,NN . _,IN VBG .,1
642,NN . _,TO VB .,1
604,"NN , DT","NN NN ,",1
643,NN . _,VB . _,1
670,NN IN DT,NN NN .,1
98,DT JJ .,CC JJ .,1
668,NN IN DT,JJS IN DT,1
666,NN IN DT,IN IN DT,1
665,NN IN DT,IN DT NNS,1
664,NN IN DT,IN DT NNP,1
663,NN IN DT,IN DT NN,1
99,DT JJ .,IN DT JJ,1
661,NN IN DT,CC IN DT,1
660,NN IN .,JJ IN .,1
659,NN FW .,NN FW .,1
658,NN DT HYPH,NN DT HYPH,1
657,NN DT .,NN DT .,1
656,NN DT .,DT . DT,1
654,NN CC PRP$,NN CC PRP$,1
100,DT JJ CD,JJ CD CC,1
101,DT JJ IN,CC JJ IN,1
650,NN CC DT,DT NN CC,1
649,"NN CC ,",DT NN CC,1
648,NN : _,NN : _,1
647,NN : DT,NN : DT,1
646,NN : .,NN : .,1
645,NN : .,HYPH . IN,1
606,"NN , DT","NNS , RB",1
110,DT MD VB,EX MD VB,1
545,JJ VBN .,RB VBN .,1
574,MD VB IN,PRP MD VB,1
572,MD VB DT,WDT MD VB,1
571,MD VB DT,VBP DT NNS,1
570,MD VB DT,VBD DT NNP,1
569,MD VB DT,VBD DT JJ,1
568,MD VB DT,TO VB DT,1
567,MD VB DT,RB DT NN,1
564,MD VB DT,EX MD VB,1
563,MD VB .,MD VB .,1
562,"MD VB ,","VB , .",1
561,JJS VBG IN,VBG IN NNP,1
560,JJS TO VB,RB TO VB,1
559,JJS PRP VBD,JJ PRP VBD,1
558,"JJS , NNS","JJR , NNS",1
557,JJR PRP$ NN,PRP$ NN RBR,1
556,JJR PRP$ NN,PRP$ NN JJR,1
555,JJR NN .,NN RBR .,1
553,JJR IN PRP,JJS IN PRP,1
552,JJR IN DT,JJ IN DT,1
551,JJR CC RB,RBR JJ CC,1
550,JJR CC DT,JJ CC DT,1
549,JJR . PRP,RB . PRP,1
548,JJR . JJ,JJR . JJ,1
546,JJ WDT PRP,NN IN PRP,1
115,DT NN CC,DT NN TO,1
575,MD VB IN,VBD IN NN,1
601,"NN , :","VBG NNS ,",1
576,MD VB IN,VBD VBN IN,1
600,NN '' IN,`` IN NNP,1
111,DT MD VB,MD DT VB,1
598,NN '' IN,VBN `` IN,1
597,NN '' IN,TO VB '',1
596,MD VB VBD,DT NNS MD,1
595,MD VB VB,RB VB IN,1
594,MD VB VB,RB VB DT,1
593,MD VB VB,MD VB IN,1
592,MD VB TO,VBP TO VB,1
112,DT NN '',NNP '' VBZ,1
590,MD VB RBR,PRP MD VB,1
113,DT NN :,"NN : ,",1
587,MD VB RB,DT NN IN,1
586,MD VB PRP$,MD VB PRP$,1
585,MD VB NNS,MD VB NNS,1
584,MD VB NNS,EX MD VB,1
583,MD VB NNP,VBD NNP NNP,1
582,MD VB NNP,PRP MD VB,1
581,MD VB NN,VBP NN WDT,1
580,MD VB JJS,MD VB JJS,1
579,MD VB JJR,RB JJR IN,1
578,MD VB JJR,MD VB JJR,1
577,MD VB IN,WDT MD VB,1
411,IN TO VB,TO VB PDT,1
129,DT NN NNP,NNP NNP DT,1
408,IN TO VB,TO VB DT,1
249,IN DT NN,VBP DT NN,1
247,IN DT NN,VBG PRP VBP,1
246,IN DT NN,VBG IN DT,1
244,IN DT NN,VB IN DT,1
142,"DT NNP ,","NNP , DT",1
242,IN DT NN,TO VB DT,1
241,IN DT NN,"TO VB ,",1
240,IN DT NN,RP IN DT,1
239,IN DT NN,RP DT NN,1
238,IN DT NN,RB PRP VBD,1
237,IN DT NN,RB IN PRP,1
236,IN DT NN,RB IN NN,1
234,IN DT NN,RB CC IN,1
232,IN DT NN,"RB , NN",1
231,IN DT NN,PRP VBP RB,1
143,"DT NNP ,","NNP , RB",1
229,IN DT NN,NN . _,1
228,IN DT NN,IN VBG PDT,1
227,IN DT NN,IN PRP VBP,1
226,IN DT NN,IN JJ NNP,1
144,DT NNP .,IN DT NNP,1
223,IN DT NN,IN DT JJ,1
222,IN DT NN,DT NN WRB,1
221,IN DT NN,DT NN WDT,1
248,IN DT NN,VBN IN DT,1
250,IN DT NN,VBZ IN NN,1
145,DT NNP .,NNP . _,1
251,IN DT NNS,", IN DT",1
277,IN DT RBS,IN DT RBS,1
276,IN DT PRP$,IN PRP$ NNS,1
275,IN DT PRP,PRP VBP RB,1
274,IN DT PRP,IN DT PRP,1
272,IN DT NNS,VBG DT NNS,1
271,IN DT NNS,VB RP DT,1
270,IN DT NNS,VB DT NNS,1
269,IN DT NNS,NNS VBP VBN,1
268,IN DT NNS,NNS VBP VBG,1
267,IN DT NNS,NNS VBP .,1
266,IN DT NNS,"NNS , CC",1
265,IN DT NNS,IN PRP$ NN,1
264,IN DT NNS,IN IN DT,1
140,DT NN WP,NN WP VBD,1
262,IN DT NNS,EX VBD DT,1
261,IN DT NNS,DT NNS WP,1
260,IN DT NNS,DT NNS VBZ,1
259,IN DT NNS,DT NNS PRP,1
258,IN DT NNS,DT NNS NNS,1
257,IN DT NNS,DT NNS NN,1
255,IN DT NNS,DT NNS DT,1
254,IN DT NNS,DT NNS CC,1
252,IN DT NNS,DT JJ NNS,1
219,IN DT NN,DT NN NN,1
216,IN DT NN,DT NN :,1
280,IN DT VBZ,DT VBZ DT,1
178,DT WRB .,RB . PRP,1
176,DT VBZ VBN,NN VBZ VBN,1
175,DT VBZ VBG,WDT VBZ VBG,1
174,DT VBZ IN,NN VBZ IN,1
173,DT VBZ IN,. DT VBZ,1
172,DT VBZ DT,WDT VBZ DT,1
170,DT VBZ DT,", DT VBZ",1
169,DT VBP VBN,VBP DT VBN,1
168,DT VBP PDT,DT VBP PDT,1
167,DT VBP NN,PRP VBP NN,1
166,DT VBP CC,MD CC VB,1
165,DT VBG NNP,JJ NNP IN,1
164,DT VBD PRP$,PRP VBD PRP$,1
163,DT VBD NN,NN VBD NN,1
162,DT VBD IN,WDT VBD IN,1
161,DT VBD IN,VBD IN CD,1
160,"DT RBR ,","RB , PRP",1
159,DT RB PRP,CC RB PRP,1
158,DT RB NN,CC RB NN,1
157,DT PRP$ NN,PRP$ NN VBD,1
156,DT PRP$ NN,PRP$ NN .,1
155,DT PRP VBD,PRP VBD DT,1
152,DT NNS RB,NNS RB PDT,1
151,DT NNS RB,"NNS RB ,",1
177,DT VBZ VBN,PRP VBZ VBN,1
179,EX VBD NN,. EX VBD,1
146,DT NNP CD,"NN CD ,",1
180,EX VBZ PRP,VBZ PRP JJ,1
213,IN DT NN,DT JJ NN,1
212,IN DT NN,CC IN DT,1
209,IN DT NN,", RB DT",1
147,DT NNP IN,IN DT NNP,1
207,IN DT NN,", CC DT",1
206,IN DT IN,PRP VBP RB,1
204,IN DT IN,DT IN PRP$,1
203,IN DT CD,VBG DT CD,1
202,IN DT CD,RB IN DT,1
201,IN DT CD,PRP MD VB,1
200,IN DT CD,IN RB PRP,1
196,IN CD PRP,IN CD PRP,1
195,IN CD NNS,VBP CD NNS,1
148,DT NNP PRP,IN NNP PRP,1
193,IN CD NNS,CD NNS POS,1
190,IN CC PRP,CC PRP VBD,1
189,IN . VBP,. VBP PRP,1
188,IN . RB,RB . RB,1
187,IN . RB,IN . RB,1
185,IN . IN,. IN DT,1
183,"IN , RB",", RB VBD",1
182,"IN , IN",", IN ,",1
181,HYPH RB VBZ,NN : RB,1
278,IN DT RBS,TO VB DT,1
281,IN DT WP,DT WP VBD,1
407,IN TO VB,TO VB CD,1
376,IN PRP$ NN,IN PRP IN,1
374,IN PRP$ NN,EX VBP DT,1
371,IN PRP VBZ,WDT PRP VBZ,1
133,DT NN RB,NN RB JJ,1
367,IN PRP PRP$,PRP$ NN NN,1
366,IN PRP DT,VB IN PRP,1
365,IN PRP DT,DT NNS IN,1
364,IN PRP DT,"DT NN ,",1
363,IN PRP CC,VBD PRP CC,1
362,IN PRP CC,RP IN PRP,1
361,IN PRP CC,PRP CC PRP,1
134,DT NN RB,NN RB RB,1
359,IN PRP .,PRP IN PRP,1
358,IN PRP .,PRP . DT,1
135,DT NN RB,PRP DT NN,1
356,IN PRP .,. _ _,1
355,IN PRP .,. PRP VBP,1
354,"IN PRP ,","VBN , CC",1
353,"IN PRP ,","PRP PRP ,",1
352,"IN PRP ,","PRP , .",1
351,"IN PRP ,",NN IN PRP,1
350,"IN PRP ,","NN , CC",1
136,DT NN RB,PRP PRP$ NN,1
348,"IN PRP ,",", IN PRP",1
375,IN PRP$ NN,IN IN PRP$,1
131,DT NN RB,IN DT NN,1
346,IN NNS DT,NNS DT NN,1
378,IN PRP$ NN,NN NNS .,1
406,IN TO VB,TO VB CC,1
404,IN TO VB,"TO VB ,",1
403,IN RB PRP,RB PRP VBP,1
402,IN RB PRP,PRP VBP RB,1
401,IN RB PRP,PRP VBD RB,1
400,IN RB MD,WDT RB MD,1
399,IN RB IN,RB IN NN,1
398,IN RB IN,RB IN DT,1
397,IN RB IN,CC RB IN,1
396,IN PRP$ NNS,VBG PRP$ NNS,1
395,IN PRP$ NNS,"RB , NN",1
394,IN PRP$ NNS,PRP$ NNS WP,1
393,IN PRP$ NNS,PRP$ NNS .,1
391,IN PRP$ NNS,IN PRP$ NN,1
390,IN PRP$ NNS,IN NN .,1
389,IN PRP$ NNP,IN PRP$ NNP,1
387,IN PRP$ NN,TO VB IN,1
386,IN PRP$ NN,RB PRP VBP,1
385,IN PRP$ NN,PRP$ NN TO,1
383,IN PRP$ NN,PRP$ NN JJ,1
382,IN PRP$ NN,PRP$ NN .,1
381,IN PRP$ NN,PRP VBP RB,1
379,IN PRP$ NN,PRP IN PRP,1
347,IN NNS NNP,IN DT NNS,1
345,IN NNP VBP,IN NNP VBP,1
282,IN DT ``,IN DT ``,1
311,IN NN IN,IN VBZ DT,1
309,IN NN IN,IN IN PDT,1
308,IN NN IN,IN IN DT,1
307,IN NN IN,IN DT NNS,1
305,IN NN IN,. IN NN,1
303,IN NN FW,NN FW .,1
302,IN JJ RB,RB JJ IN,1
301,IN JJ NN,JJ NN IN,1
300,IN JJ NN,JJ NN .,1
139,DT NN RB,VBD RB WP,1
297,IN JJ NN,DT JJ NN,1
296,IN JJ NN,CC JJ NN,1
295,IN JJ DT,RB DT NN,1
294,IN IN IN,RB IN IN,1
293,IN IN DT,VBZ IN IN,1
292,IN IN DT,UH IN DT,1
291,IN IN DT,RP IN DT,1
290,IN IN DT,PRP IN DT,1
289,IN IN DT,IN IN DT,1
288,IN IN DT,IN DT NNS,1
286,IN IN DT,IN DT IN,1
285,IN IN DT,IN DT CD,1
284,IN IN DT,", IN IN",1
283,IN EX VBD,RB IN EX,1
138,DT NN RB,RP DT NN,1
312,IN NN IN,IN VBZ NN,1
344,IN NNP RB,RB RB IN,1
313,IN NN IN,JJ DT NN,1
343,IN NNP RB,IN NNP RB,1
342,IN NNP PRP,PRP VBZ PRP$,1
340,IN NNP IN,NNP IN PRP,1
338,IN NNP IN,IN NNP CC,1
337,IN NNP IN,DT NN IN,1
335,"IN NNP ,","NNP , WDT",1
333,IN NN _,IN NN _,1
332,IN NN WP,IN NN WP,1
330,IN NN RB,CC NN RB,1
329,IN NN PRP,VBG PRP VBP,1
328,IN NN PRP,VBG NN PRP,1
327,IN NN PRP,PRP VBZ IN,1
326,IN NN PRP,IN NN PRP,1
325,IN NN PRP,IN IN NN,1
324,IN NN PRP,CD NN PRP,1
322,IN NN PDT,PDT DT NNS,1
321,IN NN JJ,NN JJ .,1
320,IN NN JJ,IN NN JJ,1
319,IN NN IN,VBG DT NNS,1
318,IN NN IN,TO VB PRP$,1
317,IN NN IN,TO VB IN,1
316,IN NN IN,RB IN VBG,1
315,IN NN IN,RB IN CD,1
671,NN IN DT,NN NN CC,1
672,NN IN DT,NN NN VBD,1
674,NN IN DT,NNP IN DT,1
1043,PRP VB IN,DT VB IN,1
1041,PRP VB .,PRP$ NN .,1
1040,PRP VB .,PRP VBP .,1
1039,"PRP VB ,","DT VB ,",1
1038,"PRP UH ,","IN UH ,",1
1036,PRP TO VB,TO VB PRP,1
1035,PRP TO VB,PRP TO VB,1
1,", . DT",IN DT NN,1
1033,PRP TO VB,DT NNS TO,1
1032,PRP RB VBZ,RB VBZ PRP,1
1031,PRP RB PRP,VBN RB PRP,1
1030,PRP RB JJ,VBZ RB JJ,1
1029,PRP RB JJ,DT NN VBD,1
1028,"PRP RB ,","PRP$ RB ,",1
1027,"PRP RB ,",IN PRP RB,1
1026,PRP PRP$ NN,PRP$ NN NN,1
1025,PRP PRP$ NN,IN PRP PRP$,1
1024,PRP NN IN,PRP$ NN IN,1
1023,PRP MD VB,WP MD VB,1
1021,PRP MD VB,VBP VBN .,1
1020,PRP MD VB,RB PRP MD,1
1018,PRP MD VB,NN PRP MD,1
1017,PRP MD VB,MD VB VBN,1
1016,PRP MD VB,MD VB RB,1
1042,PRP VB .,VB . _,1
1044,PRP VB IN,PRP VBP IN,1
1011,PRP MD VB,IN DT NN,1
1045,PRP VB VBP,PRP VBD VBN,1
1072,PRP VBP VBN,WP PRP VBP,1
1071,PRP VBP VBN,PRP VBD TO,1
1070,PRP VBP NNS,", PRP VBP",1
1069,PRP VBP IN,WRB PRP VBP,1
1068,PRP VBP IN,TO VB PRP,1
1067,PRP VBP IN,NNS VBP IN,1
1066,PRP VBP IN,IN NN IN,1
69,CD CC CD,NN CD CC,1
1064,PRP VBP CC,NN PRP VBP,1
1062,PRP VBP .,PRP$ NN .,1
1061,PRP VBP .,", PRP VBP",1
1060,PRP VBG NNS,VBG NNS PRP,1
1059,PRP VBG IN,IN PRP VBG,1
1058,PRP VBD NNS,", PRP VBD",1
1057,PRP VBD IN,WDT VBD IN,1
1056,PRP VBD IN,VBD IN DT,1
1054,PRP VBD IN,IN WDT PRP,1
70,CD CC NNS,NNS CC NNS,1
1052,PRP VBD DT,VBD DT NN,1
71,CD DT CD,IN DT CD,1
1049,PRP VBD DT,DT VBD DT,1
1047,PRP VBD .,VBN . '',1
1046,PRP VBD .,NN PRP VBD,1
1015,PRP MD VB,MD VB PRP,1
1010,PRP MD VB,EX MD VB,1
1074,PRP VBZ .,DT VBZ .,1
977,NNS WDT DT,NN WDT DT,1
975,NNS VBZ JJ,NNS VBZ JJ,1
974,NNS VBZ IN,NN VBZ IN,1
973,NNS VBZ DT,DT NNS VBZ,1
972,NNS VBP TO,VBP NNS VB,1
971,NNS VBP IN,NNS VBP IN,1
970,NNS VBP IN,NNS POS NN,1
969,NNS VBP IN,NN VB IN,1
968,NNS VBP DT,PRP$ NN VBZ,1
967,NNS VBP DT,DT NNS VBP,1
966,NNS VBG NNS,NNS VBG NNS,1
965,NNS VBD TO,NNS VBD TO,1
964,NNS VBD TO,NN NNS VBD,1
963,NNS VBD JJ,NN VBD JJ,1
962,NNS VBD JJ,DT NNS VBD,1
961,NNS VBD IN,NNS VBD IN,1
960,NNS VBD IN,NN VBD IN,1
959,NNS TO VB,PRP TO VB,1
958,NNS TO VB,NNS TO VB,1
956,NNS TO VB,DT NNS TO,1
955,NNS RB _,PRP RB _,1
954,NNS RB VBP,NNS POS RB,1
953,NNS RB JJ,RB JJ NNS,1
952,NNS RB JJ,JJ RB JJ,1
976,NNS VBZ PRP$,DT NNS VBZ,1
979,NNS WDT PRP,NN WDT PRP,1
1008,PRP MD VB,CC PRP MD,1
980,NNS WDT PRP,NNS IN DT,1
1007,PRP MD VB,: PRP MD,1
1006,PRP MD VB,. _ _,1
1005,PRP MD VB,. PRP MD,1
74,CD IN NNS,CD IN NNS,1
1003,PRP JJ CC,PRP$ JJ CC,1
1002,"PRP JJ ,","JJ , PRP",1
1001,PRP IN NNP,PRP IN NNP,1
999,PRP DT NNS,DT NNS CC,1
998,PRP CD CC,CD CC CD,1
997,PRP CC TO,CC TO VB,1
996,PRP . _,PRP VBD .,1
75,CD IN NNS,NNS IN NNS,1
993,PRP . _,. _ _,1
992,"PRP , .","DT NN ,",1
991,PDT DT VBZ,IN PRP$ NN,1
989,PDT DT NN,PRP PDT DT,1
988,PDT DT NN,NNS PDT DT,1
987,PDT DT NN,NN IN DT,1
986,PDT DT NN,IN PDT DT,1
985,PDT DT NN,DT NN CC,1
984,PDT DT NN,"DT NN ,",1
983,PDT DT NN,DT JJ NN,1
982,NNS WDT PRP,VBZ IN PRP,1
1073,PRP VBP VBP,. PRP VBP,1
1075,PRP VBZ CD,PRP VBP CD,1
950,NNS PRP VBP,VBG PRP VBP,1
1171,RB : .,RB : .,1
63,CC RB PRP,IN CC RB,1
1166,RB . _,JJR . _,1
1164,RB . _,HYPH RB .,1
1163,RB . _,DT NN .,1
64,CC TO VB,", CC TO",1
1161,"RB , VBZ","RB , VBZ",1
1160,"RB , RB","RB , RB",1
1158,"RB , IN",IN DT JJ,1
1157,"RB , IN","CC , IN",1
1154,"RB , DT",", DT VBZ",1
1153,"RB , .","RB , .",1
1152,PRP$ VBN IN,PRP VBD IN,1
1151,PRP$ VBD WRB,PRP VBD WRB,1
1150,PRP$ VB .,PRP VB .,1
1149,PRP$ RB JJ,PRP VBZ RB,1
1147,PRP$ RB .,PRP RB .,1
65,CC TO VB,IN TO VB,1
1145,PRP$ NNS RB,IN PRP$ NNS,1
1144,PRP$ NNS IN,IN PRP$ NNS,1
1143,PRP$ NN WRB,IN PRP$ NN,1
1142,PRP$ NN VBP,VBP VBN PRP$,1
1141,PRP$ NN VBG,IN PRP$ NN,1
1140,PRP$ NN RB,TO VB PRP$,1
1170,RB . _,RBR . _,1
1172,"RB CC ,","RB CC ,",1
1138,PRP$ NN RB,IN PRP$ NN,1
1173,RB CC IN,", RB CC",1
61,CC RB IN,CC RB IN,1
1199,"RB JJ ,","NN JJ ,",1
1198,"RB JJ ,","JJ , CC",1
1197,RB IN WP,RB IN WP,1
1196,RB IN WP,IN RB IN,1
1195,RB IN NNP,TO VB RB,1
1193,RB IN NNP,NNP NN IN,1
1192,RB IN IN,RB IN IN,1
1191,RB IN IN,IN IN DT,1
1190,RB IN DT,VBP IN DT,1
1189,RB IN DT,RB PRP MD,1
62,CC RB PRP,. CC RB,1
1187,RB IN DT,PRP RB IN,1
1186,RB IN DT,JJR IN DT,1
1185,RB IN DT,JJ IN DT,1
1184,RB IN DT,IN RB DT,1
1183,RB IN DT,IN NN IN,1
1181,RB IN DT,", RB IN",1
1180,RB IN $,IN RB $,1
1179,RB DT NNS,RB VBZ RB,1
1176,RB DT NN,DT NN :,1
1175,RB CC NN,CC NN RB,1
1174,RB CC IN,RB CC IN,1
66,CC VB DT,NNS CC VB,1
1137,PRP$ NN PRP,VBG PRP$ NN,1
1076,PRP VBZ CD,PRP VBP DT,1
1105,PRP WDT NN,WP NN IN,1
1103,PRP VBZ VBN,VBZ VBN DT,1
1101,PRP VBZ VBN,PRP VBD VBN,1
1100,PRP VBZ VBN,", PRP VBZ",1
1099,PRP VBZ VBG,IN PRP VBZ,1
1098,PRP VBZ VBD,VBD WRB CD,1
1097,PRP VBZ VBD,PRP VBD DT,1
1096,PRP VBZ PRP$,PRP VBZ PRP$,1
1095,PRP VBZ PRP$,DT VBZ PRP$,1
1094,PRP VBZ PRP$,", PRP VBZ",1
1093,PRP VBZ PRP,JJ NN VBZ,1
1092,PRP VBZ NNS,PRP$ NNS CC,1
1091,PRP VBZ NN,PRP$ NN .,1
1090,PRP VBZ NN,"PRP$ NN ,",1
1089,PRP VBZ NN,DT VBZ NN,1
1088,PRP VBZ IN,WDT VBZ IN,1
1086,PRP VBZ IN,DT VBZ IN,1
1085,PRP VBZ IN,. PRP VBZ,1
1084,PRP VBZ IN,", PRP VBZ",1
1083,PRP VBZ DT,VBZ DT NN,1
1080,PRP VBZ DT,PRP VBP VBG,1
1079,PRP VBZ DT,EX VBZ DT,1
1078,PRP VBZ DT,DT VBZ DT,1
1077,PRP VBZ CD,VBZ CD IN,1
1104,PRP VBZ VBN,VBZ VBN VBN,1
1106,PRP WRB .,IN PRP WRB,1
1136,PRP$ NN NNP,PRP$ NN NNP,1
1107,PRP$ CD IN,PRP VBZ CD,1
1135,PRP$ NN JJR,PRP$ NN JJR,1
1134,PRP$ NN JJ,PRP VBZ NN,1
1133,PRP$ NN JJ,DT NN JJ,1
67,CC WP NNS,IN CC WP,1
1130,PRP$ NN IN,IN NN IN,1
1129,PRP$ NN IN,DT NN IN,1
1128,PRP$ NN CC,PRP$ NN CC,1
1127,PRP$ NN CC,PRP IN PRP$,1
1126,PRP$ NN CC,NN CC RB,1
1124,PRP$ NN CC,DT NN CC,1
1123,PRP$ NN CC,", PRP$ NN",1
1122,PRP$ NN .,NN . PRP,1
68,CD . IN,PRP VBD CD,1
1119,PRP$ NN .,". RB ,",1
1117,"PRP$ NN ,",IN PRP$ NN,1
1116,"PRP$ NN ,",", PRP$ NN",1
1115,PRP$ JJ NN,VB PRP$ JJ,1
1114,PRP$ JJ NN,PRP$ JJ NN,1
1112,PRP$ JJ NN,DT JJ NN,1
1111,PRP$ JJ NN,", PRP$ JJ",1
1110,PRP$ JJ IN,PRP VBZ JJ,1
1109,PRP$ DT NN,DT NN IN,1
150,DT NNS RB,DT JJ NNS,1
951,NNS PRP VBZ,NN PRP VBZ,1
76,CD NN .,NN CD NN,1
97,DT IN DT,PRP IN DT,1
782,NN RB PRP,NNS RB PRP,1
777,NN RB DT,PRP$ NN RB,1
776,NN PRP$ NN,VBG PRP$ NN,1
775,NN PRP$ NN,RB IN PRP$,1
774,NN PRP VBZ,VBP PRP VBZ,1
772,NN PRP VBZ,DT NN PRP,1
770,NN NNS JJ,NNS IN NNS,1
769,NN NNS IN,VBG NNS IN,1
768,NN NNS IN,NN NNS RB,1
767,NN NNS IN,NN NNS IN,1
87,CD NNS IN,IN VBG PRP,1
765,NN NNS IN,IN NNS IN,1
764,NN NNS DT,NNS NNS DT,1
763,NN NNP IN,DT NN NNP,1
762,"NN NNP ,","NNP NN ,",1
761,NN NN RB,TO VB NN,1
88,CD NNS JJ,CD NN JJ,1
757,NN NN PRP,NN PRP VBD,1
756,NN NN PRP,NN NN PRP,1
754,NN NN PRP,DT NN PRP,1
753,NN NN JJ,NN NN JJ,1
751,NN NN IN,PRP$ NN IN,1
89,CD NNS NN,CD NN NN,1
748,NN NN IN,NN IN NN,1
781,NN RB PRP,NNP RB PRP,1
86,CD NNS IN,IN CD NNS,1
744,NN NN IN,JJ IN DT,1
85,CD NNS IN,CD HYPH NN,1
82,CD NNP .,IN CD NNP,1
809,NN VBZ DT,NNS VBZ DT,1
807,NN VBZ DT,IN VBZ DT,1
806,NN VBZ DT,DT NN VBZ,1
805,"NN VBZ ,","VBZ NN ,",1
804,NN VBP DT,NNS VBP DT,1
803,NN VBP CC,NNS VBP CC,1
802,NN VBG IN,PRP VBP VBG,1
801,NN VBG IN,NN VBG IN,1
800,NN VBG IN,IN DT NN,1
799,NN VBD TO,NNS VBD TO,1
797,NN VBD NN,DT NN VBD,1
796,NN VBD JJ,NNS VBD JJ,1
83,CD NNS CC,IN CD NNS,1
794,NN VBD IN,RB VBD TO,1
793,NN VBD IN,PRP DT VBD,1
84,CD NNS IN,", CD NNS",1
791,NN VBD IN,DT NN VBD,1
790,NN VBD DT,PRP$ NN VBD,1
789,NN VBD DT,NNS VBD DT,1
788,NN VB IN,DT NN IN,1
787,NN TO VB,VBN TO VB,1
785,NN TO VB,NNS TO VB,1
747,NN NN IN,NN IN IN,1
743,NN NN IN,IN VBG NN,1
815,NN VBZ NN,VBP NN VBZ,1
706,NN IN NN,VBN IN NN,1
704,NN IN NN,TO VB IN,1
702,NN IN NN,PRP NN IN,1
700,NN IN NN,NNP IN NN,1
699,NN IN NN,NN WDT VBZ,1
698,NN IN NN,NN TO VB,1
697,NN IN NN,NN NN IN,1
696,NN IN NN,NN NN .,1
695,NN IN NN,NN IN VBG,1
96,DT IN DT,NN IN DT,1
693,NN IN NN,NN CC DT,1
692,NN IN NN,NN . DT,1
691,NN IN NN,"NN , PRP",1
690,NN IN NN,"NN , DT",1
688,NN IN NN,JJ HYPH NN,1
687,NN IN NN,IN NN IN,1
685,NN IN NN,", NN IN",1
684,NN IN IN,VB HYPH NN,1
682,NN IN IN,JJ IN IN,1
681,NN IN IN,DT NN IN,1
680,NN IN FW,JJ IN FW,1
678,NN IN DT,VBG IN DT,1
677,NN IN DT,TO VB IN,1
676,NN IN DT,PRP$ NN IN,1
705,NN IN NN,VBG NN IN,1
708,NN IN NNP,IN NNP CC,1
90,CD NNS PRP,DT CD NNS,1
709,NN IN NNP,JJ NN .,1
741,NN NN CD,NN CD NN,1
740,NN MD VB,WDT MD VB,1
91,DT . _,. _ _,1
736,NN JJR .,NNS JJR .,1
735,NN JJ IN,NNS JJ IN,1
734,NN JJ HYPH,NN JJ HYPH,1
733,NN JJ HYPH,IN JJ HYPH,1
732,NN JJ CC,IN NNP NNP,1
731,NN JJ .,NNS JJ .,1
730,NN IN ``,NNS IN ``,1
729,NN IN WRB,NN IN WRB,1
728,NN IN WP,NNS IN WP,1
726,NN IN TO,NN IN TO,1
725,NN IN RB,JJ IN RB,1
723,NN IN NNS,TO VB IN,1
93,DT CD NNS,CD NNS IN,1
720,NN IN NNS,JJ IN NNS,1
718,NN IN NNP,VB IN NNP,1
717,NN IN NNP,PRP$ NN IN,1
716,NN IN NNP,PRP NN IN,1
715,NN IN NNP,NNS IN NNP,1
713,NN IN NNP,NNP NNPS NN,1
711,NN IN NNP,NN NN NN,1
814,NN VBZ JJ,NN VBZ JJ,1
816,NN VBZ PRP$,DT VBZ PRP$,1
947,NNS NNS RB,JJ NNS RB,1
913,NNS CC IN,JJ CC IN,1
911,NNS CC DT,NN IN NNS,1
80,CD NN JJ,JJ HYPH JJ,1
909,NNS CC DT,CC DT NN,1
908,NNS . IN,NNS . IN,1
906,"NNS , VBP","CC NNS ,",1
905,"NNS , VBD","NN , VBD",1
903,"NNS , RB","NN , RB",1
901,"NNS , NNP","NNS , NNP",1
81,CD NN RB,IN CD NN,1
898,"NNS , IN","DT NNS ,",1
896,"NNS , DT","NN , DT",1
895,"NNS , .","NNS , .",1
894,"NNPS , RB","NNS , RB",1
893,"NNPS , :","NNP , :",1
892,NNP VBZ TO,NN VBZ TO,1
891,NNP VBZ PRP$,PRP$ NN VBZ,1
890,NNP VBZ PRP$,NNP VBZ PRP$,1
889,NNP VBZ PRP$,NN VBZ PRP$,1
888,NNP VBZ NNS,NNS NNP VBZ,1
883,NNP VBG IN,IN NNP VBG,1
882,NNP VBG DT,NNS VBG DT,1
881,NNP VBD IN,JJ VBD IN,1
880,NNP VBD DT,WDT VBD DT,1
912,NNS CC DT,NNS CC DT,1
915,NNS CC IN,NNS CC IN,1
878,NNP RB PRP,DT NNP RB,1
916,NNS CC TO,NNS CC TO,1
946,NNS NNS PDT,NN NNS PDT,1
77,CD NN IN,DT NN IN,1
78,CD NN IN,JJ NN IN,1
942,NNS NNP CC,NNP CC NNP,1
941,"NNS NNP ,","NN NNP ,",1
940,NNS NN IN,NNS POS NN,1
939,NNS NN IN,NNS NN IN,1
938,NNS NN IN,NN VBG PRP,1
937,NNS JJ JJ,NNS JJ JJ,1
936,NNS JJ CC,NNS JJ CC,1
934,NNS IN WRB,VB IN WRB,1
933,NNS IN WP,DT NNS IN,1
932,NNS IN VBD,NNS IN VBD,1
931,NNS IN RB,DT NNS IN,1
929,NNS IN NNS,NNS . _,1
928,NNS IN NNS,NN IN NNS,1
927,NNS IN NNS,EX VBP NNS,1
79,CD NN JJ,CD HYPH NN,1
923,NNS IN NN,NN NNS .,1
922,NNS IN NN,"NN NNS ,",1
920,NNS IN IN,NN IN IN,1
918,NNS FW .,NN NN .,1
917,NNS CD CC,CD CC CD,1
879,NNP VBD DT,", NNP VBD",1
877,NNP RB JJ,PRP VBP RB,1
817,NN VBZ PRP$,NN VBZ PRP$,1
846,NNP CC DT,NNP CC DT,1
844,NNP . RB,NN . RB,1
843,NNP . IN,DT NNP .,1
842,NNP . CC,NNP . CC,1
841,NNP . CC,NN . CC,1
839,"NNP , _","NN , _",1
838,"NNP , VBP","NN , VBP",1
837,"NNP , UH","NNP , PRP$",1
836,"NNP , RB","NN , RB",1
835,"NNP , RB","IN NNP ,",1
834,"NNP , NN","UH , VB",1
832,"NNP , IN","DT NNP ,",1
831,"NNP , IN",", IN DT",1
830,"NNP , DT","NNP , DT",1
829,"NNP , DT","NN , DT",1
828,"NNP , .","NN , .",1
827,NNP '' IN,'' IN DT,1
826,NN WRB RB,NNS WRB RB,1
825,NN WRB RB,NN WRB RB,1
824,NN WDT VBP,NNS WDT VBP,1
823,NN WDT PRP,WDT PRP VBD,1
820,NN WDT DT,NN WDT DT,1
819,NN VBZ TO,NN VBZ TO,1
818,NN VBZ TO,NN NN VBZ,1
845,NNP CC DT,NN CC DT,1
847,NNP CC VBZ,NN CC VBZ,1
876,NNP RB IN,NNP RB IN,1
848,NNP DT NNS,RB DT NNS,1
875,NNP PRP$ NN,NNP PRP$ NN,1
874,NNP PRP VBD,WDT PRP VBD,1
873,NNP PRP VBD,RB PRP VBD,1
872,NNP PRP VBD,NNP PRP VBD,1
870,"NNP POS ,","NNS , NN",1
869,NNP NNS IN,NN NNS IN,1
868,"NNP NNPS ,","NN NNS ,",1
866,NNP NNP IN,NNP NNP IN,1
865,NNP NNP CC,NNP NNP CC,1
864,NNP NNP CC,IN NNP NNP,1
863,NNP NNP .,NN NN .,1
861,NNP NN IN,NN NNP IN,1
860,NNP NN IN,NN NN IN,1
859,NNP NN DT,NNP NN DT,1
858,NNP NN DT,JJ NN DT,1
857,NNP MD VB,NN MD VB,1
856,NNP JJS CC,NNP POS JJS,1
855,NNP IN NN,NN IN NN,1
854,NNP IN IN,NNP IN IN,1
853,NNP IN IN,NN IN IN,1
852,NNP IN DT,NNP IN DT,1
850,NNP IN DT,IN NNP IN,1
849,"NNP IN ,",IN NNP IN,1
2067,_ _ _,_ _ _,1
