,ngram,count
0,PROPN PROPN ADP,9162
1,PROPN ADP PROPN,12505
2,ADP PROPN PROPN,17002
3,PROPN PROPN PROPN,32708
4,PROPN PROPN _,1161
5,PROPN _ _,8338
6,DET NOUN NOUN,16527
7,NOUN NOUN AUX,4810
8,NOUN AUX VERB,14910
9,AUX VERB ADP,18256
10,VERB ADP PROPN,11453
11,ADP PROPN CCONJ,4894
12,PROPN CCONJ ADP,306
13,CCONJ ADP DET,1492
14,ADP DET ADV,1793
15,DET ADV ADJ,3093
16,ADV ADJ NOUN,5190
17,ADJ NOUN NOUN,13987
18,NOUN NOUN CCONJ,4746
19,NOUN CCONJ NOUN,16252
20,CCONJ NOUN NOUN,3263
21,NOUN NOUN ADP,13481
22,NOUN ADP PROPN,32950
23,PROPN CCONJ PROPN,9421
24,CCONJ PROPN PROPN,3063
25,PROPN PROPN PUNCT,29294
26,PROPN PUNCT _,19712
27,PUNCT _ _,136514
28,NOUN VERB DET,7716
29,VERB DET NOUN,44048
30,DET NOUN VERB,18128
31,NOUN VERB VERB,4929
32,VERB VERB DET,4507
33,DET NOUN CCONJ,9674
34,NOUN CCONJ VERB,6357
35,CCONJ VERB PROPN,347
36,VERB PROPN DET,189
37,PROPN DET ADV,49
38,NOUN NOUN PUNCT,20848
39,NOUN PUNCT _,69676
40,NOUN VERB PRON,1837
41,VERB PRON VERB,3159
42,PRON VERB DET,7165
43,DET NOUN PART,9787
44,NOUN PART VERB,13118
45,PART VERB ADV,2147
46,VERB ADV ADJ,1760
47,ADJ NOUN ADP,37563
48,NOUN ADP DET,64991
49,ADP DET PROPN,18701
50,DET PROPN PROPN,15032
51,PROPN PROPN CCONJ,5656
52,PROPN PUNCT VERB,6888
53,PUNCT VERB PROPN,1770
54,VERB PROPN PROPN,3220
55,PROPN CCONJ ADV,406
56,CCONJ ADV VERB,1685
57,ADV VERB ADJ,1388
58,VERB ADJ NOUN,11079
59,ADJ NOUN ADV,3362
60,NOUN ADV PUNCT,3853
61,ADV PUNCT _,6476
62,ADJ CCONJ ADJ,4342
63,CCONJ ADJ NOUN,7571
64,NOUN NOUN VERB,6268
65,NOUN VERB PART,3481
66,VERB PART AUX,4087
67,PART AUX NOUN,462
68,AUX NOUN ADP,2201
69,ADP DET NOUN,79705
70,DET NOUN AUX,15263
71,NOUN AUX ADV,6372
72,AUX ADV PART,434
73,ADV PART VERB,1701
74,PART VERB ADP,8100
75,VERB ADP VERB,2415
76,ADP VERB ADP,1566
77,VERB ADP PRON,2638
78,ADP PRON PUNCT,3095
79,PRON PUNCT SCONJ,188
80,PUNCT SCONJ ADP,373
81,SCONJ ADP NOUN,626
82,ADP NOUN SCONJ,1169
83,NOUN SCONJ DET,3659
84,SCONJ DET ADJ,3948
85,DET ADJ NOUN,59888
86,ADJ NOUN VERB,11592
87,NOUN VERB ADV,3081
88,VERB ADV VERB,2419
89,ADV VERB PRON,1559
90,VERB PRON ADJ,710
91,PRON ADJ NOUN,243
92,ADJ NOUN PART,4240
93,PART VERB DET,14867
94,DET NOUN ADJ,1365
95,NOUN ADJ PUNCT,733
96,ADJ PUNCT _,6226
97,NOUN NOUN ADV,1384
98,NOUN ADV VERB,3373
99,ADV VERB DET,5787
100,DET NOUN PRON,3584
101,NOUN PRON VERB,5063
102,PRON VERB PART,4858
103,VERB PART VERB,14386
104,PART VERB PART,963
105,VERB DET ADJ,15328
106,DET ADJ ADJ,6720
107,ADJ ADJ NOUN,13617
108,DET NOUN SCONJ,4083
109,SCONJ DET NOUN,10895
110,DET NOUN ADV,5606
111,ADJ NOUN PUNCT,41732
112,ADP PROPN PUNCT,20673
113,PROPN PUNCT DET,8469
114,PUNCT DET ADJ,6211
115,NOUN VERB ADP,14421
116,VERB ADP DET,32743
117,DET PROPN PUNCT,4566
118,PUNCT VERB NOUN,4369
119,VERB NOUN NOUN,4026
120,NOUN VERB PUNCT,3438
121,VERB PUNCT PUNCT,2112
122,PUNCT PUNCT DET,1826
123,PUNCT DET NOUN,13707
124,AUX VERB SCONJ,2430
125,VERB SCONJ DET,5819
126,NOUN NOUN PART,1368
127,NOUN VERB AUX,3628
128,VERB AUX VERB,4235
129,VERB ADP NOUN,11431
130,ADP NOUN CCONJ,6041
131,NOUN CCONJ ADJ,4158
132,NOUN PUNCT PUNCT,8891
133,PUNCT PUNCT _,9847
134,ADV ADV DET,443
135,ADV DET ADJ,2064
136,DET NOUN PUNCT,42936
137,NOUN PUNCT VERB,11377
138,PUNCT VERB SYM,22
139,VERB SYM NUM,156
140,SYM NUM NUM,386
141,NUM NUM ADP,187
142,NUM ADP DET,2888
143,PUNCT DET AUX,2220
144,DET AUX PART,878
145,AUX PART AUX,1397
146,PART AUX VERB,2707
147,AUX VERB PUNCT,5242
148,VERB PUNCT SCONJ,488
149,PUNCT SCONJ DET,1853
150,VERB VERB NOUN,2116
151,ADP NOUN PUNCT,18268
152,PROPN PUNCT NOUN,4400
153,PUNCT NOUN ADP,4267
154,PRON VERB ADJ,1703
155,PROPN VERB DET,6074
156,PART VERB NOUN,5955
157,VERB NOUN PART,1799
158,ADP NOUN NOUN,7393
159,ADP DET VERB,2385
160,DET VERB PUNCT,633
161,VERB PUNCT ADJ,687
162,PUNCT ADJ PUNCT,2104
163,ADJ PUNCT NOUN,2926
164,PUNCT NOUN PUNCT,7825
165,NOUN PUNCT ADJ,5500
166,PUNCT ADJ NOUN,7139
167,NOUN PUNCT DET,11791
168,PUNCT DET PROPN,3838
169,NOUN PUNCT ADV,5363
170,PUNCT ADV PUNCT,2064
171,ADV PUNCT VERB,2028
172,PUNCT VERB ADP,5756
173,NOUN NOUN NOUN,5763
174,VERB ADP NUM,2388
175,ADP NUM SCONJ,73
176,NUM SCONJ PRON,33
177,SCONJ PRON VERB,5405
178,PRON VERB NOUN,2003
179,VERB NOUN DET,647
180,NOUN DET NOUN,2660
181,DET NOUN ADP,61320
182,NOUN ADP VERB,6003
183,ADP VERB NOUN,3033
184,VERB NOUN ADP,12857
185,NOUN NOUN DET,1428
186,NOUN DET VERB,4757
187,DET VERB VERB,1218
188,VERB VERB ADV,970
189,VERB ADV ADP,3294
190,ADV ADP VERB,630
191,PRON PUNCT _,3716
192,ADP VERB ADJ,1070
193,NOUN PUNCT PROPN,8198
194,PUNCT PROPN PART,1180
195,PROPN PART ADJ,2303
196,PART ADJ NOUN,2886
197,ADP DET ADJ,31504
198,ADJ NOUN AUX,8625
199,NOUN AUX ADJ,3792
200,AUX ADJ ADP,3407
201,ADJ ADP DET,5769
202,ADP DET NUM,2269
203,DET NUM PROPN,518
204,NUM PROPN PROPN,758
205,NOUN ADP NUM,4186
206,ADP NUM CCONJ,433
207,NUM CCONJ DET,99
208,CCONJ DET AUX,494
209,DET AUX DET,1519
210,AUX DET ADJ,7482
211,ADJ NOUN ADJ,1002
212,NOUN ADJ NOUN,1572
213,AUX VERB DET,6349
214,PROPN PROPN PART,3521
215,PROPN PART PROPN,2696
216,PART PROPN PROPN,1355
217,NOUN PART NOUN,4892
218,PART NOUN ADP,2468
219,PROPN PUNCT AUX,2049
220,PUNCT AUX ADJ,431
221,AUX ADJ PUNCT,3361
222,NUM PUNCT NOUN,1008
223,PUNCT NOUN ADJ,353
224,ADJ NOUN PROPN,2541
225,NOUN PROPN PROPN,5276
226,PROPN PROPN AUX,4698
227,PROPN AUX ADJ,1118
228,ADJ ADP VERB,734
229,ADP PROPN PART,4636
230,PROPN PART NOUN,6443
231,PART NOUN PUNCT,3659
232,ADP PROPN ADP,4853
233,PROPN ADP DET,6268
234,DET PROPN ADP,3415
235,PROPN NUM PUNCT,4866
236,NUM PUNCT PROPN,950
237,PUNCT PROPN NOUN,1696
238,PROPN NOUN VERB,2443
239,VERB VERB PROPN,563
240,DET ADJ PUNCT,2987
241,ADJ PUNCT ADJ,2590
242,PUNCT NOUN NOUN,5554
243,ADP NOUN PART,2171
244,DET NOUN _,577
245,NOUN _ _,3272
246,NOUN ADP NOUN,33907
247,ADP NOUN AUX,1781
248,ADP PROPN VERB,3017
249,ADJ PUNCT ADV,635
250,PUNCT ADV ADJ,956
251,VERB PUNCT NOUN,1095
252,PUNCT NOUN VERB,2089
253,NOUN VERB CCONJ,609
254,VERB CCONJ NOUN,377
255,CCONJ NOUN VERB,1588
256,ADP PROPN NOUN,3301
257,PROPN NOUN PUNCT,7018
258,NOUN PUNCT NOUN,12344
259,PUNCT NOUN CCONJ,2992
260,CCONJ NOUN PUNCT,6483
261,ADP VERB PROPN,621
262,PROPN PROPN NUM,1005
263,PROPN NUM SYM,95
264,NUM SYM NUM,643
265,SYM NUM ADP,156
266,NOUN NOUN ADJ,509
267,NOUN ADJ ADP,955
268,ADJ ADP PROPN,1314
269,ADP NOUN ADP,13850
270,AUX VERB PRON,1120
271,VERB PRON PRON,734
272,PRON PRON AUX,817
273,PRON AUX VERB,8738
274,AUX VERB PART,3837
275,VERB NOUN PUNCT,7651
276,PROPN VERB SCONJ,2137
277,DET ADJ ADV,231
278,ADJ ADV ADJ,150
279,ADJ NOUN _,621
280,PROPN NOUN CCONJ,1074
281,PUNCT VERB DET,5077
282,PROPN CCONJ VERB,1181
283,CCONJ VERB ADP,3217
284,VERB ADP ADP,3504
285,ADP ADP PROPN,682
286,PROPN NOUN PART,492
287,NOUN PUNCT PART,992
288,PUNCT PART VERB,1227
289,PART VERB ADJ,3084
290,NOUN NOUN PRON,575
291,PRON VERB PUNCT,3543
292,PROPN PROPN VERB,10376
293,PROPN VERB PUNCT,2736
294,VERB PUNCT _,12577
295,ADV VERB ADP,6702
296,NOUN CCONJ DET,5047
297,CCONJ DET NOUN,7379
298,PROPN PUNCT PROPN,18383
299,PUNCT PROPN PROPN,12363
300,SYM NUM PROPN,61
301,PROPN VERB NUM,354
302,VERB NUM ADJ,341
303,NUM ADJ PUNCT,137
304,PROPN AUX VERB,5768
305,AUX VERB ADV,2894
306,ADV ADP ADV,179
307,ADP ADV ADP,302
308,ADV ADP DET,4982
309,PROPN PROPN NOUN,4959
310,PROPN NOUN ADP,3361
311,DET ADJ NUM,1236
312,ADJ NUM SYM,19
313,SYM NUM NOUN,350
314,NUM NOUN NOUN,1572
315,VERB DET PROPN,3986
316,PROPN ADP NOUN,1422
317,ADP NUM ADJ,675
318,PUNCT DET VERB,2538
319,DET VERB ADP,1754
320,PROPN VERB ADV,1158
321,VERB ADV ADV,1645
322,ADV ADV ADP,726
323,ADJ NOUN CCONJ,9090
324,NOUN CCONJ PROPN,1565
325,CCONJ PROPN VERB,703
326,PROPN VERB ADP,4713
327,DET ADJ ADP,771
328,NOUN ADV ADP,1878
329,ADV ADP PROPN,1711
330,PROPN CCONJ DET,2175
331,PRON AUX PROPN,357
332,AUX PROPN PART,216
333,ADP NUM NOUN,4494
334,NUM NOUN DET,457
335,NOUN CCONJ PRON,1266
336,CCONJ PRON AUX,2721
337,PRON AUX ADV,5298
338,AUX ADV VERB,6815
339,DET ADJ PROPN,3182
340,ADJ PROPN NOUN,1517
341,NUM NOUN ADP,5268
342,PROPN PUNCT SCONJ,870
343,PART AUX ADP,575
344,AUX ADP DET,2081
345,AUX ADV NOUN,330
346,ADV NOUN DET,27
347,NOUN DET ADJ,810
348,NOUN PUNCT ADP,5926
349,PUNCT ADP ADJ,1148
350,ADP ADJ PROPN,1496
351,PROPN NOUN PROPN,1596
352,PROPN VERB VERB,1658
353,VERB PROPN CCONJ,682
354,PROPN VERB PRON,1002
355,VERB PRON NUM,76
356,PRON NUM SYM,4
357,NUM NUM NOUN,916
358,VERB PUNCT ADP,969
359,PUNCT ADP NUM,608
360,NOUN NOUN PROPN,1725
361,PROPN AUX DET,2458
362,CCONJ PRON VERB,2909
363,PART VERB PROPN,1687
364,NOUN PART ADJ,1250
365,PROPN ADP VERB,608
366,ADP ADP NUM,360
367,NUM NOUN CCONJ,958
368,NOUN ADP ADJ,16458
369,ADP ADJ NOUN,21623
370,PROPN NOUN _,361
371,NUM NOUN VERB,1498
372,DET PROPN NOUN,5836
373,PROPN NOUN NOUN,2352
374,ADP DET ADP,733
375,DET ADP DET,1799
376,NOUN AUX NUM,358
377,AUX NUM CCONJ,39
378,NUM CCONJ ADJ,54
379,CCONJ ADJ PUNCT,1101
380,PROPN VERB NOUN,1447
381,NOUN AUX ADP,1371
382,AUX ADP NOUN,1196
383,PUNCT VERB SCONJ,1241
384,SCONJ DET PROPN,1859
385,PUNCT PROPN PUNCT,10225
386,PUNCT AUX VERB,2050
387,DET PROPN VERB,1684
388,VERB DET ADV,905
389,DET ADV PUNCT,787
390,ADV PUNCT ADJ,851
391,PUNCT ADJ NUM,47
392,ADJ NUM ADJ,80
393,NUM ADJ NOUN,2215
394,NOUN AUX PUNCT,719
395,AUX PUNCT VERB,238
396,VERB SCONJ VERB,376
397,SCONJ VERB PUNCT,226
398,ADP ADP DET,2674
399,PUNCT VERB CCONJ,476
400,VERB CCONJ VERB,3555
401,CCONJ VERB NOUN,2166
402,AUX ADJ NOUN,2276
403,ADJ NOUN PRON,2135
404,VERB NOUN ADV,907
405,ADV PUNCT CCONJ,934
406,PUNCT CCONJ ADV,2488
407,CCONJ ADV AUX,312
408,ADV AUX PART,630
409,AUX PART VERB,7722
410,PROPN ADP ADV,130
411,ADP ADV PRON,299
412,ADV PRON VERB,4017
413,PRON VERB ADP,6421
414,ADP NOUN ADJ,501
415,NOUN ADJ SCONJ,1044
416,ADJ SCONJ PROPN,656
417,SCONJ PROPN PUNCT,852
418,ADP NUM ADP,959
419,NOUN VERB SCONJ,2361
420,VERB SCONJ PUNCT,621
421,SCONJ PUNCT VERB,100
422,NOUN ADP PRON,2928
423,ADP PRON DET,414
424,PRON DET NOUN,1160
425,ADP ADJ NUM,146
426,ADJ NUM NOUN,1104
427,NUM NOUN AUX,1190
428,VERB ADV PART,582
429,PART VERB PRON,3535
430,VERB PRON AUX,2079
431,AUX ADV AUX,787
432,ADV AUX VERB,1329
433,VERB DET DET,640
434,DET DET NOUN,2132
435,PRON VERB PROPN,1036
436,PROPN PROPN ADV,1196
437,PROPN ADV SCONJ,73
438,ADV SCONJ ADV,107
439,SCONJ ADV NUM,86
440,ADV NUM ADJ,189
441,PROPN PROPN ADJ,410
442,PROPN ADJ NOUN,990
443,ADV AUX ADP,166
444,NOUN PART AUX,1320
445,PART AUX ADJ,1338
446,AUX ADJ PART,2464
447,ADJ PART VERB,3852
448,PROPN PUNCT CCONJ,3643
449,PUNCT CCONJ PRON,2834
450,PRON VERB AUX,3248
451,VERB AUX ADJ,1364
452,NOUN SCONJ ADP,723
453,ADP NOUN PRON,1019
454,PRON AUX NOUN,1380
455,AUX NOUN PRON,104
456,NOUN PRON AUX,3141
457,PRON AUX DET,5982
458,AUX DET NOUN,10528
459,AUX ADV ADJ,5053
460,ADV ADJ CCONJ,979
461,ADJ CCONJ AUX,106
462,CCONJ AUX ADV,451
463,AUX ADV PUNCT,651
464,ADV PUNCT ADP,996
465,PUNCT ADP NOUN,2479
466,NOUN PUNCT CCONJ,11033
467,PUNCT CCONJ ADJ,1361
468,CCONJ ADJ SCONJ,158
469,ADJ SCONJ DET,1661
470,AUX VERB VERB,626
471,VERB VERB VERB,694
472,VERB VERB CCONJ,373
473,VERB CCONJ ADV,317
474,DET NOUN DET,4477
475,VERB VERB PRON,1209
476,VERB PRON PART,1126
477,PRON PART VERB,1287
478,PROPN AUX NOUN,297
479,DET PROPN CCONJ,1305
480,CCONJ PROPN PUNCT,7185
481,PUNCT VERB PUNCT,2079
482,PUNCT PUNCT PRON,1657
483,PUNCT PRON VERB,9739
484,NOUN ADV ADV,1551
485,ADV ADV PUNCT,2852
486,ADV PUNCT PUNCT,968
487,DET AUX VERB,2117
488,PROPN NOUN PRON,200
489,PRON VERB ADV,3284
490,VERB ADV DET,1192
491,ADV DET NOUN,4811
492,ADV ADV SCONJ,1637
493,ADV SCONJ DET,1250
494,PUNCT ADP PUNCT,540
495,ADP PUNCT NOUN,1018
496,VERB ADP CCONJ,575
497,ADP CCONJ ADJ,78
498,CCONJ ADJ CCONJ,230
499,ADJ CCONJ PROPN,213
500,CCONJ PROPN NOUN,594
501,SCONJ PRON AUX,5696
502,NOUN PUNCT PRON,7168
503,PUNCT PRON AUX,7785
504,DET VERB NOUN,4280
505,PUNCT VERB PRON,1454
506,VERB PRON ADP,3341
507,PRON ADP DET,2109
508,CCONJ DET VERB,536
509,ADV VERB PUNCT,2149
510,CCONJ NOUN ADP,4756
511,PUNCT CCONJ VERB,2820
512,CCONJ VERB SCONJ,587
513,SCONJ PUNCT NOUN,201
514,PRON AUX ADJ,4574
515,AUX ADJ SCONJ,1175
516,SCONJ DET NUM,258
517,NUM PROPN NOUN,445
518,SCONJ VERB CCONJ,39
519,VERB CCONJ PRON,255
520,VERB ADV CCONJ,647
521,ADV CCONJ PRON,163
522,ADP ADJ CCONJ,865
523,PUNCT ADP PROPN,2119
524,ADP PROPN _,732
525,CCONJ NOUN _,91
526,NOUN AUX AUX,2794
527,AUX AUX VERB,4652
528,ADP VERB DET,3557
529,ADP DET PUNCT,1818
530,DET PUNCT NOUN,1195
531,PROPN PUNCT NUM,1283
532,PUNCT NUM PUNCT,1795
533,NUM PUNCT AUX,295
534,PUNCT AUX ADV,826
535,PROPN ADP NUM,1087
536,ADP NUM PROPN,577
537,NUM PROPN NUM,236
538,NUM PUNCT _,3782
539,NOUN ADP AUX,337
540,ADP AUX VERB,310
541,DET NOUN PROPN,1639
542,NOUN PROPN PUNCT,1650
543,NOUN DET PRON,608
544,DET PRON AUX,734
545,VERB ADP PUNCT,2226
546,ADP PUNCT DET,398
547,PUNCT ADJ CCONJ,808
548,NOUN SCONJ PROPN,1270
549,SCONJ PROPN PROPN,1436
550,PROPN AUX AUX,932
551,ADP PRON VERB,1263
552,PUNCT PRON ADV,925
553,PRON ADV VERB,3395
554,ADV VERB PART,1494
555,NOUN ADP ADV,1739
556,ADP ADV ADV,348
557,ADV ADV NUM,287
558,ADV NUM NOUN,1734
559,PROPN VERB AUX,829
560,VERB AUX AUX,370
561,AUX AUX DET,532
562,VERB PUNCT PROPN,1226
563,PROPN PUNCT PRON,3154
564,DET ADJ CCONJ,1549
565,PROPN PUNCT PUNCT,5808
566,ADP NUM PUNCT,2515
567,NUM PUNCT ADP,590
568,ADP ADJ ADJ,2767
569,NOUN PUNCT AUX,2534
570,PUNCT AUX DET,1094
571,ADJ NOUN SCONJ,2711
572,PART VERB PUNCT,3285
573,ADP PRON ADP,655
574,PRON ADP NOUN,677
575,ADJ ADP NOUN,1671
576,CCONJ VERB PRON,1463
577,PRON VERB VERB,6552
578,PROPN VERB PROPN,1340
579,PROPN PROPN SCONJ,567
580,PROPN SCONJ PRON,338
581,CCONJ VERB VERB,527
582,ADV PUNCT DET,2564
583,SCONJ DET PUNCT,589
584,PROPN VERB ADJ,830
585,PROPN NUM NOUN,493
586,NUM NOUN ADV,1250
587,PRON AUX NUM,559
588,AUX NUM ADJ,144
589,NOUN VERB NUM,534
590,VERB NUM ADP,416
591,NUM ADP VERB,61
592,PRON AUX PART,5119
593,VERB PRON PUNCT,2898
594,PRON PUNCT PRON,470
595,VERB PRON ADV,1354
596,ADV VERB VERB,512
597,VERB VERB PART,979
598,NOUN PRON PRON,71
599,PRON PRON VERB,1419
600,ADP VERB CCONJ,262
601,CCONJ VERB DET,3918
602,NOUN NOUN _,544
603,ADP NUM _,58
604,NUM _ _,1029
605,PRON VERB CCONJ,473
606,NOUN SCONJ PRON,2211
607,PART VERB AUX,179
608,NOUN CCONJ NUM,482
609,CCONJ NUM NOUN,673
610,NUM NOUN PUNCT,5293
611,VERB NUM PUNCT,199
612,PUNCT ADJ PROPN,6042
613,ADJ PROPN ADP,652
614,DET PUNCT ADJ,1015
615,PUNCT ADP DET,5338
616,PROPN PUNCT ADP,3011
617,CCONJ VERB ADJ,1067
618,VERB ADJ ADP,1483
619,VERB PROPN PUNCT,2107
620,ADP VERB PRON,492
621,PRON PUNCT VERB,412
622,DET VERB PRON,590
623,PRON PUNCT PUNCT,697
624,PRON PUNCT CCONJ,447
625,VERB DET PUNCT,1095
626,DET PUNCT _,907
627,AUX ADV ADP,1092
628,ADV ADP ADJ,767
629,PRON VERB PRON,3572
630,PRON AUX AUX,1466
631,ADP PRON CCONJ,477
632,PRON CCONJ VERB,359
633,CCONJ VERB ADV,690
634,ADV ADV VERB,1157
635,PART NOUN SCONJ,246
636,NOUN SCONJ PUNCT,357
637,SCONJ PUNCT ADJ,165
638,ADJ PUNCT ADP,475
639,DET VERB CCONJ,147
640,CCONJ VERB PUNCT,938
641,VERB PROPN ADV,220
642,PROPN ADV PUNCT,520
643,ADV VERB SCONJ,1640
644,SCONJ DET ADP,289
645,PUNCT PROPN CCONJ,1682
646,NOUN PROPN AUX,432
647,VERB VERB ADP,3828
648,VERB ADP PART,471
649,ADP PART VERB,469
650,NOUN ADV PRON,1099
651,ADJ PUNCT PUNCT,1124
652,PUNCT PUNCT PROPN,2208
653,PUNCT PROPN AUX,1635
654,PROPN AUX PART,1244
655,VERB ADV PUNCT,2862
656,PUNCT VERB ADV,954
657,ADV ADV ADV,543
658,ADP CCONJ VERB,360
659,CCONJ VERB NUM,149
660,PROPN ADV PRON,171
661,PART NOUN AUX,1157
662,VERB PUNCT CCONJ,1534
663,PUNCT CCONJ DET,3797
664,CCONJ NOUN DET,447
665,DET VERB ADV,632
666,VERB ADV AUX,999
667,ADV AUX AUX,78
668,AUX VERB ADJ,2270
669,VERB ADJ ADJ,1168
670,ADJ ADJ ADV,42
671,ADJ ADV PUNCT,409
672,PUNCT ADJ ADP,642
673,NOUN ADJ PROPN,221
674,ADJ PROPN PUNCT,1893
675,DET VERB AUX,750
676,ADJ ADP PRON,1018
677,VERB DET VERB,1074
678,VERB NOUN VERB,1831
679,VERB ADP ADJ,6348
680,NOUN SCONJ VERB,497
681,SCONJ VERB ADP,710
682,SCONJ PROPN AUX,1047
683,PROPN AUX PUNCT,186
684,AUX PUNCT ADV,229
685,ADV ADJ PUNCT,3182
686,PROPN VERB PART,1337
687,PART PROPN VERB,174
688,VERB NUM NOUN,1822
689,NUM NOUN PROPN,179
690,ADV ADP PRON,358
691,DET NUM NUM,124
692,ADP PROPN ADV,874
693,PRON PART AUX,394
694,PART AUX AUX,138
695,AUX DET ADV,888
696,ADV ADJ PROPN,277
697,PUNCT ADJ ADJ,1040
698,AUX PART ADJ,1212
699,PART ADJ ADP,387
700,DET AUX ADV,1496
701,AUX ADV PRON,310
702,ADV PRON AUX,2229
703,PRON AUX PUNCT,692
704,AUX PUNCT _,711
705,PROPN ADP ADJ,835
706,NOUN AUX PART,3903
707,AUX PART ADV,1330
708,PART ADV VERB,1486
709,PRON AUX ADP,1222
710,VERB SCONJ ADP,1051
711,SCONJ ADP DET,1724
712,VERB DET AUX,187
713,AUX AUX ADP,298
714,CCONJ DET ADJ,2826
715,VERB PROPN PART,1476
716,ADP PROPN NUM,3372
717,PROPN NUM PART,60
718,NUM PART VERB,156
719,VERB PROPN ADP,1213
720,PUNCT ADV NUM,381
721,ADV NUM NUM,168
722,NUM NUM PUNCT,322
723,ADJ ADV ADP,162
724,ADP ADV PUNCT,706
725,PUNCT NOUN PROPN,745
726,NUM PUNCT VERB,655
727,PUNCT VERB ADJ,1430
728,VERB ADJ PUNCT,1546
729,AUX ADJ AUX,66
730,ADJ AUX DET,173
731,PUNCT ADV ADV,1417
732,ADV ADV PRON,463
733,PUNCT PROPN VERB,2916
734,NOUN ADJ PART,146
735,ADV ADJ ADP,2455
736,CCONJ ADV PART,149
737,ADV PART AUX,235
738,DET ADJ AUX,193
739,ADJ NOUN DET,3298
740,DET PRON VERB,1472
741,ADP ADP PRON,183
742,PRON ADJ ADP,327
743,CCONJ PRON ADV,444
744,PRON ADV ADJ,286
745,ADV ADV ADJ,1166
746,VERB ADV NUM,364
747,NOUN PART NUM,77
748,PART NUM NUM,36
749,NUM NOUN ADJ,609
750,NOUN ADJ _,15
751,ADJ _ _,204
752,VERB AUX DET,1507
753,PUNCT PROPN _,311
754,VERB PRON NOUN,368
755,PRON NOUN PART,16
756,NUM ADP NOUN,427
757,VERB SCONJ NOUN,1515
758,SCONJ NOUN VERB,957
759,AUX AUX ADV,545
760,VERB PRON CCONJ,504
761,PRON CCONJ AUX,54
762,CCONJ AUX DET,320
763,AUX PART ADP,249
764,PART ADP VERB,26
765,ADV PART DET,53
766,PART DET NOUN,648
767,NOUN NOUN SCONJ,1005
768,NOUN SCONJ NOUN,1062
769,SCONJ NOUN PUNCT,857
770,PUNCT DET DET,239
771,DET DET NUM,39
772,DET NUM NOUN,2483
773,NOUN VERB NOUN,3644
774,AUX NUM NOUN,704
775,NOUN NOUN NUM,161
776,NOUN NUM NOUN,422
777,NOUN AUX DET,3621
778,ADJ ADJ SCONJ,46
779,PROPN NUM ADJ,98
780,NUM NUM ADJ,138
781,PROPN PUNCT ADJ,6142
782,PROPN PART ADV,282
783,ADV VERB ADV,987
784,NUM PUNCT ADV,373
785,PUNCT ADV VERB,1820
786,PROPN PART NUM,171
787,PART NUM NOUN,367
788,NOUN AUX PROPN,405
789,AUX PROPN CCONJ,70
790,ADP PROPN SCONJ,735
791,PROPN SCONJ PROPN,202
792,PUNCT ADP ADP,320
793,NOUN ADJ CCONJ,213
794,ADJ CCONJ DET,349
795,ADJ CCONJ ADV,554
796,CCONJ ADV ADJ,757
797,PART ADJ PUNCT,613
798,NOUN DET DET,450
799,DET ADJ PART,219
800,ADJ PART AUX,525
801,PART AUX DET,1873
802,NOUN PUNCT NUM,1390
803,PUNCT NUM NOUN,1460
804,PART VERB CCONJ,1231
805,PRON VERB SCONJ,2596
806,ADJ CCONJ NOUN,437
807,VERB SCONJ SCONJ,393
808,SCONJ SCONJ PART,58
809,SCONJ PART VERB,213
810,NUM NOUN PART,338
811,VERB ADP SCONJ,647
812,ADP SCONJ NOUN,75
813,SCONJ NOUN AUX,846
814,ADP DET DET,1205
815,NOUN CCONJ SCONJ,333
816,CCONJ SCONJ DET,475
817,ADJ ADJ ADJ,3268
818,VERB SCONJ ADJ,1007
819,SCONJ ADJ NOUN,2239
820,ADP PROPN PRON,441
821,PROPN PRON AUX,576
822,ADP PROPN DET,664
823,PROPN DET AUX,258
824,DET AUX ADJ,787
825,NOUN PART ADV,513
826,ADP VERB PUNCT,479
827,CCONJ DET PROPN,1519
828,DET PROPN PART,1127
829,PROPN PART VERB,2143
830,ADJ ADJ PUNCT,687
831,NUM PUNCT X,10
832,PUNCT X VERB,16
833,X VERB DET,19
834,NOUN ADV DET,786
835,VERB PUNCT DET,1496
836,VERB ADP ADV,1351
837,NOUN ADP SYM,368
838,ADP SYM NUM,250
839,SYM NUM CCONJ,38
840,NUM CCONJ VERB,129
841,VERB ADP SYM,173
842,SYM NUM PUNCT,1258
843,NOUN PUNCT X,365
844,X VERB ADJ,7
845,NOUN VERB PROPN,1586
846,VERB PROPN NUM,161
847,PROPN NUM NUM,101
848,PROPN AUX SCONJ,79
849,AUX SCONJ DET,448
850,SCONJ DET VERB,489
851,DET VERB ADJ,1004
852,ADJ ADJ VERB,120
853,ADJ VERB ADP,283
854,PUNCT ADP X,21
855,ADP X ADP,19
856,X ADP DET,16
857,AUX NUM PROPN,33
858,PUNCT ADV ADP,1243
859,ADV ADP NOUN,1592
860,SCONJ PROPN CCONJ,311
861,VERB PUNCT VERB,1424
862,PUNCT NOUN NUM,108
863,NOUN NUM ADP,163
864,PUNCT PRON PART,42
865,PRON PART ADV,53
866,VERB ADP X,58
867,X ADP NOUN,10
868,NOUN CCONJ ADV,1702
869,ADV AUX ADJ,489
870,NOUN ADP X,113
871,X ADP VERB,4
872,VERB NOUN AUX,890
873,PART NOUN NOUN,1266
874,DET VERB DET,1881
875,NUM PUNCT NUM,2164
876,PUNCT X PART,3
877,X PART VERB,9
878,VERB NOUN NUM,88
879,NOUN NUM NUM,49
880,VERB NUM NUM,238
881,DET VERB NUM,240
882,ADV PUNCT X,20
883,PUNCT X PROPN,67
884,X PROPN AUX,9
885,NOUN DET AUX,2389
886,ADP PUNCT X,13
887,PUNCT X AUX,8
888,X AUX VERB,5
889,ADP ADV VERB,425
890,ADV VERB NOUN,2662
891,NOUN VERB ADJ,2226
892,PUNCT ADP ADV,241
893,NOUN SCONJ SCONJ,256
894,X AUX ADV,4
895,ADP NOUN VERB,3202
896,SCONJ ADP PROPN,396
897,ADP ADV NUM,542
898,ADV ADJ SCONJ,1249
899,DET AUX NUM,118
900,SCONJ DET ADV,216
901,PROPN AUX ADV,2358
902,VERB NOUN CCONJ,3079
903,CCONJ NOUN SCONJ,270
904,NOUN SCONJ ADV,199
905,SCONJ ADV VERB,157
906,PROPN AUX NUM,296
907,DET PROPN AUX,1228
908,AUX NUM PUNCT,121
909,NUM PUNCT CCONJ,544
910,ADJ PROPN PROPN,2628
911,AUX PROPN PROPN,500
912,PUNCT DET ADV,585
913,VERB SCONJ PRON,2900
914,PRON AUX PRON,578
915,AUX PRON ADP,239
916,PRON ADP ADJ,313
917,ADP ADJ ADP,404
918,ADV PUNCT PROPN,1098
919,PART ADV ADP,245
920,CCONJ ADV ADP,557
921,NOUN ADV CCONJ,439
922,ADV CCONJ ADJ,61
923,CCONJ ADJ ADJ,1051
924,NOUN PRON ADV,330
925,ADP VERB ADV,339
926,PROPN CCONJ AUX,252
927,PRON ADP VERB,307
928,NUM PUNCT DET,1175
929,SCONJ SCONJ DET,361
930,ADP NUM VERB,197
931,NUM VERB NUM,14
932,NUM NUM PROPN,176
933,VERB PUNCT ADV,845
934,ADV PUNCT ADV,939
935,PUNCT ADV DET,1206
936,ADV DET PROPN,584
937,NOUN PUNCT SCONJ,3056
938,PUNCT SCONJ PROPN,576
939,ADJ SCONJ NOUN,657
940,SCONJ NOUN CCONJ,375
941,ADV PUNCT SCONJ,601
942,ADJ PART ADV,90
943,ADV ADJ PART,819
944,PART VERB SCONJ,1529
945,SCONJ VERB VERB,38
946,DET NOUN NUM,281
947,ADV CCONJ DET,141
948,PUNCT ADP PRON,312
949,PRON DET ADV,82
950,ADV ADJ ADJ,702
951,PART VERB VERB,856
952,VERB VERB PUNCT,1214
953,PUNCT PUNCT ADV,585
954,SCONJ DET AUX,386
955,ADP X PUNCT,126
956,X PUNCT NUM,23
957,PROPN PROPN DET,642
958,VERB PROPN VERB,546
959,ADV CCONJ AUX,88
960,ADV PUNCT PRON,2031
961,CCONJ NOUN CCONJ,567
962,ADP ADJ DET,125
963,ADJ DET NOUN,428
964,PART PROPN ADP,349
965,PUNCT ADP VERB,521
966,PART ADV DET,246
967,CCONJ ADV DET,735
968,NOUN CCONJ AUX,1032
969,CCONJ AUX VERB,937
970,PROPN PUNCT ADV,2468
971,PROPN ADV VERB,1852
972,PROPN CCONJ NUM,127
973,CCONJ NUM PROPN,46
974,ADP SCONJ CCONJ,36
975,SCONJ CCONJ DET,25
976,PROPN CCONJ NOUN,1059
977,CCONJ NOUN ADJ,144
978,PUNCT VERB PART,751
979,DET PROPN ADJ,313
980,NOUN PART PROPN,341
981,SCONJ PROPN VERB,910
982,PUNCT SCONJ SCONJ,208
983,VERB PRON DET,1265
984,PRON DET ADJ,432
985,ADV SCONJ VERB,278
986,SCONJ VERB DET,479
987,ADP ADJ VERB,209
988,ADJ VERB NOUN,631
989,VERB NOUN SCONJ,846
990,NOUN SCONJ ADJ,700
991,ADV SCONJ ADJ,395
992,VERB SCONJ PROPN,1625
993,PROPN SCONJ DET,823
994,ADJ PUNCT SCONJ,439
995,PUNCT SCONJ PUNCT,99
996,SCONJ VERB NOUN,352
997,PROPN NOUN ADV,457
998,PUNCT DET PRON,274
999,NOUN ADP PUNCT,1511
1000,ADP PUNCT ADV,137
1001,SCONJ ADV DET,170
1002,PROPN ADP PRON,150
1003,ADP PRON AUX,1091
1004,AUX VERB CCONJ,1460
1005,VERB CCONJ AUX,223
1006,PART PROPN NOUN,410
1007,PROPN NOUN AUX,1539
1008,AUX VERB NOUN,2433
1009,SCONJ ADJ PUNCT,409
1010,CCONJ PROPN NUM,73
1011,PUNCT DET ADP,401
1012,ADP DET AUX,219
1013,PUNCT AUX AUX,424
1014,PART NUM PUNCT,56
1015,PUNCT NOUN AUX,1416
1016,ADP PROPN AUX,2325
1017,PART ADV ADV,182
1018,CCONJ NOUN PART,444
1019,ADJ SCONJ NUM,1465
1020,SCONJ NUM VERB,43
1021,NUM VERB PUNCT,108
1022,CCONJ ADJ PROPN,299
1023,SCONJ ADJ ADJ,339
1024,CCONJ ADV ADV,577
1025,ADV AUX SCONJ,50
1026,AUX SCONJ NOUN,103
1027,PUNCT SCONJ PRON,1648
1028,CCONJ AUX ADJ,269
1029,AUX ADJ ADV,381
1030,ADJ ADV PART,121
1031,VERB VERB ADJ,1241
1032,PUNCT NOUN PART,338
1033,PROPN NUM _,163
1034,NUM PROPN PUNCT,593
1035,VERB PART ADV,477
1036,PART ADV AUX,211
1037,ADJ PUNCT CCONJ,1396
1038,PART NOUN CCONJ,725
1039,CCONJ NOUN AUX,1263
1040,PROPN ADJ PUNCT,127
1041,PROPN ADV DET,171
1042,ADJ ADJ CCONJ,387
1043,VERB AUX ADV,798
1044,DET PUNCT PRON,253
1045,ADV VERB PROPN,746
1046,VERB PROPN NOUN,865
1047,ADP NOUN NUM,249
1048,NUM ADP NUM,362
1049,CCONJ PROPN ADP,603
1050,PROPN NUM VERB,160
1051,NUM VERB ADP,195
1052,PUNCT ADV NOUN,534
1053,ADV NOUN VERB,636
1054,VERB AUX PUNCT,253
1055,VERB PUNCT PRON,1216
1056,CCONJ PROPN ADV,151
1057,ADV VERB NUM,290
1058,PUNCT DET NUM,331
1059,CCONJ VERB PART,769
1060,SCONJ VERB ADJ,139
1061,AUX PART DET,888
1062,PART DET ADJ,536
1063,VERB ADJ SCONJ,669
1064,ADJ SCONJ PRON,780
1065,ADP ADP NOUN,818
1066,ADV ADJ PRON,201
1067,ADJ PRON AUX,271
1068,AUX PUNCT DET,167
1069,VERB ADV PRON,685
1070,CCONJ ADV NOUN,300
1071,PART PROPN PART,48
1072,PART PROPN PUNCT,489
1073,PUNCT ADV PRON,1261
1074,AUX ADJ CCONJ,999
1075,PROPN NUM ADP,449
1076,NUM PUNCT ADJ,373
1077,PUNCT PUNCT NUM,201
1078,NUM VERB PART,31
1079,PART AUX ADV,714
1080,AUX ADV DET,1608
1081,PUNCT NUM ADP,612
1082,NUM ADP PROPN,629
1083,CCONJ NUM ADP,179
1084,PUNCT VERB NUM,344
1085,NUM ADJ CCONJ,64
1086,CCONJ ADJ VERB,95
1087,ADJ VERB PUNCT,126
1088,AUX DET PROPN,824
1089,PART PROPN CCONJ,167
1090,NOUN PROPN NOUN,507
1091,AUX AUX ADJ,534
1092,AUX DET PUNCT,359
1093,PUNCT PUNCT SCONJ,303
1094,AUX ADP ADJ,446
1095,DET NUM ADJ,399
1096,PROPN ADJ ADJ,101
1097,VERB ADJ PROPN,436
1098,PUNCT AUX PART,628
1099,PART DET VERB,32
1100,SCONJ NUM NOUN,1322
1101,VERB DET NUM,737
1102,X PUNCT _,600
1103,PROPN DET ADJ,269
1104,NOUN ADP CCONJ,304
1105,ADJ PUNCT VERB,697
1106,PUNCT NOUN PRON,178
1107,VERB AUX NUM,99
1108,CCONJ DET PRON,103
1109,PRON ADV PUNCT,607
1110,ADJ AUX ADJ,105
1111,DET ADV AUX,86
1112,ADV AUX NOUN,279
1113,NOUN ADV NOUN,456
1114,ADV NOUN NOUN,289
1115,PART NOUN PART,482
1116,PUNCT SCONJ NUM,93
1117,ADV PUNCT NOUN,757
1118,PART NOUN VERB,1025
1119,PUNCT SCONJ NOUN,601
1120,ADJ PUNCT PRON,752
1121,SCONJ PRON PART,35
1122,PRON PART NOUN,104
1123,ADP PRON PART,440
1124,NOUN ADV ADJ,632
1125,ADP ADJ PUNCT,1352
1126,PUNCT VERB VERB,754
1127,SCONJ PRON ADV,428
1128,PRON ADV AUX,733
1129,ADV AUX NUM,114
1130,NUM ADJ ADJ,267
1131,CCONJ ADV NUM,114
1132,ADV NUM ADV,19
1133,NUM ADV ADJ,72
1134,SCONJ ADJ PROPN,169
1135,DET PUNCT PROPN,777
1136,AUX VERB PROPN,677
1137,PROPN PROPN PRON,492
1138,PROPN PRON ADV,63
1139,PROPN NOUN SCONJ,269
1140,VERB PROPN SCONJ,289
1141,ADP ADJ SCONJ,539
1142,SCONJ NUM ADJ,138
1143,SCONJ NUM ADP,214
1144,DET NUM PUNCT,489
1145,PUNCT PROPN ADP,1435
1146,PART AUX SCONJ,48
1147,AUX SCONJ ADP,147
1148,PRON NOUN PUNCT,220
1149,ADV CCONJ VERB,450
1150,PROPN PRON VERB,744
1151,ADP PRON SCONJ,295
1152,PRON SCONJ ADV,22
1153,SCONJ ADV PUNCT,246
1154,SCONJ PRON PROPN,17
1155,PRON PROPN PROPN,128
1156,PROPN ADV ADP,267
1157,ADP VERB SCONJ,189
1158,SCONJ DET DET,232
1159,NOUN AUX NOUN,1319
1160,AUX NOUN NOUN,345
1161,CCONJ ADJ PART,97
1162,ADJ PROPN ADJ,84
1163,PROPN ADJ PROPN,202
1164,ADJ PROPN VERB,634
1165,ADJ ADJ PROPN,658
1166,CCONJ NOUN ADV,445
1167,NOUN NUM AUX,49
1168,NUM AUX DET,122
1169,ADV AUX DET,1733
1170,ADJ PROPN CCONJ,349
1171,PROPN PART PUNCT,382
1172,PART PUNCT PROPN,129
1173,ADJ PROPN SCONJ,65
1174,ADJ PROPN AUX,422
1175,NUM NOUN SCONJ,238
1176,VERB PUNCT NUM,147
1177,PUNCT PUNCT X,78
1178,ADP NUM DET,126
1179,NUM DET NOUN,195
1180,ADP PUNCT PROPN,601
1181,PROPN ADP SYM,62
1182,AUX NUM ADP,608
1183,ADP CCONJ PROPN,86
1184,CCONJ PROPN CCONJ,411
1185,NUM NUM CCONJ,35
1186,CCONJ DET NUM,124
1187,PART ADV ADJ,651
1188,PUNCT CCONJ ADP,1107
1189,CCONJ ADP ADJ,386
1190,PART AUX PROPN,88
1191,NOUN DET PROPN,590
1192,ADP CCONJ DET,127
1193,PUNCT CCONJ NOUN,1776
1194,DET DET ADJ,759
1195,DET PUNCT ADV,149
1196,PUNCT CCONJ PROPN,1881
1197,ADV SCONJ NOUN,435
1198,PROPN CCONJ ADJ,738
1199,CCONJ DET ADP,177
1200,DET ADP NUM,59
1201,ADV VERB CCONJ,535
1202,PUNCT VERB AUX,380
1203,DET ADV NOUN,73
1204,ADV NOUN PUNCT,482
1205,PART VERB NUM,361
1206,DET PUNCT NUM,90
1207,PUNCT PROPN ADV,277
1208,NOUN PROPN CCONJ,262
1209,CCONJ PROPN PART,351
1210,PROPN PART AUX,222
1211,VERB AUX ADP,359
1212,SCONJ NOUN NOUN,713
1213,CCONJ ADV PUNCT,835
1214,ADP NOUN _,456
1215,PUNCT CCONJ AUX,830
1216,ADV PUNCT AUX,385
1217,ADV DET ADV,159
1218,PRON CCONJ ADV,81
1219,PRON ADP PUNCT,211
1220,ADP PUNCT CCONJ,211
1221,ADP NOUN ADV,1174
1222,AUX VERB NUM,433
1223,ADJ SCONJ ADJ,392
1224,NOUN ADV PROPN,252
1225,ADV PROPN AUX,270
1226,PRON PUNCT DET,404
1227,PROPN SCONJ NOUN,163
1228,ADP SCONJ PROPN,96
1229,AUX ADJ ADJ,376
1230,ADJ SCONJ SYM,59
1231,SCONJ SYM NUM,62
1232,VERB DET SYM,68
1233,DET SYM NUM,81
1234,PROPN VERB SYM,29
1235,PART VERB SYM,53
1236,VERB PROPN AUX,339
1237,NOUN PROPN VERB,827
1238,ADP NOUN PROPN,567
1239,NOUN ADP ADP,976
1240,AUX PROPN PUNCT,364
1241,PART AUX PRON,311
1242,AUX PRON PUNCT,286
1243,ADP PUNCT _,1501
1244,AUX ADJ PRON,122
1245,ADJ PRON PUNCT,40
1246,DET ADV DET,73
1247,ADV DET PUNCT,115
1248,NOUN ADJ ADJ,178
1249,AUX ADJ DET,109
1250,PUNCT AUX NOUN,146
1251,ADP DET SYM,93
1252,AUX ADV NUM,438
1253,VERB NUM _,7
1254,CCONJ ADJ ADV,77
1255,NUM ADP PRON,209
1256,ADP PRON NOUN,147
1257,CCONJ NUM ADJ,130
1258,NUM ADJ ADP,27
1259,AUX ADV ADV,1523
1260,ADV ADV PART,125
1261,CCONJ PRON PRON,136
1262,ADP ADJ AUX,53
1263,ADJ AUX SCONJ,73
1264,VERB VERB SCONJ,682
1265,SCONJ PROPN NOUN,214
1266,PROPN DET VERB,425
1267,SCONJ NUM PUNCT,320
1268,PUNCT CCONJ PUNCT,693
1269,CCONJ PUNCT ADV,164
1270,PART ADV PUNCT,162
1271,PROPN ADP ADP,142
1272,ADP ADP PUNCT,88
1273,PUNCT CCONJ CCONJ,16
1274,CCONJ CCONJ DET,9
1275,SCONJ PROPN PART,473
1276,DET ADP PRON,474
1277,AUX PART SCONJ,71
1278,PART SCONJ ADP,37
1279,PROPN SCONJ ADP,120
1280,SCONJ ADP ADJ,272
1281,AUX DET DET,258
1282,DET ADV VERB,1148
1283,AUX PUNCT ADP,142
1284,ADP ADV PROPN,114
1285,ADV PROPN VERB,360
1286,PUNCT ADV PART,179
1287,ADJ PART PUNCT,22
1288,PART PUNCT VERB,305
1289,PROPN PRON PRON,13
1290,DET PROPN NUM,398
1291,PUNCT ADV SCONJ,628
1292,VERB NOUN PROPN,314
1293,PROPN CCONJ PART,84
1294,CCONJ PART PROPN,33
1295,PUNCT CCONJ SCONJ,708
1296,SCONJ ADJ CCONJ,115
1297,PRON ADV ADP,259
1298,VERB NOUN ADJ,391
1299,VERB PART PUNCT,199
1300,PART PUNCT PUNCT,64
1301,PUNCT PUNCT PUNCT,2316
1302,DET PROPN _,89
1303,ADV AUX PRON,650
1304,NUM PUNCT PRON,385
1305,VERB PRON SCONJ,935
1306,PRON SCONJ DET,507
1307,PART PUNCT _,304
1308,PROPN SCONJ VERB,98
1309,ADJ NUM PUNCT,236
1310,PUNCT ADJ ADV,60
1311,ADP PROPN ADJ,354
1312,PUNCT ADV PROPN,360
1313,ADV PROPN PROPN,466
1314,CCONJ SCONJ ADV,37
1315,SCONJ ADV ADJ,129
1316,PUNCT SCONJ ADV,192
1317,PUNCT PART NOUN,53
1318,AUX PRON VERB,1197
1319,VERB ADJ PART,271
1320,NUM PUNCT PART,61
1321,PUNCT PART NUM,7
1322,VERB PROPN _,54
1323,AUX VERB SYM,42
1324,NUM NUM ADV,16
1325,NUM ADV ADP,22
1326,VERB SCONJ NUM,305
1327,PROPN NOUN DET,335
1328,ADP ADV DET,558
1329,ADP ADV ADJ,716
1330,CCONJ ADV PRON,744
1331,NUM NUM PART,20
1332,ADV NUM PUNCT,107
1333,CCONJ SCONJ PRON,587
1334,ADP VERB PART,269
1335,PROPN ADV PART,30
1336,DET DET PROPN,213
1337,PROPN NOUN SYM,30
1338,NOUN SYM NUM,51
1339,DET AUX AUX,453
1340,NUM NUM VERB,58
1341,NUM VERB AUX,48
1342,NOUN CCONJ SYM,453
1343,CCONJ SYM NUM,840
1344,DET ADP ADJ,145
1345,VERB AUX PART,334
1346,AUX PART PUNCT,198
1347,PART PUNCT ADV,76
1348,NOUN PUNCT SYM,263
1349,PUNCT SYM NUM,148
1350,PUNCT CCONJ SYM,78
1351,AUX NOUN SCONJ,142
1352,PROPN DET NOUN,751
1353,AUX PUNCT ADJ,218
1354,ADJ PROPN DET,74
1355,PUNCT PUNCT VERB,1579
1356,NOUN CCONJ ADP,949
1357,PUNCT PUNCT PART,70
1358,NOUN ADV SCONJ,466
1359,PRON NOUN ADP,145
1360,SCONJ NUM PROPN,60
1361,NUM PROPN ADP,153
1362,ADJ PUNCT DET,690
1363,PUNCT PRON PROPN,45
1364,VERB SCONJ _,5
1365,SCONJ _ _,14
1366,PRON ADV ADV,383
1367,DET AUX PRON,273
1368,AUX PRON PRON,230
1369,ADP PRON ADV,417
1370,PRON CCONJ PRON,212
1371,AUX PART PROPN,57
1372,PART ADJ SCONJ,129
1373,ADV SCONJ PRON,1007
1374,PRON ADV CCONJ,77
1375,VERB ADV SCONJ,475
1376,PUNCT PROPN ADJ,135
1377,DET VERB PROPN,625
1378,SCONJ PRON CCONJ,72
1379,PRON CCONJ DET,283
1380,PUNCT PRON PRON,183
1381,PUNCT ADJ VERB,150
1382,PUNCT ADJ AUX,93
1383,ADJ AUX VERB,262
1384,SCONJ PRON PRON,116
1385,CCONJ DET ADV,187
1386,PUNCT AUX PRON,417
1387,AUX PRON NUM,6
1388,PRON NUM ADP,15
1389,ADP DET PRON,751
1390,ADP VERB AUX,41
1391,ADJ SCONJ ADP,167
1392,SCONJ PRON PUNCT,207
1393,PRON PUNCT ADV,272
1394,PUNCT PUNCT NOUN,784
1395,X PUNCT PUNCT,142
1396,ADJ CCONJ VERB,619
1397,CCONJ VERB AUX,211
1398,AUX DET VERB,455
1399,PRON ADJ SCONJ,162
1400,ADV SCONJ AUX,19
1401,SCONJ AUX ADV,26
1402,SCONJ PUNCT PROPN,189
1403,NOUN ADV AUX,586
1404,PRON DET PROPN,133
1405,PROPN AUX ADP,515
1406,VERB VERB NUM,234
1407,PROPN ADJ SCONJ,46
1408,ADJ SCONJ VERB,201
1409,NOUN ADJ AUX,34
1410,ADJ AUX AUX,50
1411,DET PROPN ADV,325
1412,SCONJ PROPN ADV,93
1413,NOUN PART PUNCT,192
1414,PUNCT PROPN NUM,1556
1415,SCONJ VERB SCONJ,53
1416,PART PROPN ADJ,20
1417,ADJ SCONJ ADV,166
1418,SCONJ ADJ PART,22
1419,ADV AUX ADV,275
1420,DET DET PUNCT,112
1421,ADV NOUN AUX,385
1422,ADV DET VERB,250
1423,ADJ ADP ADJ,998
1424,PROPN NUM CCONJ,214
1425,AUX ADJ VERB,186
1426,ADJ VERB SCONJ,120
1427,ADJ PUNCT PROPN,631
1428,ADV DET DET,119
1429,ADJ NOUN NUM,128
1430,SCONJ PUNCT ADP,121
1431,CCONJ PUNCT PUNCT,16
1432,CCONJ PUNCT PROPN,177
1433,VERB SCONJ ADV,341
1434,PUNCT NOUN ADV,345
1435,PUNCT X PUNCT,452
1436,SCONJ VERB ADV,89
1437,CCONJ DET DET,133
1438,VERB PART NOUN,56
1439,ADP ADV CCONJ,97
1440,VERB AUX NOUN,283
1441,CCONJ ADP VERB,148
1442,ADP ADV NOUN,142
1443,DET AUX SCONJ,83
1444,ADJ PART PART,47
1445,PART PART AUX,93
1446,AUX NOUN VERB,287
1447,VERB AUX SCONJ,163
1448,NOUN DET NUM,52
1449,DET NUM PART,37
1450,NUM PART NUM,164
1451,SCONJ PUNCT ADV,85
1452,ADV NOUN ADP,576
1453,PUNCT PUNCT ADP,562
1454,PRON ADJ PUNCT,326
1455,ADP NUM SYM,183
1456,SYM NUM ADJ,31
1457,ADP CCONJ NOUN,59
1458,VERB NUM PROPN,117
1459,ADP PUNCT ADJ,427
1460,VERB ADJ CCONJ,659
1461,ADJ CCONJ NUM,41
1462,VERB NUM ADV,27
1463,NUM ADV VERB,81
1464,DET NUM ADP,143
1465,DET ADJ SCONJ,189
1466,CCONJ PUNCT NOUN,177
1467,PUNCT PUNCT CCONJ,850
1468,NOUN DET ADP,103
1469,DET ADP ADV,29
1470,CCONJ AUX PART,330
1471,NOUN ADV PART,224
1472,ADP ADP ADP,40
1473,ADP PUNCT ADP,105
1474,NOUN AUX SCONJ,676
1475,AUX SCONJ PRON,367
1476,PRON ADP PROPN,380
1477,PRON AUX SCONJ,218
1478,AUX SCONJ PROPN,114
1479,AUX DET SYM,19
1480,ADV SCONJ PROPN,292
1481,SCONJ SCONJ PRON,399
1482,PROPN NUM PROPN,379
1483,ADV ADP NUM,434
1484,NUM NOUN NUM,39
1485,AUX AUX NUM,57
1486,SCONJ PRON ADP,53
1487,ADP SCONJ NUM,19
1488,ADJ ADV VERB,158
1489,PUNCT ADJ SCONJ,728
1490,ADP ADP PART,50
1491,ADP PART NUM,123
1492,DET ADJ VERB,499
1493,SCONJ SCONJ NOUN,111
1494,SCONJ NOUN ADP,1212
1495,CCONJ ADP PROPN,333
1496,AUX NUM VERB,29
1497,NUM VERB NOUN,210
1498,CCONJ PROPN DET,70
1499,INTJ VERB ADP,53
1500,PROPN CCONJ PRON,322
1501,VERB PUNCT AUX,286
1502,PROPN ADV NUM,34
1503,ADJ SCONJ AUX,16
1504,SCONJ AUX VERB,84
1505,ADV ADJ NUM,117
1506,PUNCT ADJ PART,88
1507,PUNCT NUM CCONJ,64
1508,NUM CCONJ NUM,377
1509,CCONJ NUM AUX,41
1510,NUM AUX VERB,210
1511,AUX ADP VERB,133
1512,SCONJ PROPN NUM,148
1513,PART NUM ADJ,54
1514,PUNCT NOUN _,114
1515,DET NUM VERB,99
1516,PROPN AUX PROPN,198
1517,NOUN DET ADV,350
1518,ADV SCONJ ADP,286
1519,AUX NOUN ADV,120
1520,ADV VERB _,38
1521,VERB _ _,459
1522,SCONJ PROPN SCONJ,13
1523,SCONJ PROPN ADP,131
1524,CCONJ PROPN AUX,673
1525,PROPN CCONJ SCONJ,58
1526,VERB ADJ ADV,187
1527,NOUN NUM PROPN,62
1528,PRON VERB NUM,324
1529,DET PROPN SCONJ,157
1530,SCONJ NOUN PART,84
1531,CCONJ AUX AUX,121
1532,PROPN SCONJ NUM,81
1533,AUX AUX PRON,11
1534,AUX PRON NOUN,76
1535,PRON NOUN VERB,127
1536,ADP PUNCT PRON,199
1537,VERB CCONJ ADJ,245
1538,PART SCONJ PUNCT,2
1539,ADJ ADP ADV,138
1540,NOUN DET CCONJ,4
1541,DET CCONJ AUX,9
1542,DET PUNCT VERB,205
1543,CCONJ PUNCT DET,88
1544,CCONJ ADP NOUN,538
1545,ADJ AUX NOUN,42
1546,SCONJ SCONJ ADJ,47
1547,AUX NOUN PUNCT,827
1548,ADJ ADV NOUN,55
1549,ADV NOUN ADV,76
1550,ADP NOUN DET,1218
1551,PROPN ADV AUX,243
1552,ADJ ADP ADP,63
1553,ADP ADP ADJ,473
1554,VERB NOUN PRON,301
1555,AUX NUM ADV,25
1556,CCONJ PRON NOUN,21
1557,PUNCT PRON PUNCT,194
1558,PROPN PUNCT PART,343
1559,NOUN SCONJ NUM,227
1560,AUX AUX PROPN,20
1561,AUX PROPN NOUN,86
1562,DET PROPN DET,183
1563,PROPN DET PROPN,276
1564,ADP NUM NUM,347
1565,VERB CCONJ DET,421
1566,PRON ADJ PART,154
1567,NOUN PROPN ADP,445
1568,ADV ADV CCONJ,178
1569,DET NUM SYM,83
1570,SYM NUM VERB,25
1571,PROPN PART DET,34
1572,PART DET NUM,8
1573,CCONJ PROPN PRON,39
1574,PROPN DET NUM,22
1575,VERB NUM SYM,66
1576,ADJ VERB DET,230
1577,DET PUNCT DET,190
1578,PRON SCONJ NOUN,129
1579,DET SYM DET,32
1580,SYM DET NOUN,27
1581,PUNCT PART ADV,215
1582,PART ADJ ADJ,388
1583,VERB ADV SYM,18
1584,ADV SYM NUM,76
1585,PROPN PART PART,37
1586,PART PART VERB,495
1587,NUM NOUN _,106
1588,NOUN PROPN PART,195
1589,SCONJ ADJ ADP,246
1590,SCONJ NOUN ADV,95
1591,PROPN PART ADP,43
1592,PART ADP DET,238
1593,ADJ NUM ADP,65
1594,NOUN AUX SYM,17
1595,AUX SYM PROPN,16
1596,SYM PROPN NUM,17
1597,NUM PUNCT SYM,39
1598,PUNCT SYM PROPN,297
1599,NUM PUNCT PUNCT,661
1600,ADV NUM ADP,175
1601,PRON ADP SYM,8
1602,ADP SYM PROPN,422
1603,NUM ADP ADJ,161
1604,CCONJ ADP NUM,130
1605,ADP SCONJ DET,306
1606,PART NOUN PRON,59
1607,ADV DET ADP,122
1608,ADV PRON ADV,220
1609,DET AUX ADP,231
1610,PUNCT PROPN SYM,75
1611,PROPN SYM PROPN,585
1612,SYM PROPN PROPN,225
1613,SYM PROPN PUNCT,465
1614,ADJ ADP NUM,202
1615,NUM PROPN SYM,17
1616,ADV NUM PROPN,75
1617,SCONJ ADV PRON,145
1618,CCONJ VERB CCONJ,124
1619,VERB NOUN _,162
1620,CCONJ ADJ ADP,447
1621,PART NOUN ADV,266
1622,INTJ PUNCT PART,14
1623,PART ADP NOUN,144
1624,AUX PRON ADJ,348
1625,PUNCT SCONJ ADJ,410
1626,ADP PRON PRON,627
1627,PART PUNCT ADJ,91
1628,NOUN PRON ADP,50
1629,PRON ADP SCONJ,19
1630,ADP SCONJ ADJ,48
1631,PART ADJ PART,217
1632,PUNCT PUNCT AUX,387
1633,ADV ADP PUNCT,100
1634,PUNCT PRON NOUN,62
1635,PRON NOUN AUX,79
1636,CCONJ PUNCT SCONJ,93
1637,VERB PART PART,130
1638,PART ADJ ADV,145
1639,ADP CCONJ NUM,6
1640,PART NOUN PROPN,170
1641,AUX SCONJ AUX,35
1642,DET DET ADV,54
1643,CCONJ NOUN PROPN,307
1644,PUNCT CCONJ PART,357
1645,CCONJ PART ADJ,96
1646,ADV PROPN PUNCT,250
1647,NUM PROPN CCONJ,87
1648,AUX ADP PROPN,581
1649,NOUN AUX PRON,350
1650,AUX PRON SCONJ,108
1651,PRON SCONJ PART,10
1652,AUX ADP NUM,168
1653,ADP DET SCONJ,54
1654,DET SCONJ DET,70
1655,CCONJ PRON DET,92
1656,PRON DET VERB,431
1657,DET VERB PART,591
1658,ADV VERB AUX,164
1659,ADV ADJ AUX,187
1660,ADJ AUX PART,69
1661,PUNCT NUM ADJ,220
1662,PUNCT PART PART,61
1663,AUX NOUN CCONJ,248
1664,ADJ VERB ADV,74
1665,ADJ CCONJ PART,122
1666,CCONJ PART ADV,112
1667,PUNCT PUNCT ADJ,379
1668,INTJ PUNCT NUM,11
1669,PROPN ADP PUNCT,143
1670,ADP CCONJ ADP,173
1671,DET PUNCT ADP,105
1672,PRON ADP NUM,93
1673,DET ADV ADV,248
1674,VERB CCONJ PUNCT,37
1675,CCONJ PUNCT VERB,137
1676,ADP PUNCT PUNCT,234
1677,PUNCT SCONJ VERB,426
1678,VERB CCONJ PART,106
1679,ADP ADJ PRON,81
1680,ADJ PRON VERB,290
1681,NUM AUX ADV,79
1682,NUM ADJ AUX,7
1683,PART SCONJ DET,67
1684,ADP PUNCT VERB,323
1685,PRON ADV PRON,142
1686,PRON SCONJ PRON,375
1687,ADJ CCONJ PRON,247
1688,SCONJ PUNCT DET,270
1689,CCONJ PUNCT PRON,109
1690,ADP NUM AUX,110
1691,NUM AUX ADP,36
1692,NUM NOUN PRON,305
1693,PUNCT CCONJ NUM,280
1694,CCONJ NUM VERB,58
1695,NUM VERB VERB,53
1696,PUNCT AUX ADP,213
1697,ADV CCONJ NUM,4
1698,PROPN NOUN ADJ,142
1699,AUX DET PRON,86
1700,AUX AUX NOUN,119
1701,PROPN SCONJ PUNCT,68
1702,SCONJ PUNCT SYM,2
1703,PUNCT SYM NOUN,113
1704,SYM NOUN PUNCT,228
1705,ADV ADJ DET,207
1706,ADJ DET ADJ,105
1707,SCONJ PUNCT AUX,8
1708,PUNCT DET PUNCT,389
1709,ADP AUX NOUN,42
1710,ADV DET NUM,106
1711,VERB CCONJ NUM,56
1712,NUM AUX AUX,46
1713,PUNCT PROPN SCONJ,50
1714,SCONJ ADP NUM,213
1715,VERB DET ADP,692
1716,DET ADP PUNCT,106
1717,PUNCT PRON SYM,4
1718,PRON SYM PRON,36
1719,SYM PRON VERB,26
1720,SYM DET ADJ,11
1721,NUM ADJ PROPN,110
1722,SCONJ NOUN SCONJ,53
1723,NOUN PART CCONJ,30
1724,PART CCONJ NOUN,20
1725,PART ADJ CCONJ,144
1726,ADP NUM ADV,126
1727,NOUN ADJ VERB,71
1728,NUM PROPN _,15
1729,ADV ADV PROPN,76
1730,AUX ADP ADV,78
1731,ADP ADV PART,184
1732,ADV PART ADV,72
1733,ADJ ADJ PART,23
1734,ADJ CCONJ ADP,100
1735,DET VERB SYM,19
1736,PUNCT PART PROPN,28
1737,PART PROPN PRON,7
1738,PROPN PRON PUNCT,99
1739,VERB ADJ NUM,22
1740,PUNCT ADV AUX,589
1741,AUX ADJ PROPN,98
1742,SCONJ ADP ADV,105
1743,NOUN CCONJ PART,456
1744,CCONJ PART VERB,581
1745,NOUN ADP _,23
1746,ADP _ _,82
1747,CCONJ PART PRON,53
1748,PART PRON VERB,165
1749,CCONJ PART ADP,75
1750,PART ADP PROPN,84
1751,ADJ PUNCT AUX,183
1752,NUM PROPN ADJ,34
1753,PRON NUM NOUN,64
1754,ADP CCONJ ADV,68
1755,PUNCT NUM ADV,40
1756,AUX AUX PART,42
1757,PART ADJ DET,30
1758,CCONJ SCONJ PROPN,108
1759,ADV NUM VERB,45
1760,NUM VERB CCONJ,19
1761,DET ADJ PRON,95
1762,ADJ PUNCT NUM,117
1763,PUNCT NUM PROPN,361
1764,CCONJ ADJ _,21
1765,CCONJ PRON CCONJ,17
1766,ADV NOUN CCONJ,176
1767,PRON ADP ADP,131
1768,NUM PUNCT SCONJ,134
1769,NOUN CCONJ PUNCT,210
1770,CCONJ PUNCT INTJ,22
1771,PUNCT INTJ PUNCT,587
1772,INTJ PUNCT NOUN,62
1773,NOUN NUM PUNCT,469
1774,ADV AUX PUNCT,124
1775,SCONJ NOUN ADJ,38
1776,SCONJ ADV ADV,124
1777,DET PROPN PRON,168
1778,PROPN PRON NOUN,19
1779,NOUN PRON NOUN,28
1780,VERB PUNCT PART,159
1781,PRON NOUN NOUN,58
1782,PROPN ADV PROPN,108
1783,NOUN PRON PUNCT,257
1784,ADV SCONJ SCONJ,45
1785,ADJ SCONJ PUNCT,126
1786,CCONJ PROPN SCONJ,60
1787,NOUN ADJ ADV,58
1788,ADJ ADV SCONJ,57
1789,PRON CCONJ PART,56
1790,CCONJ PART PUNCT,184
1791,PART PUNCT PRON,65
1792,PUNCT PRON DET,175
1793,PRON ADP CCONJ,44
1794,ADP CCONJ PRON,58
1795,DET ADP PROPN,269
1796,PROPN PART _,3
1797,PART _ _,12
1798,AUX PROPN ADP,73
1799,CCONJ ADP PRON,131
1800,PRON PUNCT PROPN,182
1801,AUX ADP PUNCT,115
1802,VERB PROPN ADJ,107
1803,PRON PUNCT ADP,206
1804,SCONJ PRON DET,84
1805,PRON DET AUX,134
1806,NOUN VERB _,84
1807,ADP VERB SYM,12
1808,AUX DET AUX,34
1809,AUX PUNCT PART,38
1810,PUNCT PART ADP,74
1811,AUX VERB _,60
1812,PROPN ADP AUX,38
1813,ADJ ADP AUX,50
1814,NUM CCONJ PROPN,136
1815,CCONJ ADP AUX,13
1816,ADP PUNCT NUM,64
1817,PUNCT NUM AUX,83
1818,ADV PART ADP,24
1819,NOUN SCONJ AUX,61
1820,PROPN NUM SCONJ,70
1821,NUM SCONJ DET,72
1822,ADJ PUNCT PART,117
1823,ADV CCONJ ADV,669
1824,PART NOUN _,90
1825,NUM CCONJ ADP,33
1826,AUX PART PART,64
1827,PROPN ADV CCONJ,61
1828,DET AUX PROPN,102
1829,AUX DET ADP,261
1830,SCONJ VERB PROPN,59
1831,PUNCT ADV _,10
1832,ADV _ _,161
1833,DET PUNCT PUNCT,157
1834,VERB PRON PROPN,170
1835,PRON PROPN NOUN,28
1836,VERB ADJ VERB,119
1837,ADV CCONJ X,5
1838,CCONJ X PRON,2
1839,X PRON PUNCT,3
1840,CCONJ SCONJ VERB,35
1841,ADV ADP CCONJ,14
1842,ADJ VERB PRON,74
1843,ADP CCONJ X,1
1844,PART ADV SCONJ,37
1845,SYM NUM SCONJ,6
1846,NUM SCONJ VERB,9
1847,CCONJ NOUN PRON,294
1848,ADP PRON _,34
1849,PRON _ _,84
1850,NUM SCONJ ADP,76
1851,NUM PROPN VERB,131
1852,AUX SCONJ CCONJ,4
1853,SCONJ CCONJ PART,80
1854,PART PRON AUX,76
1855,CCONJ ADV PROPN,143
1856,SCONJ ADV PART,17
1857,AUX DET CCONJ,21
1858,DET CCONJ ADJ,35
1859,PUNCT ADV CCONJ,122
1860,ADV CCONJ ADP,116
1861,CCONJ NUM PUNCT,198
1862,ADJ ADV ADV,179
1863,SCONJ ADV SCONJ,45
1864,PART ADV PROPN,46
1865,PART NOUN ADJ,76
1866,PUNCT NUM SYM,106
1867,SYM NUM _,29
1868,PART ADP ADJ,56
1869,NOUN PART PART,142
1870,ADJ AUX PROPN,20
1871,ADV ADJ ADV,247
1872,SCONJ ADV ADP,82
1873,PART NUM AUX,8
1874,ADJ NUM AUX,23
1875,NUM AUX ADJ,56
1876,PUNCT PART ADJ,73
1877,PART ADJ PROPN,168
1878,AUX PROPN VERB,103
1879,ADJ VERB ADJ,110
1880,CCONJ ADP PUNCT,62
1881,ADP PUNCT SCONJ,75
1882,CCONJ DET SYM,8
1883,VERB CCONJ PROPN,203
1884,ADP NUM PART,143
1885,PUNCT DET SYM,24
1886,CCONJ PROPN ADJ,43
1887,ADP SYM NOUN,54
1888,SYM NOUN CCONJ,53
1889,CCONJ AUX PRON,180
1890,AUX PRON ADV,298
1891,ADP AUX NUM,10
1892,NOUN ADV _,34
1893,ADP VERB VERB,156
1894,VERB PART PRON,56
1895,NUM VERB SCONJ,50
1896,CCONJ SCONJ NOUN,120
1897,PRON ADJ AUX,23
1898,ADJ PROPN NUM,136
1899,DET ADJ DET,75
1900,ADJ DET PUNCT,15
1901,VERB ADV NOUN,366
1902,X PUNCT NOUN,81
1903,PROPN PUNCT X,157
1904,X PUNCT DET,106
1905,ADV PUNCT NUM,161
1906,ADJ SCONJ CCONJ,9
1907,CCONJ PART DET,117
1908,PART DET PUNCT,39
1909,PUNCT NUM VERB,113
1910,NUM VERB DET,131
1911,CCONJ DET PUNCT,147
1912,NOUN SCONJ CCONJ,11
1913,SYM NUM DET,55
1914,CCONJ SCONJ PUNCT,23
1915,PRON PUNCT PART,47
1916,VERB SCONJ AUX,36
1917,SCONJ AUX PUNCT,10
1918,SCONJ PUNCT PRON,116
1919,AUX ADP PRON,208
1920,ADP PRON NUM,14
1921,PRON NUM AUX,3
1922,VERB CCONJ ADP,117
1923,SCONJ NOUN NUM,16
1924,NOUN NUM DET,9
1925,DET ADP NOUN,266
1926,VERB ADJ DET,103
1927,ADP PART AUX,123
1928,ADV ADP AUX,54
1929,PROPN ADV ADV,285
1930,ADV NOUN NUM,17
1931,NOUN ADV NUM,102
1932,NOUN CCONJ CCONJ,16
1933,CCONJ CCONJ PROPN,4
1934,PROPN NUM DET,75
1935,DET VERB SCONJ,383
1936,SCONJ ADV PROPN,35
1937,ADJ VERB CCONJ,28
1938,PROPN VERB CCONJ,216
1939,ADV ADP ADP,103
1940,DET PRON ADV,93
1941,PUNCT ADP AUX,38
1942,DET NUM ADV,37
1943,NUM ADV PUNCT,85
1944,AUX NOUN ADJ,68
1945,SCONJ NUM NUM,176
1946,PRON ADV SCONJ,87
1947,NOUN VERB SYM,48
1948,CCONJ NUM ADV,15
1949,SCONJ NOUN DET,42
1950,NOUN DET PUNCT,138
1951,PRON VERB SYM,51
1952,ADP ADP SYM,16
1953,ADV ADP SYM,34
1954,NUM CCONJ NOUN,59
1955,SCONJ DET SYM,14
1956,NUM CCONJ SYM,21
1957,PUNCT NOUN SYM,31
1958,NOUN ADJ SYM,13
1959,ADJ SYM NUM,27
1960,PART NOUN NUM,12
1961,NUM ADV ADV,25
1962,NOUN SCONJ SYM,16
1963,ADV CCONJ PROPN,65
1964,NUM PROPN PART,33
1965,SCONJ PROPN DET,22
1966,PROPN AUX CCONJ,19
1967,AUX CCONJ DET,42
1968,ADJ DET VERB,60
1969,NOUN PROPN ADJ,29
1970,SCONJ ADP ADP,31
1971,PROPN DET DET,24
1972,ADJ ADJ NUM,35
1973,PART PROPN AUX,74
1974,PROPN ADJ ADP,103
1975,ADP ADP ADV,95
1976,ADP DET CCONJ,104
1977,DET CCONJ DET,82
1978,ADV SCONJ PART,49
1979,NOUN PRON CCONJ,30
1980,ADV AUX PROPN,135
1981,PROPN SCONJ SCONJ,40
1982,ADP ADP AUX,10
1983,PROPN PUNCT INTJ,160
1984,INTJ PUNCT AUX,21
1985,SCONJ NUM AUX,41
1986,DET ADP X,4
1987,ADP X NOUN,21
1988,X NOUN NOUN,44
1989,SCONJ ADJ SCONJ,67
1990,AUX ADV CCONJ,129
1991,X ADP PROPN,21
1992,ADV ADV AUX,311
1993,CCONJ ADV SCONJ,163
1994,DET ADV PRON,50
1995,CCONJ SCONJ ADP,100
1996,NUM CCONJ AUX,47
1997,PRON ADV DET,61
1998,ADV DET AUX,125
1999,ADJ DET AUX,38
2000,VERB PART ADJ,68
2001,NOUN PUNCT INTJ,206
2002,INTJ PUNCT _,238
2003,SCONJ PRON ADJ,31
2004,ADJ AUX ADV,102
2005,AUX NOUN PART,215
2006,PUNCT NOUN DET,241
2007,NUM ADV AUX,7
2008,ADV PROPN CCONJ,85
2009,PROPN ADV ADJ,86
2010,ADV PROPN NOUN,91
2011,PUNCT PART DET,125
2012,ADV ADV _,17
2013,PART DET PROPN,83
2014,ADJ ADV AUX,24
2015,ADJ NUM PRON,13
2016,NUM PRON VERB,87
2017,INTJ PUNCT PRON,339
2018,ADP SCONJ PRON,163
2019,CCONJ AUX ADP,64
2020,ADJ CCONJ PUNCT,29
2021,CCONJ PUNCT ADP,151
2022,AUX NOUN AUX,30
2023,PRON PART PUNCT,20
2024,ADJ PART ADJ,24
2025,ADJ ADV PRON,138
2026,ADV CCONJ SCONJ,31
2027,NOUN PROPN SCONJ,33
2028,CCONJ PROPN _,38
2029,SCONJ NUM CCONJ,38
2030,NOUN NUM ADJ,27
2031,PROPN AUX SYM,9
2032,AUX SYM NUM,23
2033,ADJ PROPN PART,167
2034,PRON PROPN PUNCT,88
2035,CCONJ PRON PUNCT,90
2036,CCONJ AUX PUNCT,16
2037,VERB PROPN PRON,48
2038,SCONJ ADP PUNCT,22
2039,PART ADV PART,43
2040,PRON AUX _,5
2041,AUX _ _,35
2042,NUM PROPN DET,17
2043,PROPN NUM AUX,149
2044,SCONJ NOUN PROPN,57
2045,DET ADJ _,14
2046,PRON ADJ ADV,30
2047,DET ADP VERB,48
2048,PART NUM SYM,12
2049,SCONJ PUNCT PUNCT,79
2050,PRON ADP _,1
2051,AUX AUX _,1
2052,PUNCT PUNCT INTJ,128
2053,PUNCT INTJ NOUN,21
2054,INTJ NOUN NOUN,8
2055,PART ADP PRON,31
2056,PRON ADP ADV,99
2057,ADJ ADJ ADP,102
2058,PRON ADV PART,79
2059,CCONJ PUNCT ADJ,131
2060,PUNCT ADJ DET,14
2061,PRON ADP PRON,240
2062,PROPN AUX PRON,71
2063,ADP DET PART,47
2064,DET PART PUNCT,13
2065,ADV CCONJ NOUN,63
2066,NOUN PROPN _,236
2067,SCONJ VERB _,2
2068,ADV ADP SCONJ,31
2069,AUX PUNCT NOUN,93
2070,CCONJ AUX NUM,16
2071,PUNCT PROPN DET,109
2072,PART PUNCT ADP,28
2073,PRON DET NUM,14
2074,AUX VERB AUX,236
2075,SCONJ SCONJ ADP,34
2076,ADV PART NUM,9
2077,ADV PROPN PART,141
2078,PUNCT X X,57
2079,X X PUNCT,81
2080,X PUNCT PROPN,188
2081,NUM NUM AUX,23
2082,PUNCT AUX NUM,90
2083,NUM NOUN SYM,49
2084,NOUN SYM NOUN,341
2085,NOUN PART ADP,45
2086,SCONJ PART ADV,65
2087,NOUN PROPN DET,60
2088,PRON PUNCT NUM,25
2089,PUNCT NUM PART,30
2090,PART NUM ADP,19
2091,AUX DET NUM,175
2092,ADP ADV AUX,40
2093,DET AUX NOUN,204
2094,NUM NUM NUM,50
2095,NUM VERB ADJ,55
2096,PART PROPN DET,8
2097,DET NUM CCONJ,30
2098,SCONJ SCONJ PROPN,75
2099,X PUNCT ADJ,86
2100,PUNCT PART PUNCT,54
2101,PART PUNCT AUX,56
2102,PUNCT AUX PUNCT,81
2103,AUX PUNCT SCONJ,45
2104,AUX SCONJ ADV,32
2105,ADJ VERB PART,68
2106,PART VERB X,7
2107,VERB X PUNCT,22
2108,INTJ PUNCT PROPN,95
2109,ADJ NUM NUM,25
2110,PART PUNCT DET,67
2111,NUM AUX NOUN,25
2112,NOUN ADP PART,135
2113,ADP PART ADJ,13
2114,CCONJ NOUN NUM,11
2115,CCONJ PART NOUN,20
2116,NOUN NUM CCONJ,45
2117,PROPN NUM ADV,69
2118,ADJ ADV CCONJ,39
2119,SCONJ AUX ADJ,44
2120,AUX ADP PART,15
2121,VERB NUM PART,31
2122,AUX PROPN PRON,28
2123,PART ADV NOUN,71
2124,ADP SYM PUNCT,6
2125,SYM PUNCT DET,2
2126,PUNCT INTJ VERB,142
2127,INTJ VERB DET,92
2128,PUNCT PART AUX,125
2129,AUX SCONJ ADJ,78
2130,PUNCT AUX SYM,1
2131,SYM NOUN NOUN,150
2132,ADJ ADJ AUX,20
2133,X PUNCT AUX,38
2134,ADP NUM PRON,66
2135,CCONJ ADJ NUM,29
2136,AUX ADV PROPN,112
2137,X PUNCT ADP,44
2138,NUM DET PUNCT,46
2139,PRON NOUN PROPN,10
2140,PRON PART PROPN,4
2141,PUNCT DET PART,25
2142,DET PART ADV,29
2143,PUNCT PRON NUM,2
2144,PRON NUM VERB,3
2145,INTJ PUNCT INTJ,61
2146,INTJ PUNCT PUNCT,93
2147,NUM AUX PART,29
2148,AUX PRON CCONJ,23
2149,PRON CCONJ SCONJ,18
2150,AUX SCONJ PUNCT,53
2151,DET DET AUX,102
2152,AUX PART NOUN,128
2153,PRON PART PART,34
2154,PART AUX PART,126
2155,NUM SCONJ NUM,9
2156,NUM AUX NUM,14
2157,ADP SCONJ ADP,45
2158,SCONJ PUNCT SCONJ,74
2159,ADJ VERB VERB,96
2160,AUX NUM PART,12
2161,CCONJ NUM PART,9
2162,PART NUM PROPN,32
2163,VERB ADV _,48
2164,PART PUNCT NOUN,103
2165,ADV PUNCT PART,148
2166,NOUN ADP SCONJ,120
2167,PRON CCONJ PROPN,48
2168,NUM PRON AUX,59
2169,PART ADJ VERB,57
2170,PART ADJ NUM,35
2171,ADV PRON PRON,66
2172,ADP AUX DET,176
2173,ADP VERB NUM,103
2174,PUNCT PRON CCONJ,51
2175,ADV PART PUNCT,49
2176,PART PUNCT SCONJ,18
2177,AUX SCONJ VERB,96
2178,AUX NUM SYM,25
2179,AUX SCONJ SCONJ,44
2180,PART NOUN DET,107
2181,NOUN PRON NUM,2
2182,AUX PART PRON,249
2183,ADV PRON CCONJ,30
2184,VERB AUX PRON,160
2185,PROPN PROPN SYM,168
2186,SYM PROPN NOUN,374
2187,NUM SCONJ PROPN,17
2188,PUNCT X DET,19
2189,X DET ADJ,10
2190,PUNCT PART SCONJ,35
2191,NOUN PRON DET,61
2192,PRON AUX CCONJ,91
2193,AUX CCONJ SCONJ,3
2194,PROPN VERB _,52
2195,VERB ADV PROPN,198
2196,SCONJ AUX DET,84
2197,PART ADV NUM,12
2198,NUM PROPN ADV,26
2199,NOUN NUM SYM,29
2200,NOUN SCONJ X,5
2201,SCONJ X X,3
2202,X X X,116
2203,X X PROPN,107
2204,X PROPN CCONJ,9
2205,AUX PRON PART,218
2206,ADP CCONJ SCONJ,32
2207,ADP PRON PROPN,107
2208,AUX ADV SCONJ,140
2209,PROPN DET PUNCT,36
2210,ADP PART ADV,26
2211,SCONJ ADP VERB,81
2212,SYM NOUN ADP,73
2213,AUX PROPN ADV,47
2214,ADP PUNCT PART,22
2215,X PUNCT PRON,77
2216,PRON PUNCT ADJ,80
2217,SYM PROPN ADP,103
2218,ADP PROPN SYM,152
2219,PART ADP X,1
2220,NUM ADV PROPN,26
2221,ADJ VERB PROPN,68
2222,ADP ADV SYM,20
2223,AUX PRON DET,305
2224,NUM ADP ADV,21
2225,NUM NUM DET,19
2226,PUNCT ADV SYM,23
2227,ADJ AUX ADP,36
2228,PROPN CCONJ PUNCT,65
2229,PRON DET SCONJ,1
2230,VERB NUM SCONJ,20
2231,ADJ PUNCT X,21
2232,X PUNCT VERB,139
2233,AUX PUNCT PRON,146
2234,PART AUX CCONJ,16
2235,AUX CCONJ VERB,54
2236,DET NUM AUX,50
2237,NUM NUM X,2
2238,NUM X NUM,1
2239,X NUM NOUN,7
2240,VERB SCONJ PART,83
2241,ADJ DET NUM,15
2242,PROPN SCONJ ADJ,87
2243,NUM VERB PROPN,43
2244,NUM NUM SYM,3
2245,NUM ADP PUNCT,22
2246,PUNCT NUM SCONJ,23
2247,ADV NOUN PART,50
2248,PRON ADP AUX,25
2249,AUX NOUN DET,95
2250,DET DET VERB,152
2251,NUM CCONJ PRON,33
2252,DET SYM ADJ,7
2253,SYM ADJ NOUN,96
2254,NUM PROPN AUX,98
2255,ADJ ADP PUNCT,166
2256,VERB CCONJ SCONJ,60
2257,CCONJ NUM NUM,47
2258,ADV ADJ _,33
2259,VERB SCONJ CCONJ,50
2260,ADJ PROPN ADV,109
2261,SCONJ ADJ ADV,23
2262,NOUN NOUN SYM,72
2263,NOUN SYM ADJ,25
2264,VERB DET PRON,147
2265,SCONJ ADV NOUN,45
2266,VERB ADP _,29
2267,ADV NUM CCONJ,27
2268,NOUN CCONJ _,7
2269,CCONJ _ _,31
2270,CCONJ PUNCT PART,11
2271,PUNCT AUX _,1
2272,VERB CCONJ _,1
2273,PRON ADV _,7
2274,ADV PUNCT INTJ,50
2275,PART VERB _,77
2276,VERB X _,7
2277,X _ _,225
2278,SCONJ ADJ _,7
2279,PUNCT PROPN PRON,86
2280,PROPN PRON PROPN,35
2281,CCONJ ADP ADV,89
2282,CCONJ DET _,1
2283,DET _ _,62
2284,NUM ADJ ADV,7
2285,AUX PROPN NUM,29
2286,PRON VERB _,44
2287,PROPN SYM NUM,47
2288,SCONJ NOUN _,10
2289,PUNCT CCONJ _,12
2290,ADP ADP VERB,95
2291,X NOUN PUNCT,60
2292,PROPN DET PRON,33
2293,ADJ SCONJ PART,24
2294,SCONJ PART ADP,16
2295,PRON SCONJ ADP,89
2296,ADP AUX PUNCT,25
2297,PUNCT AUX CCONJ,9
2298,VERB ADP AUX,228
2299,SCONJ ADJ VERB,59
2300,NOUN ADV SYM,8
2301,DET ADJ SYM,52
2302,ADJ SYM VERB,3
2303,SYM VERB NOUN,12
2304,SYM PUNCT ADV,2
2305,PUNCT NUM NUM,137
2306,NOUN AUX CCONJ,62
2307,PUNCT NOUN SCONJ,148
2308,NOUN ADJ DET,22
2309,SCONJ CCONJ PRON,7
2310,CCONJ ADP CCONJ,15
2311,ADJ CCONJ CCONJ,3
2312,CCONJ CCONJ ADJ,5
2313,ADV SCONJ NUM,59
2314,NOUN PROPN ADV,98
2315,ADP AUX ADP,28
2316,ADV NUM SCONJ,14
2317,CCONJ PART AUX,62
2318,ADV PRON SCONJ,6
2319,PRON CCONJ ADJ,35
2320,DET PUNCT CCONJ,104
2321,NUM ADV PRON,52
2322,CCONJ SCONJ CCONJ,3
2323,PUNCT AUX SCONJ,90
2324,PRON CCONJ NOUN,35
2325,AUX ADP X,8
2326,ADP X X,9
2327,X X NOUN,38
2328,PRON PRON ADP,11
2329,PRON PRON ADV,78
2330,PART AUX PUNCT,236
2331,SCONJ VERB PART,53
2332,NOUN PROPN NUM,101
2333,SCONJ ADV AUX,30
2334,AUX NOUN PROPN,19
2335,NUM ADP ADP,17
2336,PROPN NOUN NUM,195
2337,VERB NUM VERB,48
2338,PUNCT SCONJ AUX,87
2339,PRON ADP PART,22
2340,AUX ADJ _,30
2341,ADV ADJ VERB,157
2342,PRON SCONJ PUNCT,68
2343,ADV NOUN SCONJ,54
2344,AUX AUX PUNCT,48
2345,AUX PUNCT PUNCT,144
2346,ADJ ADP SCONJ,18
2347,PRON DET PUNCT,140
2348,ADJ DET ADP,20
2349,DET PRON PUNCT,21
2350,PRON PUNCT NOUN,145
2351,SCONJ NOUN PRON,57
2352,SCONJ PUNCT _,105
2353,VERB ADJ AUX,41
2354,ADV PRON ADJ,21
2355,PRON ADJ CCONJ,73
2356,DET AUX PUNCT,69
2357,AUX PUNCT CCONJ,133
2358,PRON VERB X,10
2359,VERB X ADV,3
2360,X ADV VERB,3
2361,SCONJ AUX PRON,6
2362,PUNCT SCONJ _,1
2363,VERB VERB AUX,153
2364,NUM DET CCONJ,5
2365,SCONJ VERB PRON,67
2366,ADV DET PRON,60
2367,PART PUNCT CCONJ,49
2368,PART PUNCT NUM,7
2369,AUX PROPN AUX,34
2370,ADJ NUM PART,36
2371,ADJ NUM VERB,34
2372,PART PROPN NUM,23
2373,SCONJ PART PUNCT,27
2374,PART SCONJ ADJ,5
2375,DET ADV NUM,27
2376,ADJ VERB AUX,59
2377,CCONJ NUM SYM,8
2378,NOUN PART DET,49
2379,DET ADV ADP,68
2380,ADJ ADP CCONJ,38
2381,PROPN PART X,2
2382,PART X PROPN,1
2383,X PROPN PROPN,247
2384,SCONJ NUM ADV,15
2385,ADV PROPN NUM,20
2386,ADP X ADJ,5
2387,X ADJ NOUN,25
2388,ADJ PROPN _,5294
2389,PART ADP PUNCT,8
2390,ADV ADV NOUN,132
2391,PART AUX NUM,86
2392,PROPN CCONJ X,38
2393,CCONJ X PUNCT,80
2394,NUM ADV SCONJ,5
2395,NUM DET ADJ,39
2396,AUX ADJ NUM,20
2397,ADP ADJ PART,54
2398,SCONJ AUX NUM,5
2399,NUM PART PROPN,4
2400,CCONJ AUX NOUN,80
2401,NUM ADV DET,38
2402,INTJ PUNCT VERB,77
2403,NUM ADJ VERB,19
2404,VERB PUNCT X,43
2405,ADP PRON ADJ,161
2406,CCONJ X ADP,2
2407,VERB DET SCONJ,55
2408,DET PRON PROPN,4
2409,ADV SCONJ PUNCT,45
2410,NUM PART PUNCT,22
2411,NUM PART NOUN,26
2412,PRON PART ADJ,45
2413,ADV NUM AUX,24
2414,DET DET DET,32
2415,SCONJ PART PRON,9
2416,PART PRON PRON,21
2417,DET DET PRON,61
2418,ADP AUX ADJ,108
2419,SCONJ ADP SCONJ,19
2420,VERB VERB SYM,27
2421,ADV ADJ SYM,14
2422,ADJ ADP SYM,22
2423,CCONJ ADP PART,15
2424,DET CCONJ VERB,43
2425,CCONJ ADJ AUX,87
2426,AUX NUM NUM,62
2427,ADJ NUM ADV,15
2428,ADJ PART NOUN,50
2429,NUM CCONJ ADV,68
2430,ADP SCONJ VERB,16
2431,VERB NUM CCONJ,58
2432,ADJ NUM CCONJ,24
2433,ADV NUM PART,19
2434,PRON PROPN VERB,119
2435,AUX NUM SCONJ,4
2436,ADV NUM SYM,25
2437,AUX PUNCT PROPN,93
2438,DET DET ADP,34
2439,X PUNCT ADV,45
2440,CCONJ VERB SYM,10
2441,ADV VERB SYM,24
2442,NUM PART ADJ,5
2443,ADV SCONJ SYM,5
2444,VERB ADJ PRON,67
2445,NOUN SCONJ PART,84
2446,SCONJ PART NOUN,13
2447,PUNCT NUM _,700
2448,VERB PART CCONJ,16
2449,PART CCONJ VERB,28
2450,PART PROPN _,15
2451,VERB PROPN SYM,37
2452,SYM PROPN _,181
2453,PROPN SYM NOUN,40
2454,SYM NOUN PROPN,27
2455,PROPN ADV NOUN,79
2456,PROPN ADJ PART,12
2457,NUM X _,3
2458,ADP SCONJ PUNCT,40
2459,NOUN NUM VERB,66
2460,PUNCT PRON ADJ,60
2461,CCONJ ADV SYM,4
2462,PUNCT VERB X,10
2463,VERB X CCONJ,4
2464,X CCONJ VERB,8
2465,ADP PROPN X,54
2466,PROPN X ADV,4
2467,X ADV ADJ,1
2468,CCONJ SCONJ ADJ,86
2469,PRON ADV PROPN,10
2470,AUX ADP ADP,78
2471,PRON PRON PUNCT,35
2472,PRON ADJ VERB,60
2473,ADV CCONJ PART,41
2474,PRON ADJ ADJ,24
2475,PUNCT ADJ PRON,15
2476,AUX PROPN ADJ,34
2477,CCONJ NUM CCONJ,14
2478,NOUN SYM PROPN,162
2479,CCONJ VERB _,24
2480,CCONJ CCONJ VERB,9
2481,VERB DET _,32
2482,ADP SCONJ SCONJ,25
2483,PROPN PART CCONJ,87
2484,PART CCONJ PROPN,55
2485,SCONJ CCONJ VERB,3
2486,ADP SCONJ _,3
2487,PROPN ADV _,12
2488,SCONJ SCONJ VERB,21
2489,DET AUX _,5
2490,DET VERB _,8
2491,NOUN SCONJ _,2
2492,PROPN CCONJ _,2
2493,CCONJ PUNCT _,26
2494,NOUN AUX _,12
2495,PUNCT PRON _,2
2496,ADP SCONJ PART,14
2497,ADP PART SYM,14
2498,PART SYM NUM,36
2499,X VERB PUNCT,12
2500,PUNCT NUM DET,45
2501,PRON ADV NOUN,14
2502,AUX PRON AUX,232
2503,SCONJ VERB AUX,16
2504,PRON ADV NUM,15
2505,PRON NOUN PRON,35
2506,ADJ PART NUM,7
2507,X NOUN ADP,26
2508,ADV PRON ADP,35
2509,CCONJ PART NUM,9
2510,SYM NUM PART,25
2511,ADV PRON PUNCT,80
2512,ADJ DET DET,23
2513,CCONJ ADV CCONJ,71
2514,DET ADV PROPN,23
2515,PRON NOUN DET,17
2516,PRON PRON PRON,45
2517,ADV NOUN PROPN,32
2518,VERB NUM DET,28
2519,PRON PUNCT AUX,134
2520,CCONJ PART SCONJ,17
2521,PART SCONJ PRON,55
2522,PRON SCONJ PROPN,85
2523,ADJ ADV SYM,1
2524,ADJ CCONJ SCONJ,45
2525,NUM NUM _,18
2526,VERB AUX PROPN,51
2527,AUX ADV SYM,11
2528,PUNCT AUX PROPN,109
2529,PRON DET ADP,49
2530,SCONJ CCONJ ADJ,5
2531,PUNCT ADP SYM,39
2532,ADJ SCONJ SCONJ,33
2533,SCONJ SCONJ ADV,15
2534,NUM ADP SYM,13
2535,CCONJ PROPN SYM,25
2536,SCONJ DET _,3
2537,SCONJ CCONJ PROPN,10
2538,ADP VERB _,10
2539,PROPN ADP _,16
2540,PROPN PROPN X,214
2541,PROPN X PUNCT,59
2542,CCONJ ADP ADP,40
2543,DET PRON PART,3
2544,PRON NOUN CCONJ,55
2545,PROPN ADP SCONJ,13
2546,PROPN PART SYM,11
2547,SCONJ ADP SYM,4
2548,ADJ ADP PART,16
2549,PROPN PART PRON,6
2550,ADP AUX ADV,76
2551,PROPN SCONJ ADV,26
2552,NOUN PRON ADJ,14
2553,PART SCONJ PART,1
2554,DET SCONJ ADP,9
2555,VERB VERB _,26
2556,AUX ADP CCONJ,20
2557,NUM ADV NUM,12
2558,DET PUNCT INTJ,30
2559,VERB VERB INTJ,4
2560,VERB INTJ PUNCT,36
2561,PUNCT INTJ INTJ,34
2562,INTJ INTJ PUNCT,48
2563,SCONJ PRON _,2
2564,PROPN SCONJ X,2
2565,PROPN X X,104
2566,ADP PART DET,4
2567,DET ADP CCONJ,13
2568,ADP ADV SCONJ,37
2569,AUX PART CCONJ,17
2570,PART CCONJ DET,16
2571,NOUN PROPN SYM,41
2572,AUX PRON PROPN,50
2573,PRON PROPN DET,3
2574,NUM DET VERB,60
2575,PUNCT PRON ADP,97
2576,VERB PRON _,33
2577,INTJ PUNCT SCONJ,37
2578,PRON PRON PART,3
2579,ADP ADJ ADV,77
2580,DET SYM PROPN,81
2581,SCONJ NUM SYM,4
2582,NOUN PRON SCONJ,5
2583,PROPN ADJ PRON,3
2584,ADJ PRON ADV,14
2585,PRON SCONJ SCONJ,36
2586,VERB PART DET,63
2587,PART CCONJ PUNCT,3
2588,PRON PRON NOUN,5
2589,NUM DET AUX,20
2590,ADV ADV SYM,4
2591,ADV NOUN PRON,63
2592,SCONJ PUNCT NUM,21
2593,PUNCT PRON SCONJ,32
2594,VERB DET CCONJ,62
2595,DET CCONJ ADV,8
2596,CCONJ PART PART,43
2597,PRON DET PRON,47
2598,ADP ADP CCONJ,14
2599,NUM ADV PART,4
2600,ADJ ADV DET,86
2601,DET ADP ADP,13
2602,SCONJ PUNCT PART,8
2603,PUNCT PART PRON,23
2604,ADJ PART INTJ,1
2605,PART INTJ NOUN,2
2606,INTJ NOUN CCONJ,3
2607,SCONJ PUNCT CCONJ,12
2608,NUM ADJ NUM,6
2609,NUM ADP AUX,8
2610,CCONJ PRON ADP,56
2611,SCONJ ADP PRON,112
2612,ADJ NOUN INTJ,10
2613,NOUN INTJ PRON,2
2614,INTJ PRON VERB,58
2615,PUNCT INTJ PRON,37
2616,VERB ADJ SYM,12
2617,ADP ADJ SYM,14
2618,AUX PUNCT NUM,19
2619,ADP PUNCT AUX,35
2620,ADJ PROPN PRON,92
2621,PART PUNCT PART,14
2622,ADP NOUN SYM,44
2623,ADV PRON DET,66
2624,PRON SCONJ AUX,9
2625,PRON AUX INTJ,12
2626,AUX INTJ PUNCT,15
2627,PUNCT SCONJ PART,97
2628,CCONJ INTJ ADV,2
2629,INTJ ADV PART,2
2630,DET AUX CCONJ,8
2631,AUX CCONJ NOUN,13
2632,DET ADV SCONJ,21
2633,SCONJ ADJ AUX,36
2634,NUM SCONJ PUNCT,6
2635,PART PUNCT INTJ,5
2636,PRON PRON DET,19
2637,PROPN ADJ CCONJ,42
2638,CCONJ PUNCT NUM,9
2639,PROPN ADJ ADV,7
2640,ADP CCONJ AUX,33
2641,PROPN NUM PRON,30
2642,INTJ VERB PROPN,23
2643,PROPN CCONJ CCONJ,3
2644,CCONJ CCONJ PUNCT,1
2645,PART DET DET,30
2646,PROPN ADP PART,14
2647,VERB PUNCT INTJ,111
2648,ADJ DET PROPN,30
2649,VERB ADJ _,28
2650,PART DET ADV,31
2651,ADV PART ADJ,87
2652,DET PUNCT SCONJ,70
2653,PRON ADV SYM,7
2654,SYM NUM SYM,20
2655,PUNCT INTJ PROPN,49
2656,INTJ PROPN CCONJ,6
2657,ADJ AUX NUM,7
2658,PROPN ADP CCONJ,25
2659,PUNCT ADP CCONJ,34
2660,NOUN CCONJ X,21
2661,ADJ NUM PROPN,56
2662,SCONJ PROPN ADJ,10
2663,NUM DET ADV,8
2664,INTJ VERB NOUN,24
2665,CCONJ ADJ DET,26
2666,NUM AUX SCONJ,10
2667,X PUNCT CCONJ,43
2668,SYM NUM ADV,12
2669,PUNCT INTJ ADV,17
2670,INTJ ADV VERB,8
2671,NUM SCONJ ADJ,10
2672,NUM SCONJ SCONJ,2
2673,DET PROPN SYM,51
2674,ADP PUNCT INTJ,31
2675,INTJ PROPN PROPN,43
2676,SCONJ PART ADJ,42
2677,NUM AUX PROPN,23
2678,AUX AUX CCONJ,11
2679,AUX CCONJ AUX,22
2680,ADV PROPN _,8
2681,SCONJ PART AUX,25
2682,DET SCONJ PROPN,14
2683,NUM SYM NOUN,20
2684,SYM NOUN ADV,13
2685,NUM PART AUX,17
2686,ADP AUX SCONJ,9
2687,X DET NOUN,25
2688,DET X ADP,1
2689,PART PROPN ADV,28
2690,AUX AUX SCONJ,29
2691,ADV NOUN ADJ,23
2692,PRON SCONJ NUM,15
2693,PUNCT DET CCONJ,6
2694,NOUN SYM PUNCT,4
2695,SYM PUNCT PART,1
2696,NUM PART SYM,16
2697,ADV ADP INTJ,1
2698,ADP INTJ PUNCT,5
2699,INTJ PUNCT CCONJ,57
2700,CCONJ X X,7
2701,PROPN SYM PUNCT,3
2702,SYM PUNCT PROPN,5
2703,PROPN SYM ADJ,21
2704,CCONJ PUNCT X,18
2705,NUM DET PROPN,23
2706,PUNCT PROPN X,96
2707,PROPN X PROPN,268
2708,X PROPN PUNCT,146
2709,PART PUNCT X,4
2710,X AUX PROPN,1
2711,PROPN DET ADP,15
2712,ADJ SYM ADJ,61
2713,SCONJ PART DET,47
2714,PART DET ADP,28
2715,ADJ DET PRON,7
2716,PROPN ADP X,39
2717,X ADV ADV,2
2718,AUX CCONJ ADP,14
2719,NOUN PRON PART,18
2720,PRON PROPN CCONJ,17
2721,PRON PROPN ADP,17
2722,PROPN SCONJ AUX,10
2723,PRON SCONJ VERB,44
2724,INTJ CCONJ ADP,2
2725,PART ADV PRON,17
2726,SCONJ PROPN _,8
2727,PROPN CCONJ SYM,201
2728,DET CCONJ PUNCT,4
2729,PUNCT X ADV,2
2730,X ADV AUX,1
2731,PART ADP NUM,6
2732,SCONJ AUX PART,5
2733,PRON NOUN ADJ,6
2734,X PUNCT X,23
2735,X PUNCT INTJ,7
2736,ADP X CCONJ,11
2737,X CCONJ PROPN,3
2738,INTJ VERB ADJ,13
2739,ADV ADP X,5
2740,X PUNCT SCONJ,18
2741,ADJ NOUN SYM,102
2742,SCONJ ADJ NUM,10
2743,CCONJ PROPN INTJ,2
2744,PROPN INTJ AUX,1
2745,INTJ AUX PART,30
2746,ADV PROPN X,2
2747,PRON NOUN ADV,21
2748,ADV PART PRON,4
2749,INTJ PROPN ADP,8
2750,INTJ PUNCT DET,150
2751,PRON SCONJ ADJ,69
2752,NUM PUNCT INTJ,9
2753,PROPN PRON ADP,14
2754,SYM NUM AUX,15
2755,ADJ NOUN X,39
2756,NOUN X PUNCT,113
2757,NOUN DET PART,10
2758,DET PART PRON,4
2759,PRON PRON SYM,1
2760,ADJ PROPN SYM,20
2761,X PROPN VERB,17
2762,ADJ ADV NUM,16
2763,ADV INTJ AUX,4
2764,DET CCONJ PROPN,16
2765,DET PRON DET,16
2766,INTJ INTJ VERB,6
2767,INTJ VERB PRON,78
2768,DET NOUN INTJ,11
2769,NOUN INTJ PUNCT,17
2770,SCONJ DET CCONJ,10
2771,ADJ CCONJ INTJ,4
2772,CCONJ INTJ PUNCT,54
2773,ADJ PUNCT INTJ,41
2774,INTJ ADV SCONJ,1
2775,PRON CCONJ NUM,11
2776,DET CCONJ SYM,6
2777,SCONJ SCONJ NUM,8
2778,X PROPN INTJ,2
2779,PROPN INTJ X,7
2780,INTJ X PUNCT,2
2781,DET PRON CCONJ,5
2782,PRON CCONJ ADP,47
2783,PRON PROPN PART,23
2784,INTJ PUNCT ADV,81
2785,X PROPN _,11
2786,PART AUX _,3
2787,CCONJ PRON SCONJ,22
2788,PUNCT X _,74
2789,AUX PROPN _,6
2790,AUX CCONJ PRON,31
2791,PROPN NOUN X,43
2792,NOUN X PROPN,14
2793,VERB CCONJ SYM,51
2794,PART CCONJ PRON,11
2795,INTJ PRON PUNCT,8
2796,VERB NUM AUX,7
2797,INTJ PRON AUX,44
2798,SYM PROPN ADV,42
2799,ADV PRON PROPN,22
2800,PRON ADJ DET,15
2801,SCONJ AUX PROPN,12
2802,PART PRON PROPN,2
2803,PRON PROPN ADJ,2
2804,PROPN ADJ NUM,14
2805,PRON DET X,1
2806,DET X PROPN,19
2807,PART CCONJ AUX,5
2808,DET SCONJ PUNCT,6
2809,NOUN PROPN X,30
2810,X PROPN NOUN,26
2811,PROPN PRON DET,6
2812,DET PUNCT AUX,36
2813,PRON PUNCT X,17
2814,PUNCT X ADJ,12
2815,X ADJ PROPN,5
2816,X PROPN NUM,2
2817,PUNCT X NUM,3
2818,X NUM PROPN,3
2819,PRON PROPN AUX,81
2820,DET CCONJ PRON,24
2821,CCONJ PRON PART,15
2822,VERB PART ADP,41
2823,SCONJ PART NUM,3
2824,PRON PROPN PRON,5
2825,DET PART VERB,109
2826,ADV PROPN ADV,29
2827,ADV PROPN DET,12
2828,SYM PROPN CCONJ,80
2829,SCONJ PART PART,17
2830,PUNCT CCONJ X,19
2831,PART ADP ADP,8
2832,AUX DET PART,34
2833,PUNCT ADP PART,23
2834,PROPN PRON PART,9
2835,PRON PROPN ADV,10
2836,ADP DET X,17
2837,DET X NOUN,7
2838,ADP X SCONJ,3
2839,X SCONJ VERB,1
2840,SCONJ DET PART,13
2841,DET PART AUX,18
2842,PUNCT INTJ AUX,25
2843,INTJ AUX VERB,12
2844,INTJ PUNCT ADP,71
2845,AUX PART NUM,25
2846,PART PRON DET,37
2847,PROPN PART SCONJ,8
2848,INTJ INTJ PRON,5
2849,INTJ PROPN PUNCT,46
2850,ADJ PRON PRON,17
2851,SCONJ DET PRON,55
2852,PRON DET DET,55
2853,ADV PRON INTJ,1
2854,PRON INTJ VERB,15
2855,ADV CCONJ INTJ,4
2856,CCONJ INTJ NUM,2
2857,INTJ NUM NOUN,6
2858,INTJ ADV ADV,5
2859,PART PRON PUNCT,57
2860,CCONJ X DET,4
2861,PUNCT CCONJ INTJ,33
2862,NOUN ADJ PRON,18
2863,ADP X DET,6
2864,VERB CCONJ X,4
2865,PART DET AUX,13
2866,ADJ PART CCONJ,4
2867,DET NOUN SYM,178
2868,AUX SCONJ NUM,16
2869,PART CCONJ NUM,6
2870,SCONJ SCONJ PUNCT,9
2871,DET SCONJ NOUN,9
2872,ADP ADJ _,3
2873,ADV NUM DET,8
2874,INTJ PROPN ADV,3
2875,PRON VERB INTJ,20
2876,VERB INTJ PRON,5
2877,VERB PART PROPN,9
2878,PROPN ADJ VERB,21
2879,SYM PROPN ADJ,12
2880,SYM ADJ ADJ,17
2881,PRON SCONJ CCONJ,4
2882,DET ADV CCONJ,25
2883,ADV PROPN ADP,51
2884,INTJ AUX DET,4
2885,NOUN NOUN X,30
2886,ADP AUX PART,16
2887,DET SCONJ PRON,36
2888,ADJ AUX PRON,30
2889,CCONJ SCONJ NUM,15
2890,ADP SCONJ ADV,19
2891,PROPN PRON X,2
2892,PRON X PROPN,3
2893,PROPN X ADJ,2
2894,CCONJ AUX PROPN,10
2895,VERB CCONJ INTJ,7
2896,CCONJ INTJ VERB,7
2897,DET DET CCONJ,6
2898,X PROPN ADP,22
2899,DET PRON ADJ,7
2900,X PUNCT PART,16
2901,SYM NOUN VERB,40
2902,ADP X PROPN,7
2903,PUNCT X NOUN,54
2904,X NOUN PROPN,16
2905,X X ADP,8
2906,NUM VERB PRON,24
2907,ADP AUX CCONJ,3
2908,AUX CCONJ PROPN,5
2909,ADP AUX PROPN,22
2910,ADV PRON NOUN,20
2911,PRON ADJ PROPN,19
2912,PART ADJ AUX,15
2913,CCONJ ADJ PRON,18
2914,SCONJ PRON NOUN,16
2915,ADJ NUM SCONJ,5
2916,NOUN PROPN PRON,33
2917,VERB DET PART,33
2918,PUNCT INTJ DET,13
2919,INTJ DET NOUN,21
2920,INTJ NOUN PUNCT,23
2921,PUNCT INTJ X,4
2922,INTJ X ADJ,1
2923,CCONJ SCONJ PART,7
2924,X AUX ADP,1
2925,NOUN X VERB,19
2926,X VERB PART,5
2927,ADV NOUN _,3
2928,PART SCONJ PROPN,6
2929,INTJ PUNCT ADJ,45
2930,CCONJ DET PART,8
2931,DET PART SCONJ,2
2932,PRON PUNCT INTJ,29
2933,PROPN PRON SYM,2
2934,SYM PRON ADV,3
2935,PUNCT X ADP,10
2936,SCONJ AUX NOUN,15
2937,PROPN PUNCT SYM,114
2938,NUM SYM SYM,2
2939,SYM SYM NUM,2
2940,NOUN NUM SCONJ,5
2941,ADP ADV _,5
2942,AUX PUNCT INTJ,21
2943,PRON NUM PUNCT,6
2944,PART ADJ PRON,27
2945,CCONJ VERB INTJ,9
2946,DET VERB X,1
2947,VERB X X,3
2948,X ADP NUM,2
2949,INTJ VERB INTJ,1
2950,VERB INTJ PROPN,3
2951,PART PRON ADP,11
2952,PART SCONJ NOUN,10
2953,NUM AUX PUNCT,15
2954,DET ADP SCONJ,4
2955,ADV CCONJ PUNCT,13
2956,AUX AUX X,1
2957,AUX X X,4
2958,X NOUN SCONJ,1
2959,ADJ ADV PROPN,14
2960,AUX PUNCT AUX,50
2961,SYM NOUN ADJ,8
2962,X ADP CCONJ,1
2963,VERB SYM VERB,36
2964,SYM VERB PROPN,4
2965,ADJ PART ADP,10
2966,NOUN PRON SYM,6
2967,AUX ADV _,9
2968,PRON PRON SCONJ,5
2969,INTJ VERB PART,8
2970,PART PRON CCONJ,3
2971,ADP CCONJ SYM,11
2972,PART PRON ADJ,26
2973,AUX DET INTJ,1
2974,DET INTJ ADP,2
2975,INTJ ADP NOUN,25
2976,CCONJ INTJ ADP,5
2977,AUX PROPN DET,19
2978,SCONJ AUX CCONJ,1
2979,AUX CCONJ NUM,3
2980,AUX CCONJ ADV,35
2981,DET ADP _,1
2982,AUX NUM PRON,9
2983,PUNCT PRON X,4
2984,PRON X PUNCT,2
2985,ADJ ADJ DET,12
2986,PROPN PRON ADJ,5
2987,ADJ VERB _,2
2988,PART NUM CCONJ,5
2989,PUNCT PART SYM,1
2990,SYM PROPN SYM,67
2991,PROPN SYM VERB,7
2992,SYM VERB DET,12
2993,SCONJ INTJ PUNCT,6
2994,ADV AUX CCONJ,14
2995,INTJ VERB SCONJ,8
2996,PUNCT ADJ SYM,19
2997,SYM ADJ PUNCT,20
2998,ADJ CCONJ SYM,45
2999,SCONJ DET X,5
3000,DET X X,27
3001,PROPN DET X,8
3002,DET PROPN X,25
3003,DET NUM DET,5
3004,ADV PROPN SYM,10
3005,DET SCONJ ADJ,10
3006,NOUN X _,32
3007,NUM PRON PUNCT,4
3008,ADJ NUM DET,11
3009,X PROPN X,20
3010,ADJ VERB SYM,1
3011,VERB SYM NOUN,24
3012,SYM NOUN DET,12
3013,PROPN DET CCONJ,2
3014,PROPN VERB INTJ,7
3015,VERB INTJ VERB,4
3016,PROPN X NOUN,19
3017,X NOUN VERB,7
3018,NUM DET ADP,14
3019,SCONJ NUM DET,12
3020,NOUN X X,30
3021,X X CCONJ,5
3022,X CCONJ ADJ,1
3023,AUX NOUN NUM,14
3024,CCONJ PRON ADJ,31
3025,AUX NOUN _,11
3026,PRON CCONJ PUNCT,5
3027,ADV PROPN PRON,13
3028,ADV NOUN SYM,5
3029,NOUN SYM PRON,1
3030,DET NOUN X,42
3031,NOUN X NOUN,14
3032,NUM VERB ADV,38
3033,ADV DET CCONJ,5
3034,DET CCONJ NOUN,8
3035,PART CCONJ ADJ,15
3036,NOUN DET SCONJ,7
3037,DET SCONJ ADV,6
3038,PROPN SCONJ PART,4
3039,ADP AUX AUX,4
3040,PUNCT VERB _,18
3041,DET ADP SYM,6
3042,NOUN PART SCONJ,16
3043,ADP DET _,12
3044,NOUN DET _,1
3045,SCONJ PROPN PRON,29
3046,CCONJ INTJ AUX,4
3047,PRON CCONJ SYM,11
3048,SCONJ ADV CCONJ,14
3049,CCONJ NOUN X,6
3050,NUM PART PRON,1
3051,PROPN PRON CCONJ,9
3052,NOUN PART PRON,7
3053,SYM PROPN AUX,96
3054,SYM PROPN VERB,140
3055,VERB NOUN SYM,32
3056,PUNCT DET INTJ,4
3057,DET INTJ NOUN,3
3058,NOUN X ADJ,5
3059,X ADJ ADJ,2
3060,DET ADV PART,13
3061,NOUN NUM PART,7
3062,DET NUM PRON,13
3063,PUNCT VERB INTJ,10
3064,VERB INTJ NOUN,4
3065,INTJ NOUN PROPN,4
3066,PROPN PROPN INTJ,27
3067,PROPN INTJ VERB,8
3068,NOUN ADV X,3
3069,ADV X PUNCT,7
3070,ADJ NUM _,4
3071,INTJ AUX ADV,6
3072,SCONJ PUNCT X,4
3073,NUM CCONJ SCONJ,6
3074,CCONJ PRON PROPN,12
3075,NUM CCONJ PART,8
3076,PART CCONJ ADV,4
3077,DET PART PART,1
3078,CCONJ NUM DET,8
3079,SYM NOUN PRON,19
3080,PART PROPN SCONJ,6
3081,NUM SCONJ NOUN,14
3082,PUNCT DET SCONJ,25
3083,SCONJ NUM SCONJ,13
3084,AUX PRON SYM,2
3085,PRON SYM DET,3
3086,PROPN SYM PRON,5
3087,SYM PRON AUX,12
3088,AUX ADP SCONJ,5
3089,SCONJ CCONJ ADV,7
3090,ADJ SYM NOUN,31
3091,X VERB AUX,3
3092,ADV PRON SYM,4
3093,NOUN INTJ _,3
3094,INTJ _ _,19
3095,PROPN VERB X,11
3096,ADV PROPN ADJ,7
3097,PUNCT INTJ ADJ,10
3098,INTJ ADJ SCONJ,1
3099,X X DET,8
3100,X DET AUX,4
3101,PRON PART DET,7
3102,VERB NOUN X,12
3103,CCONJ INTJ DET,4
3104,INTJ DET ADV,3
3105,INTJ PROPN VERB,18
3106,PRON DET PART,6
3107,ADV DET X,5
3108,SCONJ PROPN X,3
3109,VERB ADP INTJ,7
3110,PUNCT ADV INTJ,17
3111,ADV INTJ PUNCT,20
3112,INTJ INTJ INTJ,24
3113,NUM ADV CCONJ,3
3114,ADJ PUNCT SYM,26
3115,CCONJ PRON _,3
3116,CCONJ CCONJ X,1
3117,CCONJ CCONJ NOUN,4
3118,ADJ PRON DET,18
3119,PART DET PRON,21
3120,ADJ ADV _,5
3121,INTJ ADJ PUNCT,9
3122,VERB PART SCONJ,16
3123,NOUN NUM ADV,13
3124,VERB NUM PRON,6
3125,ADP X _,44
3126,CCONJ DET CCONJ,6
3127,SYM NOUN SYM,33
3128,SCONJ AUX AUX,14
3129,ADJ ADJ SYM,11
3130,VERB ADJ INTJ,3
3131,ADJ INTJ ADP,2
3132,INTJ ADP DET,28
3133,PROPN NOUN INTJ,6
3134,NOUN INTJ ADJ,2
3135,NOUN ADV INTJ,9
3136,ADV INTJ VERB,14
3137,NUM PART ADP,6
3138,INTJ ADV PUNCT,14
3139,INTJ NOUN ADV,1
3140,PRON PRON PROPN,7
3141,CCONJ INTJ INTJ,2
3142,ADV AUX INTJ,4
3143,AUX INTJ VERB,2
3144,INTJ VERB PUNCT,17
3145,DET AUX X,1
3146,AUX X PUNCT,2
3147,PROPN ADV INTJ,1
3148,ADV INTJ PROPN,2
3149,ADJ PART PROPN,2
3150,NUM ADJ SCONJ,9
3151,AUX CCONJ ADJ,18
3152,AUX DET _,4
3153,PART CCONJ SYM,3
3154,CCONJ CCONJ ADP,3
3155,DET X VERB,1
3156,PRON ADJ PRON,7
3157,PUNCT NOUN X,50
3158,PROPN INTJ PUNCT,11
3159,SCONJ PRON SYM,5
3160,SCONJ NOUN SYM,5
3161,SYM ADJ SYM,7
3162,SYM ADJ PART,2
3163,NUM DET PRON,5
3164,ADJ DET ADV,17
3165,NUM PROPN PRON,19
3166,PUNCT X CCONJ,6
3167,X CCONJ X,4
3168,AUX VERB X,8
3169,VERB X ADP,3
3170,ADV CCONJ SYM,27
3171,NUM PART CCONJ,10
3172,INTJ AUX ADJ,12
3173,PUNCT NUM PRON,10
3174,NUM PRON ADP,4
3175,PROPN AUX _,2
3176,PRON NUM PROPN,3
3177,NUM ADJ X,1
3178,ADJ X DET,4
3179,X DET PRON,3
3180,ADP INTJ ADV,2
3181,ADV SCONJ CCONJ,4
3182,SCONJ VERB NUM,13
3183,VERB PRON SYM,18
3184,PUNCT DET _,4
3185,X X VERB,3
3186,PROPN X _,22
3187,INTJ INTJ ADV,2
3188,INTJ ADV AUX,2
3189,ADV PROPN SCONJ,6
3190,PUNCT ADP SCONJ,12
3191,CCONJ SCONJ SCONJ,7
3192,X SYM NUM,6
3193,SCONJ ADJ PRON,6
3194,PROPN X PART,1
3195,X PART AUX,1
3196,ADV NOUN X,1
3197,NOUN NUM PRON,2
3198,ADP NOUN X,14
3199,X NOUN CCONJ,7
3200,ADV DET PART,7
3201,VERB ADV X,3
3202,ADJ PRON PART,5
3203,ADP CCONJ PUNCT,7
3204,NOUN AUX INTJ,7
3205,AUX INTJ PRON,1
3206,NOUN NOUN INTJ,7
3207,ADP PRON SYM,10
3208,SYM PRON PUNCT,2
3209,ADP AUX PRON,5
3210,ADP SYM AUX,1
3211,SYM AUX PRON,2
3212,NUM SYM AUX,1
3213,X ADJ PUNCT,4
3214,ADJ AUX PUNCT,16
3215,VERB PRON INTJ,17
3216,PRON INTJ PRON,1
3217,DET PART ADJ,7
3218,AUX SCONJ PART,9
3219,SCONJ PRON SCONJ,16
3220,PROPN PRON SCONJ,1
3221,SCONJ PROPN SYM,10
3222,CCONJ SCONJ AUX,6
3223,PART PRON ADV,23
3224,X VERB PRON,5
3225,INTJ DET AUX,8
3226,CCONJ CCONJ AUX,2
3227,PUNCT INTJ CCONJ,5
3228,INTJ CCONJ SYM,2
3229,X VERB ADP,13
3230,DET PART DET,7
3231,SCONJ AUX ADP,15
3232,NOUN X PART,2
3233,X PART ADJ,1
3234,NUM ADV NOUN,14
3235,INTJ PRON ADV,5
3236,SYM ADJ X,2
3237,ADJ X PUNCT,7
3238,PRON SCONJ _,1
3239,AUX NUM DET,14
3240,ADV CCONJ CCONJ,2
3241,DET PRON SCONJ,2
3242,DET ADJ INTJ,1
3243,ADJ INTJ PRON,2
3244,PUNCT INTJ _,10
3245,CCONJ PART CCONJ,6
3246,PART CCONJ X,1
3247,X PROPN DET,8
3248,X DET PROPN,9
3249,NOUN PRON PROPN,15
3250,INTJ ADP VERB,4
3251,INTJ ADP PROPN,31
3252,AUX PROPN SCONJ,6
3253,PRON PROPN NUM,2
3254,NUM SYM PROPN,13
3255,CCONJ NOUN SYM,6
3256,ADP CCONJ CCONJ,1
3257,CCONJ CCONJ ADV,4
3258,PRON PRON ADJ,6
3259,X ADJ SCONJ,3
3260,VERB PART NUM,8
3261,ADP SCONJ AUX,4
3262,PART SCONJ NUM,1
3263,AUX NOUN SYM,7
3264,NUM PART ADV,9
3265,PART PROPN SYM,5
3266,PROPN AUX X,2
3267,X PROPN SCONJ,2
3268,CCONJ PUNCT AUX,17
3269,DET PART ADP,5
3270,NOUN NUM _,38
3271,X DET VERB,6
3272,AUX ADJ X,3
3273,ADJ X NUM,1
3274,PUNCT INTJ ADP,33
3275,DET X INTJ,1
3276,X INTJ VERB,1
3277,AUX VERB INTJ,6
3278,AUX INTJ CCONJ,1
3279,INTJ CCONJ SCONJ,1
3280,VERB SCONJ SYM,17
3281,SCONJ SYM ADV,2
3282,SYM ADV DET,1
3283,INTJ NOUN PRON,1
3284,PART ADP SCONJ,2
3285,SCONJ ADP PART,2
3286,SCONJ ADV _,2
3287,NOUN INTJ VERB,8
3288,VERB AUX SYM,4
3289,AUX SYM AUX,1
3290,SYM AUX AUX,1
3291,ADV VERB X,4
3292,PART NUM PART,5
3293,PART PART PUNCT,8
3294,NUM PROPN SCONJ,12
3295,VERB AUX CCONJ,16
3296,PART VERB INTJ,10
3297,VERB INTJ ADP,22
3298,NUM CCONJ PUNCT,6
3299,CCONJ X PROPN,2
3300,VERB ADJ X,3
3301,ADJ X NOUN,7
3302,ADJ PRON PROPN,3
3303,ADV PART NOUN,17
3304,NOUN NUM X,1
3305,NUM DET NUM,3
3306,AUX ADV INTJ,4
3307,ADV INTJ NOUN,2
3308,INTJ NOUN PART,3
3309,PUNCT INTJ PART,1
3310,INTJ PART VERB,3
3311,CCONJ CCONJ PRON,3
3312,PART CCONJ ADP,3
3313,VERB X NOUN,6
3314,X NOUN PRON,6
3315,X ADV PROPN,1
3316,INTJ SCONJ PRON,13
3317,CCONJ ADP SCONJ,4
3318,CCONJ SYM PROPN,41
3319,SYM NOUN AUX,25
3320,PROPN ADJ X,2
3321,ADJ X X,6
3322,SCONJ PRON X,1
3323,PRON X VERB,3
3324,INTJ PART PRON,1
3325,ADV AUX _,3
3326,INTJ PUNCT X,1
3327,PROPN INTJ ADP,4
3328,NOUN X ADV,2
3329,X ADV PRON,2
3330,PROPN ADJ AUX,5
3331,NOUN VERB X,9
3332,ADP ADP INTJ,1
3333,ADP INTJ NUM,1
3334,PROPN INTJ NUM,2
3335,PART NOUN X,4
3336,DET PUNCT X,8
3337,CCONJ AUX SCONJ,11
3338,SCONJ PRON INTJ,5
3339,DET CCONJ PART,5
3340,ADV PRON PART,12
3341,PART NUM ADV,3
3342,DET PRON PRON,20
3343,INTJ VERB VERB,13
3344,NOUN ADJ NUM,10
3345,INTJ ADV PRON,13
3346,ADP PART SCONJ,2
3347,PART ADP ADV,2
3348,SCONJ SCONJ AUX,1
3349,PRON INTJ CCONJ,2
3350,INTJ CCONJ DET,5
3351,INTJ PART NOUN,1
3352,ADV ADV INTJ,6
3353,SCONJ NUM PRON,6
3354,CCONJ PUNCT CCONJ,12
3355,ADJ PRON CCONJ,2
3356,PART ADV CCONJ,13
3357,DET CCONJ SCONJ,2
3358,SCONJ CCONJ PUNCT,1
3359,SYM PROPN PART,58
3360,X NOUN AUX,6
3361,ADV NUM PRON,4
3362,ADV PART CCONJ,2
3363,INTJ DET VERB,3
3364,PUNCT SYM PUNCT,10
3365,PART SCONJ SCONJ,8
3366,INTJ NOUN NUM,1
3367,PUNCT X PRON,8
3368,X PRON AUX,9
3369,PRON NUM ADJ,5
3370,PART X VERB,1
3371,X VERB SCONJ,6
3372,NUM PART PART,5
3373,PROPN DET PART,2
3374,PRON DET CCONJ,10
3375,SYM ADJ CCONJ,3
3376,PART PART ADV,16
3377,ADP PART NOUN,5
3378,ADP PART PRON,1
3379,X ADP ADJ,4
3380,PRON ADJ SYM,2
3381,SYM ADJ ADP,3
3382,SCONJ ADP CCONJ,6
3383,PART NOUN SYM,5
3384,PUNCT SCONJ CCONJ,11
3385,PROPN X PRON,6
3386,X PRON PROPN,2
3387,PRON INTJ PROPN,1
3388,X PRON ADJ,1
3389,CCONJ PROPN X,8
3390,PRON NOUN SCONJ,13
3391,INTJ ADJ PROPN,6
3392,ADV PART PROPN,4
3393,ADJ ADJ INTJ,1
3394,ADV INTJ DET,1
3395,PROPN X VERB,7
3396,X VERB NOUN,8
3397,SCONJ NUM PART,5
3398,AUX AUX AUX,11
3399,AUX ADP SYM,9
3400,VERB X PRON,2
3401,X PRON VERB,7
3402,PART ADP CCONJ,1
3403,X X INTJ,1
3404,X INTJ PUNCT,4
3405,ADV VERB INTJ,3
3406,PART PRON NOUN,9
3407,DET ADP PART,2
3408,ADP CCONJ PART,9
3409,PRON SYM NUM,4
3410,PROPN INTJ PROPN,12
3411,SYM NOUN SCONJ,6
3412,INTJ CCONJ PRON,5
3413,PUNCT X SCONJ,4
3414,X SCONJ PRON,3
3415,INTJ INTJ PROPN,3
3416,AUX PART _,1
3417,ADP DET INTJ,4
3418,DET INTJ VERB,1
3419,NOUN X ADP,11
3420,INTJ VERB CCONJ,7
3421,INTJ VERB ADV,13
3422,ADJ VERB NUM,7
3423,ADP NOUN INTJ,2
3424,NOUN INTJ NOUN,2
3425,DET PRON ADP,4
3426,SCONJ VERB X,1
3427,DET ADP AUX,1
3428,SCONJ PUNCT INTJ,12
3429,INTJ PROPN DET,4
3430,PRON NOUN X,2
3431,NUM NOUN X,4
3432,INTJ INTJ NOUN,4
3433,INTJ NOUN X,4
3434,PUNCT PROPN INTJ,12
3435,PRON PRON INTJ,1
3436,PRON INTJ INTJ,1
3437,ADV INTJ ADJ,3
3438,DET CCONJ ADP,5
3439,ADJ ADJ _,3
3440,SYM NOUN PART,8
3441,PUNCT INTJ SCONJ,2
3442,INTJ SCONJ DET,1
3443,NOUN SYM VERB,11
3444,SYM VERB ADV,3
3445,INTJ ADV NUM,1
3446,ADV INTJ CCONJ,3
3447,DET PRON SYM,3
3448,X PROPN PART,6
3449,VERB X ADJ,2
3450,ADP VERB INTJ,1
3451,ADV X X,4
3452,ADV DET SCONJ,5
3453,INTJ ADJ NOUN,8
3454,PART CCONJ SCONJ,1
3455,ADJ PART SCONJ,3
3456,VERB DET X,10
3457,CCONJ AUX _,1
3458,DET X PUNCT,7
3459,PART PRON PART,5
3460,SCONJ CCONJ SYM,1
3461,ADJ PROPN X,7
3462,INTJ ADP ADV,1
3463,NOUN INTJ ADV,4
3464,INTJ ADV ADP,6
3465,ADJ INTJ PUNCT,7
3466,AUX PART INTJ,3
3467,PART INTJ PRON,2
3468,INTJ PROPN AUX,8
3469,CCONJ ADV X,1
3470,INTJ ADV NOUN,2
3471,X PROPN PRON,3
3472,DET PRON NOUN,7
3473,DET PUNCT PART,13
3474,CCONJ PRON INTJ,1
3475,NOUN AUX X,4
3476,SCONJ ADJ DET,6
3477,SYM PROPN PRON,13
3478,AUX ADJ SYM,10
3479,X X _,4
3480,PROPN X INTJ,5
3481,X INTJ PROPN,3
3482,PUNCT PUNCT SYM,51
3483,NUM SCONJ ADV,2
3484,SCONJ DET SCONJ,8
3485,SYM VERB VERB,3
3486,ADJ ADJ X,3
3487,PART SCONJ AUX,1
3488,NUM SYM DET,1
3489,NUM SYM ADP,4
3490,SYM ADP NOUN,8
3491,X ADV NUM,1
3492,SCONJ NOUN X,2
3493,X X AUX,2
3494,X AUX PART,2
3495,ADJ PRON NOUN,3
3496,DET PART NOUN,5
3497,AUX NUM X,2
3498,NUM X ADJ,1
3499,X ADJ CCONJ,1
3500,PART AUX X,1
3501,AUX X DET,1
3502,ADP ADJ INTJ,2
3503,ADJ INTJ VERB,1
3504,NOUN PART X,2
3505,PART X X,2
3506,INTJ ADJ INTJ,1
3507,ADJ X ADV,1
3508,X ADV X,1
3509,ADV X PROPN,2
3510,PRON PRON CCONJ,3
3511,CCONJ ADV INTJ,4
3512,CCONJ SYM NOUN,27
3513,VERB NOUN INTJ,3
3514,INTJ SCONJ NOUN,2
3515,SYM VERB PUNCT,7
3516,ADJ ADJ PRON,3
3517,AUX CCONJ PART,11
3518,ADJ ADP X,9
3519,NUM CCONJ X,2
3520,CCONJ NUM PRON,3
3521,INTJ ADV _,1
3522,ADJ AUX CCONJ,1
3523,INTJ ADV CCONJ,1
3524,CCONJ INTJ PRON,9
3525,DET ADJ X,7
3526,VERB INTJ DET,2
3527,DET SCONJ SCONJ,3
3528,DET SCONJ NUM,4
3529,CCONJ CCONJ PART,1
3530,DET ADV X,1
3531,ADV ADV X,2
3532,ADV X ADP,1
3533,DET NUM SCONJ,4
3534,SYM PROPN DET,21
3535,X VERB VERB,3
3536,INTJ AUX ADP,3
3537,X CCONJ ADP,1
3538,ADP ADP SCONJ,3
3539,DET ADV _,2
3540,INTJ ADP ADJ,7
3541,NOUN INTJ ADP,1
3542,SCONJ CCONJ ADP,3
3543,NOUN VERB INTJ,9
3544,CCONJ DET SCONJ,3
3545,VERB PRON X,2
3546,PRON ADV X,2
3547,INTJ NOUN AUX,5
3548,ADV PART SCONJ,5
3549,NUM ADP PART,2
3550,PRON INTJ ADJ,2
3551,INTJ ADJ ADP,2
3552,PRON INTJ PUNCT,5
3553,NOUN SYM CCONJ,2
3554,SYM CCONJ NOUN,1
3555,SYM ADJ VERB,2
3556,X X SCONJ,1
3557,X SCONJ NUM,1
3558,NUM PART DET,2
3559,INTJ CCONJ INTJ,5
3560,INTJ CCONJ ADJ,1
3561,NUM PRON ADV,7
3562,SYM ADJ PROPN,7
3563,CCONJ SCONJ INTJ,1
3564,CCONJ X AUX,2
3565,X X PRON,1
3566,PART SCONJ VERB,3
3567,DET NUM X,1
3568,NUM X X,4
3569,NUM ADV X,1
3570,ADV X NOUN,3
3571,CCONJ ADJ SYM,3
3572,PRON CCONJ INTJ,1
3573,ADV ADP _,3
3574,PUNCT PART _,3
3575,SCONJ X PUNCT,9
3576,DET SYM NOUN,52
3577,PROPN ADJ _,4
3578,PRON AUX SYM,2
3579,PUNCT SCONJ INTJ,4
3580,SCONJ INTJ VERB,1
3581,VERB DET INTJ,1
3582,DET INTJ ADJ,1
3583,VERB X PROPN,8
3584,SYM VERB ADP,12
3585,ADJ PRON ADP,6
3586,PUNCT ADJ _,11
3587,NOUN X CCONJ,2
3588,INTJ PRON PROPN,2
3589,PRON INTJ NOUN,4
3590,INTJ NOUN ADP,10
3591,ADV PART PART,8
3592,CCONJ X _,3
3593,PROPN INTJ _,1
3594,ADJ PART DET,1
3595,SYM PROPN SCONJ,32
3596,PROPN INTJ INTJ,2
3597,AUX ADV X,2
3598,X VERB PROPN,2
3599,DET SCONJ VERB,8
3600,VERB INTJ AUX,3
3601,CCONJ INTJ ADJ,1
3602,INTJ ADJ AUX,1
3603,SCONJ VERB SYM,3
3604,X PRON ADV,2
3605,PRON ADJ _,5
3606,PROPN PRON NUM,1
3607,VERB SCONJ X,2
3608,PART ADV X,1
3609,ADV ADP PART,4
3610,PRON PART ADP,2
3611,X CCONJ DET,4
3612,VERB SYM PROPN,108
3613,ADJ SCONJ X,5
3614,ADJ PROPN INTJ,2
3615,VERB PUNCT SYM,39
3616,DET PUNCT SYM,12
3617,PUNCT SYM ADJ,17
3618,SCONJ ADP X,1
3619,ADP PUNCT SYM,8
3620,SYM NOUN _,50
3621,PRON PUNCT SYM,18
3622,AUX PUNCT X,3
3623,X PUNCT SYM,10
3624,VERB SYM ADJ,11
3625,DET DET SCONJ,5
3626,SYM VERB CCONJ,3
3627,SCONJ ADV INTJ,1
3628,ADV INTJ ADP,3
3629,X CCONJ ADV,1
3630,PROPN AUX INTJ,3
3631,AUX INTJ DET,1
3632,DET CCONJ NUM,5
3633,PART PROPN X,3
3634,AUX CCONJ SYM,4
3635,SYM ADJ SCONJ,3
3636,SYM ADV NUM,1
3637,NUM SCONJ AUX,2
3638,NUM SCONJ CCONJ,1
3639,INTJ ADJ NUM,2
3640,INTJ PRON PRON,1
3641,ADP ADP X,2
3642,X ADP ADV,1
3643,ADP X VERB,11
3644,X VERB _,2
3645,VERB VERB X,4
3646,ADJ SYM PROPN,42
3647,SCONJ SYM NOUN,10
3648,CCONJ DET X,2
3649,AUX DET X,3
3650,X NOUN ADV,1
3651,INTJ ADV DET,4
3652,NOUN PART SYM,1
3653,NOUN ADP INTJ,4
3654,ADP INTJ PROPN,5
3655,AUX PRON _,3
3656,ADV INTJ NUM,1
3657,INTJ NUM ADV,1
3658,PROPN ADP INTJ,1
3659,ADJ DET X,1
3660,X PROPN ADJ,2
3661,ADP CCONJ INTJ,1
3662,NOUN DET X,2
3663,VERB PROPN INTJ,1
3664,CCONJ PRON SYM,2
3665,PRON DET _,2
3666,SYM NUM PRON,1
3667,AUX AUX SYM,1
3668,AUX SYM NOUN,2
3669,CCONJ SYM ADJ,5
3670,PUNCT X SYM,10
3671,X SYM PROPN,12
3672,NUM SCONJ PART,1
3673,X NOUN X,1
3674,PROPN INTJ NOUN,4
3675,ADV PRON NUM,2
3676,AUX ADP AUX,3
3677,PRON SYM PROPN,13
3678,VERB INTJ CCONJ,4
3679,INTJ CCONJ ADV,2
3680,VERB SYM PRON,1
3681,SYM PRON SCONJ,1
3682,INTJ SYM NOUN,2
3683,NOUN X DET,9
3684,X DET ADP,1
3685,ADP INTJ SYM,1
3686,INTJ SYM VERB,1
3687,ADV X NUM,1
3688,NUM ADJ PART,2
3689,DET X AUX,3
3690,INTJ X PROPN,6
3691,PUNCT ADP INTJ,2
3692,ADP INTJ PRON,2
3693,DET INTJ PUNCT,2
3694,PART NUM VERB,7
3695,CCONJ AUX CCONJ,1
3696,CCONJ X VERB,2
3697,PUNCT SYM X,24
3698,SYM X NOUN,2
3699,PROPN INTJ ADV,3
3700,INTJ ADV PROPN,3
3701,ADP X PART,6
3702,NUM VERB _,2
3703,NOUN ADJ INTJ,2
3704,CCONJ DET INTJ,1
3705,DET INTJ ADV,1
3706,PRON SCONJ SYM,1
3707,X PART NOUN,2
3708,VERB X VERB,7
3709,AUX CCONJ PUNCT,1
3710,CCONJ NUM SCONJ,4
3711,VERB NUM INTJ,1
3712,NUM INTJ PUNCT,3
3713,CCONJ INTJ CCONJ,2
3714,INTJ CCONJ PROPN,3
3715,NUM PRON CCONJ,2
3716,PART PART ADP,1
3717,NUM SYM CCONJ,2
3718,SYM CCONJ VERB,2
3719,INTJ AUX PRON,2
3720,ADV PUNCT SYM,29
3721,X VERB CCONJ,1
3722,SYM NOUN NUM,1
3723,PRON PROPN _,3
3724,INTJ DET PROPN,4
3725,CCONJ PART _,2
3726,NUM SYM PUNCT,2
3727,NUM SYM _,1
3728,SYM _ _,1
3729,PART PRON SCONJ,1
3730,NUM AUX PRON,2
3731,ADP VERB X,1
3732,SYM ADP NUM,1
3733,ADP NUM INTJ,3
3734,NUM INTJ VERB,2
3735,INTJ PRON X,2
3736,PRON X X,2
3737,PROPN SYM DET,1
3738,SYM DET PROPN,1
3739,VERB PROPN X,7
3740,INTJ PROPN SCONJ,2
3741,ADP SYM ADP,8
3742,PUNCT ADP _,4
3743,VERB CCONJ CCONJ,3
3744,ADV SCONJ X,1
3745,X DET X,4
3746,INTJ X X,3
3747,VERB SCONJ INTJ,1
3748,SCONJ INTJ DET,1
3749,INTJ DET ADJ,3
3750,X INTJ X,1
3751,INTJ PROPN X,1
3752,PUNCT DET X,4
3753,PRON PROPN SCONJ,2
3754,PRON NOUN NUM,2
3755,NOUN X SCONJ,2
3756,AUX X CCONJ,1
3757,ADV AUX X,2
3758,AUX X NUM,1
3759,PROPN DET SYM,1
3760,NOUN X AUX,3
3761,X AUX NOUN,1
3762,PART ADJ _,7
3763,ADJ SYM PART,1
3764,SYM PART NOUN,1
3765,X AUX DET,4
3766,PUNCT ADJ X,4
3767,X X ADJ,7
3768,X AUX ADJ,1
3769,DET VERB INTJ,2
3770,AUX INTJ ADV,3
3771,ADP ADJ X,4
3772,PRON PART INTJ,1
3773,PART INTJ VERB,2
3774,X CCONJ PRON,2
3775,AUX PROPN SYM,2
3776,CCONJ VERB X,4
3777,VERB X DET,3
3778,ADP PART PUNCT,5
3779,NOUN INTJ PROPN,6
3780,PROPN INTJ ADJ,2
3781,PART NUM SCONJ,1
3782,X SCONJ DET,5
3783,PUNCT X INTJ,2
3784,AUX INTJ ADP,2
3785,SCONJ SYM PROPN,28
3786,CCONJ ADV _,3
3787,DET DET X,1
3788,SCONJ X VERB,1
3789,NUM X PUNCT,1
3790,PUNCT SYM ADP,6
3791,ADJ ADV X,1
3792,ADV X _,2
3793,SYM VERB PRON,6
3794,ADJ PRON ADJ,3
3795,PUNCT AUX INTJ,1
3796,PROPN NUM X,2
3797,NUM X PROPN,1
3798,NOUN SCONJ INTJ,2
3799,SCONJ INTJ PRON,1
3800,SYM PUNCT CCONJ,2
3801,SYM ADJ AUX,1
3802,NUM NUM PRON,1
3803,DET CCONJ X,1
3804,SCONJ X CCONJ,3
3805,X CCONJ PUNCT,2
3806,PART NUM _,2
3807,INTJ DET NUM,1
3808,SYM ADP PROPN,1
3809,ADP ADV INTJ,1
3810,ADV INTJ _,1
3811,NUM PRON PRON,2
3812,CCONJ X ADJ,1
3813,AUX DET SCONJ,9
3814,PROPN ADJ DET,1
3815,NUM ADP CCONJ,1
3816,PART AUX SYM,2
3817,X CCONJ NOUN,5
3818,PUNCT SCONJ X,2
3819,SYM VERB SYM,2
3820,NUM NOUN INTJ,2
3821,ADV INTJ PRON,3
3822,ADV SYM PROPN,19
3823,NOUN X PRON,1
3824,VERB X SCONJ,1
3825,VERB SYM AUX,1
3826,SYM AUX DET,1
3827,VERB ADV INTJ,1
3828,X NOUN _,5
3829,NUM ADP X,1
3830,DET PROPN INTJ,1
3831,INTJ PROPN _,3
3832,X NOUN PART,1
3833,SCONJ INTJ ADV,1
3834,ADP PRON INTJ,3
3835,NOUN PROPN INTJ,2
3836,NOUN INTJ INTJ,1
3837,INTJ INTJ X,1
3838,ADV NUM _,1
3839,PRON NOUN _,3
3840,PUNCT INTJ SYM,1
3841,PART CCONJ PART,1
3842,PUNCT NOUN INTJ,3
3843,X CCONJ NUM,1
3844,NUM ADJ _,9
3845,PROPN ADV X,2
3846,ADV INTJ SCONJ,1
3847,SYM PROPN X,7
3848,X X SYM,1
3849,SYM ADV PUNCT,2
3850,NUM AUX CCONJ,4
3851,NOUN CCONJ INTJ,6
3852,ADV PRON _,2
3853,PART DET SYM,2
3854,AUX ADP _,1
3855,SCONJ ADP AUX,2
3856,SCONJ INTJ CCONJ,1
3857,ADP INTJ INTJ,1
3858,NOUN PART INTJ,1
3859,PART INTJ PUNCT,1
3860,VERB PART _,2
3861,NOUN PART _,1
3862,PUNCT SYM VERB,6
3863,SYM VERB _,7
3864,PRON AUX X,1
3865,AUX X PROPN,1
3866,PART ADJ SYM,1
3867,ADJ SYM PUNCT,3
3868,SYM PUNCT _,17
3869,PUNCT ADV X,1
3870,NUM AUX SYM,1
3871,PART NOUN INTJ,1
3872,PROPN CCONJ INTJ,7
3873,NUM ADP SCONJ,1
3874,ADP PART ADP,1
3875,SYM CCONJ PROPN,1
3876,X SCONJ ADP,2
3877,NOUN SYM X,6
3878,SYM X _,23
3879,SYM SYM PUNCT,2
3880,SYM PUNCT ADP,1
3881,DET NUM _,3
3882,ADP PRON X,1
3883,PRON X _,1
3884,NUM DET DET,3
3885,PRON NUM DET,1
3886,SYM X PUNCT,12
3887,ADP PROPN INTJ,2
3888,PRON CCONJ X,2
3889,SCONJ ADJ SYM,2
3890,VERB SYM PUNCT,3
3891,ADP SYM VERB,6
3892,SYM VERB X,1
3893,INTJ PRON NOUN,1
3894,PROPN ADV SYM,2
3895,ADV SYM NOUN,4
3896,PUNCT ADJ INTJ,4
3897,ADJ INTJ CCONJ,1
3898,SYM ADP DET,6
3899,ADP SYM X,4
3900,CCONJ SYM PUNCT,2
3901,NOUN SYM ADV,2
3902,SYM ADV NOUN,4
3903,X ADJ PART,2
3904,PRON SYM ADJ,1
3905,ADJ X ADP,1
3906,PART SYM PROPN,8
3907,X AUX AUX,1
3908,NUM ADJ PRON,2
3909,ADJ PRON SCONJ,1
3910,PRON NUM PRON,1
3911,NUM PRON _,2
3912,PRON DET SYM,4
3913,PRON ADP X,1
3914,CCONJ ADP _,1
3915,NOUN SYM ADP,1
3916,SYM PUNCT PRON,2
3917,INTJ PRON DET,1
3918,SYM ADP PUNCT,2
3919,SYM PUNCT PUNCT,7
3920,ADJ CCONJ X,5
3921,PRON SYM NOUN,2
3922,PROPN DET _,1
3923,AUX SYM X,2
3924,INTJ NOUN ADJ,1
3925,ADJ INTJ INTJ,1
3926,INTJ INTJ ADJ,1
3927,X PART DET,1
3928,CCONJ INTJ SCONJ,1
3929,SYM DET ADV,1
3930,AUX SYM PUNCT,1
3931,NOUN SYM SYM,1
3932,ADJ X _,1
3933,ADP SYM ADV,3
3934,SYM X INTJ,1
3935,X INTJ AUX,1
3936,PRON X ADJ,2
3937,X ADJ _,1
3938,NUM ADJ SYM,3
3939,X DET PUNCT,1
3940,PRON INTJ ADV,4
3941,VERB AUX _,2
3942,INTJ ADJ CCONJ,1
3943,INTJ DET DET,1
3944,DET DET PART,2
3945,PRON PROPN SYM,2
3946,PROPN PRON INTJ,1
3947,ADV CCONJ _,1
3948,CCONJ PART INTJ,1
3949,ADP ADV X,2
3950,ADV X PRON,1
3951,NUM SYM VERB,1
3952,INTJ AUX SCONJ,1
3953,ADJ NUM INTJ,1
3954,X PRON ADP,1
3955,ADJ ADP _,1
3956,ADP SYM ADJ,8
3957,SYM X DET,1
3958,SYM VERB ADJ,5
3959,ADP X AUX,1
3960,DET SYM SYM,1
3961,VERB SYM SYM,2
3962,SYM SYM ADP,1
3963,ADP NUM X,1
3964,SYM ADP PRON,4
3965,PRON SYM ADP,4
3966,SYM ADP ADV,1
3967,SYM ADP CCONJ,1
3968,NUM SYM ADJ,2
3969,DET ADV INTJ,1
3970,NUM ADV _,1
3971,AUX PART SYM,4
3972,CCONJ INTJ NOUN,1
3973,NUM NUM SCONJ,2
3974,PROPN INTJ SCONJ,1
3975,INTJ PROPN PRON,1
3976,AUX X ADV,1
3977,X ADV PUNCT,2
3978,X NOUN DET,1
3979,PROPN DET INTJ,1
3980,PART ADP PART,1
3981,PUNCT SCONJ SYM,3
3982,SYM SYM SYM,2
3983,SYM SYM PART,1
3984,SYM PART VERB,1
3985,NOUN DET SYM,1
3986,PART PRON _,1
3987,SYM ADV SCONJ,1
3988,ADV AUX SYM,4
3989,DET INTJ SCONJ,1
3990,SCONJ NUM _,1
3991,AUX NOUN INTJ,1
3992,AUX PUNCT SYM,4
3993,SYM ADJ _,1
3994,X ADV ADP,1
3995,PRON NUM CCONJ,2
3996,ADV DET _,1
3997,DET SYM VERB,1
3998,ADJ X PROPN,2
3999,PROPN SCONJ CCONJ,1
4000,PUNCT SYM ADV,2
4001,SYM ADV PRON,1
4002,NOUN SYM SCONJ,1
4003,SYM SCONJ DET,1
4004,NUM PRON ADJ,1
4005,ADJ ADP INTJ,2
4006,ADP INTJ ADP,1
4007,ADV SYM VERB,2
4008,VERB INTJ PART,1
4009,SCONJ X PROPN,2
4010,INTJ X _,1
4011,ADP X PRON,1
4012,CCONJ NUM INTJ,1
4013,NUM INTJ DET,1
4014,DET SYM X,1
4015,SYM X PRON,1
4016,X PRON PRON,2
4017,INTJ ADP NUM,1
4018,CCONJ INTJ PROPN,5
4019,X ADP PUNCT,2
4020,SYM ADJ NUM,1
4021,ADJ X ADJ,1
4022,ADV DET SYM,2
4023,NOUN INTJ AUX,1
4024,INTJ PRON ADJ,1
4025,X NOUN ADJ,1
4026,SYM PROPN INTJ,2
4027,DET SYM PRON,1
4028,SYM ADV PART,1
4029,PART DET CCONJ,1
4030,NUM CCONJ CCONJ,1
4031,NUM ADP _,1
4032,AUX X PART,1
4033,AUX PROPN X,3
4034,DET SCONJ AUX,3
4035,NOUN PRON X,2
4036,X DET SYM,1
4037,X ADJ NUM,1
4038,PROPN X SCONJ,1
4039,ADV X PART,1
4040,SYM PRON ADP,2
4041,ADV NUM X,1
4042,X ADP SYM,1
4043,INTJ VERB NUM,2
4044,DET AUX SYM,1
4045,PRON X NOUN,1
4046,AUX INTJ AUX,1
4047,INTJ NOUN VERB,1
4048,SYM ADJ PRON,1
4049,ADJ SCONJ _,1
4050,PART PART DET,1
4051,PART PRON SYM,1
4052,PRON ADV INTJ,1
4053,SYM ADP VERB,1
4054,SYM ADP ADJ,2
4055,PRON SYM ADV,1
4056,SYM ADP AUX,1
4057,PROPN SYM ADV,1
4058,SYM ADV ADV,2
4059,VERB SYM ADP,1
4060,PROPN X ADP,2
4061,PUNCT PRON INTJ,1
4062,DET X ADJ,1
4063,X ADV DET,1
4064,ADV SYM ADP,1
4065,SCONJ ADV SYM,1
4066,SYM PUNCT NOUN,1
4067,ADJ X VERB,1
4068,ADV X VERB,1
4069,NOUN X NUM,2
4070,DET DET SYM,2
4071,X DET DET,2
4072,ADV PART SYM,2
4073,PART SYM VERB,2
4074,PROPN X SYM,1
4075,AUX NUM _,1
4076,CCONJ SYM ADV,1
4077,SYM ADV AUX,1
4078,ADP SYM DET,2
4079,ADJ SCONJ INTJ,2
4080,SCONJ INTJ PROPN,2
4081,PART SYM ADJ,1
4082,ADP INTJ NOUN,1
4083,SCONJ PRON NUM,3
4084,CCONJ NOUN INTJ,1
4085,AUX PRON INTJ,2
4086,VERB INTJ ADV,1
4087,ADJ CCONJ _,1
4088,PART SYM NOUN,2
4089,SYM NOUN X,2
4090,PUNCT NOUN SPACE,1
4091,NOUN SPACE PROPN,1
4092,SPACE PROPN VERB,1
4093,X VERB ADV,1
4094,INTJ VERB AUX,1
4095,INTJ PROPN ADJ,1
4096,AUX INTJ INTJ,1
4097,CCONJ CCONJ SCONJ,1
4098,SCONJ PART PROPN,1
4099,NUM ADV SYM,1
4100,INTJ PROPN INTJ,1
4101,SYM CCONJ PUNCT,1
4102,SCONJ CCONJ AUX,1
4103,AUX SYM ADV,1
4104,VERB SYM CCONJ,1
4105,SYM CCONJ X,1
4106,INTJ INTJ PART,1
4107,ADV ADJ X,1
4108,CCONJ AUX SYM,1
4109,X NUM PUNCT,1
4110,INTJ SYM ADJ,1
4111,DET INTJ PROPN,1
4112,X ADJ ADP,1
4113,NUM PROPN X,1
4114,DET AUX INTJ,1
4115,AUX INTJ SCONJ,1
4116,ADP PART PROPN,1
4117,CCONJ SYM X,2
4118,VERB SYM ADV,1
4119,SYM ADV VERB,1
4120,INTJ ADP PRON,1
4121,NUM PRON SCONJ,1
